account_id,company_name,industry,country,plan,subscription_status,mrr,seats,user_count,users_per_seat,ticket_count,avg_satisfaction,avg_resolution_hours,open_amount,uncollectible_amount,risk_points,health_score,health_segment,risk_reason_count,risk_reason_text,retention_priority,recommended_action,active_at_risk,active_revenue_at_risk
115359,JetMetrics Software,Financial Services,Netherlands,Starter,active,36.0,3,3,1.0,7.0,4.29,29.77,0.0,0.0,3,50.0,At Risk,3,Low customer engagement | Lower commercial value | High-priority support activity,High Priority,Product adoption / onboarding intervention,1,36.0
596031,LaunchPad HQ Holdings,Healthcare,Australia,Growth,active,288.0,12,11,0.92,6.0,5.0,24.74,294.63,286.79,3,50.0,At Risk,3,Payment / billing risk | High-priority support activity | Unresolved support issues,High Priority,Billing intervention,1,288.0
550131,NodeSync Software,Retail,Germany,Growth,active,840.0,35,35,1.0,7.0,3.8,52.1,780.35,836.36,3,50.0,At Risk,3,Payment / billing risk | High-priority support activity | Unresolved support issues,High Priority,Billing intervention,1,840.0
290736,Relay Systems,Manufacturing,Canada,Enterprise,active,14852.0,188,108,0.57,4.0,4.0,16.8,15136.13,0.0,2,67.0,Watch,2,Payment / billing risk | High-priority support activity,Monitor,Billing intervention,1,14852.0
154626,EdgeFlow Technologies Systems 1,Healthcare,India,Growth,active,648.0,27,20,0.74,2.0,5.0,68.7,1366.06,0.0,2,67.0,Watch,2,Payment / billing risk | High-priority support activity,Monitor,Billing intervention,1,648.0
697547,TriggerPoint,Software,Brazil,Growth,active,360.0,15,9,0.6,4.0,4.5,77.73,730.83,0.0,2,67.0,Watch,2,Payment / billing risk | High-priority support activity,Monitor,Billing intervention,1,360.0
876549,Gradient Labs Analytics 1,Logistics,Netherlands,Growth,active,696.0,29,27,0.93,5.0,5.0,33.38,0.0,0.0,2,67.0,Watch,2,High-priority support activity | Unresolved support issues,Monitor,Support escalation,1,696.0
462096,Keystroke AI Collective 1,Manufacturing,Japan,Business,active,3564.0,81,68,0.84,6.0,2.75,62.1,0.0,0.0,2,67.0,Watch,2,Unresolved support issues | Low customer satisfaction,Monitor,Customer success follow-up,1,3564.0
991572,Unified Ops Holdings 1,Education,India,Growth,active,360.0,15,11,0.73,6.0,4.4,51.34,346.4,381.16,3,50.0,At Risk,3,Payment / billing risk | High-priority support activity | Unresolved support issues,High Priority,Billing intervention,1,360.0
150144,Relay Systems Group 1,Education,United Kingdom,Starter,active,144.0,12,8,0.67,11.0,4.6,20.37,0.0,0.0,3,50.0,At Risk,3,Lower commercial value | High-priority support activity | Unresolved support issues,High Priority,Support escalation,1,144.0
344893,Beacon Software Software 1,Software,Canada,Business,active,2816.0,64,39,0.61,7.0,3.71,22.11,2899.01,0.0,2,67.0,Watch,2,Payment / billing risk | High-priority support activity,Monitor,Billing intervention,1,2816.0
656283,InfraPoint Technologies 1,Financial Services,Japan,Growth,active,840.0,35,22,0.63,6.0,4.2,22.48,1468.22,794.89,3,50.0,At Risk,3,Payment / billing risk | High-priority support activity | Unresolved support issues,High Priority,Billing intervention,1,840.0
373043,Keystroke AI Software 1,Retail,France,Starter,active,36.0,3,2,0.67,4.0,3.75,17.48,0.0,0.0,3,50.0,At Risk,3,Low customer engagement | Lower commercial value | High-priority support activity,High Priority,Product adoption / onboarding intervention,1,36.0
676614,VaultStream Labs,Retail,Australia,Growth,active,408.0,17,10,0.59,5.0,3.8,39.02,0.0,439.11,2,67.0,Watch,2,Payment / billing risk | High-priority support activity,Monitor,Billing intervention,1,408.0
295334,MeshWorks Group 1,Healthcare,United States,Growth,active,528.0,22,19,0.86,4.0,4.0,47.33,1047.17,0.0,2,67.0,Watch,2,Payment / billing risk | Unresolved support issues,Monitor,Billing intervention,1,528.0
414105,Beacon Software,Logistics,Australia,Starter,active,72.0,6,5,0.83,10.0,3.88,59.29,72.75,0.0,5,17.0,Critical,5,Low customer engagement | Lower commercial value | Payment / billing risk | High-priority support activity | Unresolved support issues,Immediate Intervention,Billing intervention,1,72.0
872118,TriggerPoint Technologies,Financial Services,Japan,Enterprise,active,8611.0,109,77,0.71,3.0,4.67,52.33,0.0,8931.88,1,83.0,Healthy,1,Payment / billing risk,Low Priority,Billing intervention,0,0.0
749288,ZeroFriction Works,Software,Brazil,Business,churned,1848.0,42,36,0.86,5.0,4.6,45.52,0.0,0.0,1,83.0,Healthy,1,High-priority support activity,Not Active,Historical customer — analyse churn reason,0,0.0
843432,Lattice HQ Systems,Healthcare,Japan,Starter,past_due,24.0,2,1,0.5,6.0,4.4,26.38,24.06,0.0,5,17.0,Critical,5,Low customer engagement | Lower commercial value | Payment / billing risk | High-priority support activity | Unresolved support issues,Not Active,Historical customer — analyse churn reason,0,0.0
674609,GridLogic Industries 1,Retail,United States,Starter,active,72.0,6,4,0.67,7.0,4.17,22.53,145.62,0.0,5,17.0,Critical,5,Low customer engagement | Lower commercial value | Payment / billing risk | High-priority support activity | Unresolved support issues,Immediate Intervention,Billing intervention,1,72.0
714944,Lattice HQ Collective,Education,Germany,Growth,active,744.0,31,20,0.65,5.0,4.4,46.28,818.41,714.54,2,67.0,Watch,2,Payment / billing risk | High-priority support activity,Monitor,Billing intervention,1,744.0
284939,Envoy Platforms Digital 1,Software,France,Starter,trialing,72.0,6,4,0.67,6.0,4.6,35.6,78.28,0.0,4,33.0,Critical,4,Low customer engagement | Lower commercial value | Payment / billing risk | Unresolved support issues,Not Active,Historical customer — analyse churn reason,0,0.0
810858,HubStack Works,Healthcare,United Kingdom,Growth,active,264.0,11,8,0.73,6.0,5.0,26.8,0.0,0.0,2,67.0,Watch,2,High-priority support activity | Unresolved support issues,Monitor,Support escalation,1,264.0
789095,Momentum Tools Solutions,Healthcare,Germany,Starter,churned,72.0,6,3,0.5,5.0,4.4,26.58,69.82,0.0,4,33.0,Critical,4,Low customer engagement | Lower commercial value | Payment / billing risk | High-priority support activity,Not Active,Historical customer — analyse churn reason,0,0.0
822380,GridLogic Solutions,Retail,Brazil,Growth,active,288.0,12,10,0.83,2.0,4.0,48.7,921.32,0.0,1,83.0,Healthy,1,Payment / billing risk,Low Priority,Billing intervention,0,0.0
143529,Deployly Solutions,Software,Netherlands,Starter,active,84.0,7,4,0.57,6.0,4.5,19.85,0.0,0.0,3,50.0,At Risk,3,Low customer engagement | Lower commercial value | High-priority support activity,High Priority,Product adoption / onboarding intervention,1,84.0
734573,MeshWorks Solutions 1,Financial Services,India,Growth,active,624.0,26,25,0.96,3.0,4.33,42.8,621.51,0.0,1,83.0,Healthy,1,Payment / billing risk,Low Priority,Billing intervention,0,0.0
259373,PipelineIO Labs,Software,United States,Starter,active,72.0,6,5,0.83,4.0,4.75,60.85,0.0,0.0,3,50.0,At Risk,3,Low customer engagement | Lower commercial value | High-priority support activity,High Priority,Product adoption / onboarding intervention,1,72.0
487099,YieldMetrics Systems 1,Manufacturing,Netherlands,Starter,past_due,36.0,3,3,1.0,6.0,4.8,49.16,33.18,0.0,5,17.0,Critical,5,Low customer engagement | Lower commercial value | Payment / billing risk | High-priority support activity | Unresolved support issues,Not Active,Historical customer — analyse churn reason,0,0.0
875381,Junction Cloud Digital,Financial Services,Canada,Growth,active,816.0,34,30,0.88,4.0,3.0,36.23,731.34,748.11,4,33.0,Critical,4,Payment / billing risk | High-priority support activity | Unresolved support issues | Low customer satisfaction,Immediate Intervention,Billing intervention,1,816.0
644920,Junction Cloud Networks 1,Software,United States,Growth,active,600.0,25,17,0.68,6.0,3.67,69.75,1188.79,0.0,2,67.0,Watch,2,Payment / billing risk | High-priority support activity,Monitor,Billing intervention,1,600.0
815996,Junction Cloud Networks,Manufacturing,Japan,Growth,active,864.0,36,22,0.61,7.0,4.8,32.48,888.59,0.0,3,50.0,At Risk,3,Payment / billing risk | High-priority support activity | Unresolved support issues,High Priority,Billing intervention,1,864.0
481021,PipelineIO Digital,Logistics,United States,Starter,active,24.0,2,1,0.5,7.0,4.0,32.32,22.2,0.0,5,17.0,Critical,5,Low customer engagement | Lower commercial value | Payment / billing risk | High-priority support activity | Unresolved support issues,Immediate Intervention,Billing intervention,1,24.0
564779,Inline Systems Labs 1,Software,Netherlands,Starter,active,36.0,3,2,0.67,7.0,3.83,40.03,37.01,0.0,5,17.0,Critical,5,Low customer engagement | Lower commercial value | Payment / billing risk | High-priority support activity | Unresolved support issues,Immediate Intervention,Billing intervention,1,36.0
554320,Envoy Platforms Collective,Financial Services,Canada,Business,active,3608.0,82,60,0.73,0.0,,,3257.59,3687.95,1,83.0,Healthy,1,Payment / billing risk,Low Priority,Billing intervention,0,0.0
679023,HubStack Partners 1,Logistics,France,Starter,active,36.0,3,2,0.67,4.0,2.0,26.83,0.0,0.0,4,33.0,Critical,4,Low customer engagement | Lower commercial value | High-priority support activity | Low customer satisfaction,Immediate Intervention,Product adoption / onboarding intervention,1,36.0
600507,Axiom Labs Analytics,Healthcare,Netherlands,Growth,active,384.0,16,9,0.56,4.0,3.5,27.2,758.3,0.0,2,67.0,Watch,2,Payment / billing risk | High-priority support activity,Monitor,Billing intervention,1,384.0
445138,Momentum Tools Technologies,Manufacturing,Canada,Starter,active,132.0,11,10,0.91,5.0,4.0,20.33,144.76,0.0,4,33.0,Critical,4,Lower commercial value | Payment / billing risk | High-priority support activity | Unresolved support issues,Immediate Intervention,Billing intervention,1,132.0
928274,EdgeFlow Technologies Analytics 1,Software,Netherlands,Growth,active,480.0,20,16,0.8,3.0,5.0,58.93,0.0,0.0,1,83.0,Healthy,1,High-priority support activity,Low Priority,Support escalation,0,0.0
950959,Omnisend Software,Education,Australia,Growth,active,1224.0,51,35,0.69,5.0,4.2,50.88,3611.49,0.0,1,83.0,Healthy,1,Payment / billing risk,Low Priority,Billing intervention,0,0.0
176018,CloudPeak Systems Works,Financial Services,Brazil,Growth,active,696.0,29,24,0.83,1.0,4.0,17.8,0.0,0.0,1,83.0,Healthy,1,High-priority support activity,Low Priority,Support escalation,0,0.0
952105,DataBridge Pro Technologies,Manufacturing,United Kingdom,Growth,active,600.0,25,18,0.72,2.0,5.0,43.4,584.73,0.0,2,67.0,Watch,2,Payment / billing risk | Unresolved support issues,Monitor,Billing intervention,1,600.0
820834,StackBase Group 2,Retail,United States,Growth,active,672.0,28,19,0.68,5.0,4.5,48.45,0.0,668.35,2,67.0,Watch,2,Payment / billing risk | Unresolved support issues,Monitor,Billing intervention,1,672.0
149208,Relay Systems Analytics 1,Financial Services,Netherlands,Starter,active,48.0,4,4,1.0,4.0,5.0,37.7,0.0,48.23,4,33.0,Critical,4,Low customer engagement | Lower commercial value | Payment / billing risk | High-priority support activity,Immediate Intervention,Billing intervention,1,48.0
865573,EdgeFlow Technologies Digital,Financial Services,Germany,Starter,active,108.0,9,8,0.89,8.0,4.14,35.97,0.0,0.0,3,50.0,At Risk,3,Lower commercial value | High-priority support activity | Unresolved support issues,High Priority,Support escalation,1,108.0
783281,Junction Cloud Industries,Software,United States,Starter,active,36.0,3,3,1.0,4.0,3.75,19.3,0.0,0.0,3,50.0,At Risk,3,Low customer engagement | Lower commercial value | High-priority support activity,High Priority,Product adoption / onboarding intervention,1,36.0
664655,EdgeFlow Technologies Group,Retail,Germany,Starter,active,72.0,6,6,1.0,3.0,3.0,37.3,0.0,0.0,2,67.0,Watch,2,Lower commercial value | Low customer satisfaction,Monitor,Customer success follow-up,1,72.0
380284,Beacon Software Technologies 1,Retail,Japan,Business,trialing,5280.0,120,90,0.75,11.0,4.2,37.09,0.0,0.0,2,67.0,Watch,2,High-priority support activity | Unresolved support issues,Not Active,Historical customer — analyse churn reason,0,0.0
661510,Axiom Labs Group 1,Financial Services,Japan,Growth,active,528.0,22,15,0.68,4.0,4.25,49.88,0.0,0.0,1,83.0,Healthy,1,High-priority support activity,Low Priority,Support escalation,0,0.0
359748,InfraPoint Labs 2,Software,United Kingdom,Growth,active,600.0,25,23,0.92,4.0,4.5,29.23,1787.16,0.0,2,67.0,Watch,2,Payment / billing risk | High-priority support activity,Monitor,Billing intervention,1,600.0
725693,HorizonSaaS Networks 1,Education,Netherlands,Growth,active,288.0,12,8,0.67,3.0,5.0,41.87,305.02,0.0,1,83.0,Healthy,1,Payment / billing risk,Low Priority,Billing intervention,0,0.0
351485,NexusOne Solutions 1,Software,France,Starter,active,12.0,1,1,1.0,5.0,4.5,29.38,36.82,12.25,5,17.0,Critical,5,Low customer engagement | Lower commercial value | Payment / billing risk | High-priority support activity | Unresolved support issues,Immediate Intervention,Billing intervention,1,12.0
687763,QueryForge Networks,Education,Netherlands,Growth,active,408.0,17,10,0.59,2.0,4.5,32.2,0.0,0.0,0,100.0,Healthy,1,No major risk signal detected,Low Priority,Routine customer monitoring,0,0.0
216067,Kinetic AI Technologies 1,Retail,United States,Growth,active,336.0,14,9,0.64,7.0,3.71,32.24,0.0,0.0,1,83.0,Healthy,1,High-priority support activity,Low Priority,Support escalation,0,0.0
919974,VaultStream Systems 1,Financial Services,Netherlands,Business,active,2816.0,64,39,0.61,5.0,4.0,24.4,0.0,2355.87,2,67.0,Watch,2,Payment / billing risk | High-priority support activity,Monitor,Billing intervention,1,2816.0
535256,InfraPoint Industries 1,Software,Canada,Growth,active,480.0,20,14,0.7,5.0,3.8,38.04,0.0,484.54,2,67.0,Watch,2,Payment / billing risk | High-priority support activity,Monitor,Billing intervention,1,480.0
679810,VaultStream Digital,Retail,Canada,Growth,active,552.0,23,20,0.87,12.0,4.0,50.75,545.35,579.27,2,67.0,Watch,2,Payment / billing risk | High-priority support activity,Monitor,Billing intervention,1,552.0
972041,Xenon Analytics Industries,Software,India,Growth,active,576.0,24,17,0.71,4.0,4.5,23.53,600.43,0.0,2,67.0,Watch,2,Payment / billing risk | High-priority support activity,Monitor,Billing intervention,1,576.0
823165,VaultStream Holdings,Software,France,Starter,past_due,72.0,6,5,0.83,6.0,4.25,34.25,68.17,0.0,4,33.0,Critical,4,Low customer engagement | Lower commercial value | Payment / billing risk | Unresolved support issues,Not Active,Historical customer — analyse churn reason,0,0.0
734926,WorksiteOS Software,Education,Australia,Starter,active,120.0,10,6,0.6,5.0,3.75,32.28,126.15,0.0,4,33.0,Critical,4,Lower commercial value | Payment / billing risk | High-priority support activity | Unresolved support issues,Immediate Intervention,Billing intervention,1,120.0
802565,Omnisend Collective,Financial Services,Canada,Business,active,2948.0,67,63,0.94,4.0,4.67,55.77,2646.33,2636.89,3,50.0,At Risk,3,Payment / billing risk | High-priority support activity | Unresolved support issues,High Priority,Billing intervention,1,2948.0
727732,LaunchPad HQ Digital,Retail,Brazil,Starter,active,48.0,4,2,0.5,6.0,4.17,30.92,0.0,0.0,3,50.0,At Risk,3,Low customer engagement | Lower commercial value | High-priority support activity,High Priority,Product adoption / onboarding intervention,1,48.0
580435,YieldMetrics Labs 1,Education,United States,Growth,active,600.0,25,17,0.68,7.0,3.83,41.8,562.47,559.99,3,50.0,At Risk,3,Payment / billing risk | High-priority support activity | Unresolved support issues,High Priority,Billing intervention,1,600.0
588070,QueryForge Collective,Financial Services,Japan,Growth,active,264.0,11,9,0.82,7.0,3.86,28.2,0.0,0.0,1,83.0,Healthy,1,High-priority support activity,Low Priority,Support escalation,0,0.0
727242,Deployly Digital,Education,Germany,Starter,active,108.0,9,7,0.78,7.0,4.2,50.58,0.0,0.0,3,50.0,At Risk,3,Lower commercial value | High-priority support activity | Unresolved support issues,High Priority,Support escalation,1,108.0
155975,Relay Systems Networks 1,Software,Australia,Growth,active,864.0,36,30,0.83,8.0,4.29,25.73,0.0,0.0,2,67.0,Watch,2,High-priority support activity | Unresolved support issues,Monitor,Support escalation,1,864.0
631589,ZeroFriction Industries,Manufacturing,United Kingdom,Growth,churned,504.0,21,14,0.67,1.0,4.0,64.4,1504.57,0.0,1,83.0,Healthy,1,Payment / billing risk,Not Active,Historical customer — analyse churn reason,0,0.0
186866,StackBase Systems 2,Software,Canada,Growth,active,408.0,17,14,0.82,4.0,4.0,41.58,389.88,0.0,2,67.0,Watch,2,Payment / billing risk | High-priority support activity,Monitor,Billing intervention,1,408.0
622939,Kinetic AI Networks 1,Software,India,Growth,active,504.0,21,19,0.9,5.0,4.25,50.03,475.05,0.0,3,50.0,At Risk,3,Payment / billing risk | High-priority support activity | Unresolved support issues,High Priority,Billing intervention,1,504.0
621013,Gradient Labs Industries 1,Manufacturing,India,Starter,active,36.0,3,3,1.0,3.0,4.67,40.73,68.68,34.18,3,50.0,At Risk,3,Low customer engagement | Lower commercial value | Payment / billing risk,High Priority,Billing intervention,1,36.0
495640,MeshWorks Software,Financial Services,Germany,Starter,active,96.0,8,5,0.63,3.0,4.0,29.47,303.47,0.0,4,33.0,Critical,4,Low customer engagement | Lower commercial value | Payment / billing risk | High-priority support activity,Immediate Intervention,Billing intervention,1,96.0
787021,WorksiteOS Solutions,Software,Brazil,Starter,active,72.0,6,5,0.83,4.0,3.75,61.03,149.39,146.04,4,33.0,Critical,4,Low customer engagement | Lower commercial value | Payment / billing risk | High-priority support activity,Immediate Intervention,Billing intervention,1,72.0
318162,Junction Cloud Systems,Logistics,Japan,Growth,active,240.0,10,9,0.9,5.0,2.5,58.73,254.91,731.2,5,17.0,Critical,5,Lower commercial value | Payment / billing risk | High-priority support activity | Unresolved support issues | Low customer satisfaction,Immediate Intervention,Billing intervention,1,240.0
606858,Axiom Labs Software 1,Manufacturing,India,Starter,active,60.0,5,4,0.8,5.0,3.8,48.08,0.0,0.0,2,67.0,Watch,2,Low customer engagement | Lower commercial value,Monitor,Product adoption / onboarding intervention,1,60.0
139051,EdgeFlow Technologies Technologies,Software,Japan,Starter,active,36.0,3,3,1.0,3.0,4.5,53.1,36.97,0.0,4,33.0,Critical,4,Low customer engagement | Lower commercial value | Payment / billing risk | Unresolved support issues,Immediate Intervention,Billing intervention,1,36.0
911267,WorksiteOS Partners,Manufacturing,United Kingdom,Business,active,2728.0,62,36,0.58,7.0,3.71,50.41,8020.93,0.0,2,67.0,Watch,2,Payment / billing risk | High-priority support activity,Monitor,Billing intervention,1,2728.0
942304,HubStack Holdings,Manufacturing,United Kingdom,Business,active,5148.0,117,94,0.8,7.0,4.67,62.75,0.0,4945.16,2,67.0,Watch,2,Payment / billing risk | Unresolved support issues,Monitor,Billing intervention,1,5148.0
567817,Axiom Labs Group,Financial Services,India,Starter,churned,48.0,4,3,0.75,4.0,4.67,40.23,0.0,0.0,4,33.0,Critical,4,Low customer engagement | Lower commercial value | High-priority support activity | Unresolved support issues,Not Active,Historical customer — analyse churn reason,0,0.0
346678,StackBase Software 1,Education,Canada,Growth,active,408.0,17,11,0.65,5.0,4.6,52.14,361.59,0.0,1,83.0,Healthy,1,Payment / billing risk,Low Priority,Billing intervention,0,0.0
600806,FunnelSoft Systems 1,Software,Netherlands,Starter,active,72.0,6,5,0.83,4.0,4.5,32.73,71.17,0.0,4,33.0,Critical,4,Low customer engagement | Lower commercial value | Payment / billing risk | High-priority support activity,Immediate Intervention,Billing intervention,1,72.0
750844,MeshWorks Analytics 1,Logistics,Australia,Growth,trialing,696.0,29,16,0.55,2.0,4.0,34.35,0.0,0.0,1,83.0,Healthy,1,High-priority support activity,Not Active,Historical customer — analyse churn reason,0,0.0
725268,GridLogic Systems 1,Software,Japan,Growth,active,264.0,11,10,0.91,4.0,3.0,21.13,0.0,0.0,3,50.0,At Risk,3,High-priority support activity | Unresolved support issues | Low customer satisfaction,High Priority,Customer success follow-up,1,264.0
262660,Keystroke AI Digital 1,Financial Services,Germany,Growth,active,192.0,8,6,0.75,5.0,4.6,34.64,0.0,0.0,2,67.0,Watch,2,Lower commercial value | High-priority support activity,Monitor,Support escalation,1,192.0
995264,Junction Cloud Solutions,Software,United States,Starter,active,72.0,6,6,1.0,4.0,3.5,28.78,0.0,0.0,2,67.0,Watch,2,Lower commercial value | High-priority support activity,Monitor,Support escalation,1,72.0
511470,HubStack Labs 2,Manufacturing,Japan,Business,trialing,4268.0,97,61,0.63,4.0,3.75,35.83,4354.81,0.0,2,67.0,Watch,2,Payment / billing risk | High-priority support activity,Not Active,Historical customer — analyse churn reason,0,0.0
271313,Envoy Platforms Technologies,Retail,India,Growth,active,984.0,41,30,0.73,8.0,4.0,34.74,2042.82,978.27,3,50.0,At Risk,3,Payment / billing risk | High-priority support activity | Unresolved support issues,High Priority,Billing intervention,1,984.0
378343,Relay Systems Collective,Software,France,Growth,active,552.0,23,18,0.78,6.0,3.83,36.03,651.55,0.0,2,67.0,Watch,2,Payment / billing risk | High-priority support activity,Monitor,Billing intervention,1,552.0
870377,NexusOne Digital 1,Software,United States,Starter,churned,36.0,3,2,0.67,1.0,5.0,5.5,0.0,0.0,3,50.0,At Risk,3,Low customer engagement | Lower commercial value | High-priority support activity,Not Active,Historical customer — analyse churn reason,0,0.0
380358,Relay Systems Digital,Retail,Canada,Starter,active,84.0,7,6,0.86,9.0,4.33,39.79,80.61,0.0,3,50.0,At Risk,3,Lower commercial value | Payment / billing risk | High-priority support activity,High Priority,Billing intervention,1,84.0
686916,Gradient Labs Industries,Financial Services,India,Business,active,3740.0,85,73,0.86,4.0,4.5,12.75,7670.07,3696.84,2,67.0,Watch,2,Payment / billing risk | High-priority support activity,Monitor,Billing intervention,1,3740.0
901613,Basecamp Analytics Industries,Software,Germany,Starter,past_due,60.0,5,4,0.8,3.0,3.67,46.9,0.0,0.0,3,50.0,At Risk,3,Low customer engagement | Lower commercial value | High-priority support activity,Not Active,Historical customer — analyse churn reason,0,0.0
402163,Omnisend Digital,Financial Services,Brazil,Starter,active,60.0,5,5,1.0,4.0,4.0,21.7,0.0,0.0,4,33.0,Critical,4,Low customer engagement | Lower commercial value | High-priority support activity | Unresolved support issues,Immediate Intervention,Product adoption / onboarding intervention,1,60.0
262565,Gradient Labs Group,Healthcare,Germany,Growth,active,552.0,23,18,0.78,10.0,3.1,41.02,0.0,1110.3,3,50.0,At Risk,3,Payment / billing risk | High-priority support activity | Low customer satisfaction,High Priority,Billing intervention,1,552.0
363409,LaunchPad HQ,Financial Services,Canada,Growth,active,672.0,28,17,0.61,4.0,5.0,14.95,636.74,0.0,3,50.0,At Risk,3,Payment / billing risk | High-priority support activity | Unresolved support issues,High Priority,Billing intervention,1,672.0
409157,Unified Ops Analytics 2,Healthcare,Brazil,Starter,trialing,60.0,5,3,0.6,9.0,4.25,40.43,0.0,0.0,4,33.0,Critical,4,Low customer engagement | Lower commercial value | High-priority support activity | Unresolved support issues,Not Active,Historical customer — analyse churn reason,0,0.0
847327,HubStack Networks,Healthcare,Germany,Growth,active,816.0,34,23,0.68,3.0,3.33,12.27,1682.26,0.0,3,50.0,At Risk,3,Payment / billing risk | High-priority support activity | Low customer satisfaction,High Priority,Billing intervention,1,816.0
382519,DataBridge Pro Solutions 1,Healthcare,India,Starter,active,156.0,13,7,0.54,2.0,5.0,69.65,0.0,0.0,1,83.0,Healthy,1,Lower commercial value,Low Priority,Engagement and value review,0,0.0
520785,EdgeFlow Technologies Analytics,Manufacturing,Germany,Starter,active,36.0,3,3,1.0,4.0,5.0,49.13,0.0,0.0,3,50.0,At Risk,3,Low customer engagement | Lower commercial value | Unresolved support issues,High Priority,Product adoption / onboarding intervention,1,36.0
676603,Keystroke AI Group 2,Software,India,Growth,trialing,264.0,11,10,0.91,7.0,4.43,41.97,248.71,0.0,2,67.0,Watch,2,Payment / billing risk | High-priority support activity,Not Active,Historical customer — analyse churn reason,0,0.0
372638,Omnisend Networks 1,Healthcare,Germany,Starter,active,36.0,3,2,0.67,2.0,4.0,47.0,0.0,0.0,2,67.0,Watch,2,Low customer engagement | Lower commercial value,Monitor,Product adoption / onboarding intervention,1,36.0
139085,Omnisend Solutions 1,Education,Germany,Starter,active,36.0,3,2,0.67,2.0,5.0,39.9,40.0,34.43,3,50.0,At Risk,3,Low customer engagement | Lower commercial value | Payment / billing risk,High Priority,Billing intervention,1,36.0
782122,Catalyst CRM Digital 1,Logistics,France,Starter,active,36.0,3,2,0.67,6.0,4.33,18.4,0.0,0.0,3,50.0,At Risk,3,Low customer engagement | Lower commercial value | High-priority support activity,High Priority,Product adoption / onboarding intervention,1,36.0
862228,Relay Systems Systems 2,Healthcare,Brazil,Starter,active,24.0,2,1,0.5,4.0,4.5,17.4,24.94,0.0,5,17.0,Critical,5,Low customer engagement | Lower commercial value | Payment / billing risk | High-priority support activity | Unresolved support issues,Immediate Intervention,Billing intervention,1,24.0
553898,Amplitude Corp Labs 1,Software,United States,Starter,active,96.0,8,6,0.75,3.0,4.0,55.8,0.0,0.0,2,67.0,Watch,2,Lower commercial value | High-priority support activity,Monitor,Support escalation,1,96.0
280961,NodeSync Technologies 1,Software,Brazil,Growth,active,288.0,12,9,0.75,3.0,3.5,31.0,0.0,0.0,1,83.0,Healthy,1,Unresolved support issues,Low Priority,Resolve outstanding support issues,0,0.0
364714,Momentum Tools Group 1,Financial Services,United States,Starter,active,96.0,8,8,1.0,6.0,4.67,48.1,90.94,0.0,3,50.0,At Risk,3,Lower commercial value | Payment / billing risk | High-priority support activity,High Priority,Billing intervention,1,96.0
670800,StackBase Group,Education,France,Growth,active,288.0,12,8,0.67,2.0,5.0,19.2,0.0,0.0,1,83.0,Healthy,1,High-priority support activity,Low Priority,Support escalation,0,0.0
629593,PipelineIO Collective,Retail,United Kingdom,Business,active,2552.0,58,55,0.95,3.0,3.0,21.6,2631.35,0.0,3,50.0,At Risk,3,Payment / billing risk | High-priority support activity | Low customer satisfaction,High Priority,Billing intervention,1,2552.0
662010,QueryForge Partners 1,Education,Netherlands,Starter,active,48.0,4,2,0.5,6.0,4.25,43.53,94.93,0.0,5,17.0,Critical,5,Low customer engagement | Lower commercial value | Payment / billing risk | High-priority support activity | Unresolved support issues,Immediate Intervention,Billing intervention,1,48.0
358468,Relay Systems Collective 1,Healthcare,Germany,Growth,active,384.0,16,14,0.88,10.0,4.38,51.13,370.54,362.31,3,50.0,At Risk,3,Payment / billing risk | High-priority support activity | Unresolved support issues,High Priority,Billing intervention,1,384.0
150235,VaultStream Works,Education,United Kingdom,Starter,active,48.0,4,3,0.75,4.0,4.0,42.88,39.88,0.0,4,33.0,Critical,4,Low customer engagement | Lower commercial value | Payment / billing risk | High-priority support activity,Immediate Intervention,Billing intervention,1,48.0
339409,Amplitude Corp Works,Financial Services,Canada,Starter,active,72.0,6,3,0.5,8.0,3.88,42.13,69.98,0.0,4,33.0,Critical,4,Low customer engagement | Lower commercial value | Payment / billing risk | High-priority support activity,Immediate Intervention,Billing intervention,1,72.0
817805,TriggerPoint Networks,Retail,Japan,Growth,active,528.0,22,21,0.95,5.0,4.4,41.88,540.57,0.0,2,67.0,Watch,2,Payment / billing risk | High-priority support activity,Monitor,Billing intervention,1,528.0
375756,ZeroFriction Collective 1,Logistics,Canada,Growth,active,600.0,25,15,0.6,8.0,4.0,48.35,1228.55,0.0,2,67.0,Watch,2,Payment / billing risk | High-priority support activity,Monitor,Billing intervention,1,600.0
661655,InfraPoint,Retail,Netherlands,Starter,past_due,60.0,5,4,0.8,5.0,4.2,39.24,0.0,0.0,3,50.0,At Risk,3,Low customer engagement | Lower commercial value | High-priority support activity,Not Active,Historical customer — analyse churn reason,0,0.0
861636,Envoy Platforms Systems,Financial Services,Canada,Growth,active,432.0,18,16,0.89,2.0,4.0,32.5,0.0,0.0,0,100.0,Healthy,1,No major risk signal detected,Low Priority,Routine customer monitoring,0,0.0
705867,Relay Systems Holdings 1,Manufacturing,Canada,Business,trialing,3960.0,90,63,0.7,9.0,3.75,45.21,0.0,0.0,2,67.0,Watch,2,High-priority support activity | Unresolved support issues,Not Active,Historical customer — analyse churn reason,0,0.0
831303,Unified Ops Holdings,Software,France,Growth,active,216.0,9,7,0.78,4.0,4.5,35.08,0.0,0.0,2,67.0,Watch,2,Lower commercial value | High-priority support activity,Monitor,Support escalation,1,216.0
642899,PipelineIO Solutions,Financial Services,Germany,Starter,active,72.0,6,4,0.67,2.0,4.0,48.65,75.62,0.0,3,50.0,At Risk,3,Low customer engagement | Lower commercial value | Payment / billing risk,High Priority,Billing intervention,1,72.0
119663,Amplitude Corp Labs,Software,Brazil,Business,active,3388.0,77,59,0.77,4.0,3.25,40.68,0.0,0.0,2,67.0,Watch,2,High-priority support activity | Low customer satisfaction,Monitor,Customer success follow-up,1,3388.0
818984,Amplitude Corp Partners,Retail,Brazil,Business,churned,1804.0,41,38,0.93,4.0,4.0,30.05,3832.03,1868.3,2,67.0,Watch,2,Payment / billing risk | High-priority support activity,Not Active,Historical customer — analyse churn reason,0,0.0
148986,DataBridge Pro Labs 1,Healthcare,France,Starter,active,168.0,14,11,0.79,2.0,4.5,55.95,0.0,0.0,2,67.0,Watch,2,Lower commercial value | High-priority support activity,Monitor,Support escalation,1,168.0
699585,Deployly,Logistics,Japan,Growth,active,168.0,7,5,0.71,5.0,4.5,29.3,168.07,0.0,5,17.0,Critical,5,Low customer engagement | Lower commercial value | Payment / billing risk | High-priority support activity | Unresolved support issues,Immediate Intervention,Billing intervention,1,168.0
592127,Deployly Solutions 1,Software,Netherlands,Starter,past_due,36.0,3,2,0.67,3.0,4.5,29.7,0.0,0.0,4,33.0,Critical,4,Low customer engagement | Lower commercial value | High-priority support activity | Unresolved support issues,Not Active,Historical customer — analyse churn reason,0,0.0
260444,Catalyst CRM Software 1,Software,Germany,Growth,active,768.0,32,29,0.91,3.0,4.33,46.03,0.0,0.0,1,83.0,Healthy,1,High-priority support activity,Low Priority,Support escalation,0,0.0
247268,Amplitude Corp Analytics,Manufacturing,France,Growth,active,528.0,22,15,0.68,4.0,4.75,12.28,0.0,514.99,2,67.0,Watch,2,Payment / billing risk | High-priority support activity,Monitor,Billing intervention,1,528.0
696751,Amplitude Corp Systems 2,Financial Services,United States,Starter,past_due,72.0,6,6,1.0,6.0,4.17,29.18,0.0,151.28,3,50.0,At Risk,3,Lower commercial value | Payment / billing risk | High-priority support activity,Not Active,Historical customer — analyse churn reason,0,0.0
436381,EdgeFlow Technologies Networks,Financial Services,France,Starter,active,60.0,5,4,0.8,8.0,4.29,41.79,60.27,0.0,5,17.0,Critical,5,Low customer engagement | Lower commercial value | Payment / billing risk | High-priority support activity | Unresolved support issues,Immediate Intervention,Billing intervention,1,60.0
335130,EdgeFlow Technologies Group 1,Financial Services,Australia,Growth,churned,168.0,7,5,0.71,3.0,4.33,20.63,0.0,0.0,3,50.0,At Risk,3,Low customer engagement | Lower commercial value | High-priority support activity,Not Active,Historical customer — analyse churn reason,0,0.0
237614,ZeroFriction Networks 1,Healthcare,Australia,Growth,churned,600.0,25,14,0.56,4.0,4.75,12.65,573.01,0.0,2,67.0,Watch,2,Payment / billing risk | High-priority support activity,Not Active,Historical customer — analyse churn reason,0,0.0
689786,HorizonSaaS Systems,Manufacturing,Japan,Starter,active,48.0,4,4,1.0,6.0,4.17,27.07,49.37,0.0,4,33.0,Critical,4,Low customer engagement | Lower commercial value | Payment / billing risk | High-priority support activity,Immediate Intervention,Billing intervention,1,48.0
862941,StackBase Technologies 1,Software,France,Growth,active,384.0,16,11,0.69,1.0,5.0,15.9,0.0,0.0,1,83.0,Healthy,1,High-priority support activity,Low Priority,Support escalation,0,0.0
269728,Inline Systems Software 1,Healthcare,United Kingdom,Business,active,3300.0,75,47,0.63,8.0,4.5,32.3,0.0,0.0,1,83.0,Healthy,1,High-priority support activity,Low Priority,Support escalation,0,0.0
791336,NexusOne Group 2,Healthcare,France,Growth,active,504.0,21,18,0.86,4.0,4.75,41.95,0.0,532.43,2,67.0,Watch,2,Payment / billing risk | High-priority support activity,Monitor,Billing intervention,1,504.0
713866,NexusOne Systems 1,Manufacturing,Japan,Growth,active,720.0,30,28,0.93,3.0,4.0,41.13,0.0,0.0,1,83.0,Healthy,1,High-priority support activity,Low Priority,Support escalation,0,0.0
493447,CloudPeak Systems Networks 1,Software,Canada,Business,active,2288.0,52,30,0.58,4.0,4.5,30.35,2068.83,0.0,2,67.0,Watch,2,Payment / billing risk | High-priority support activity,Monitor,Billing intervention,1,2288.0
647876,YieldMetrics Digital,Retail,India,Growth,active,264.0,11,10,0.91,7.0,3.5,27.2,0.0,237.26,3,50.0,At Risk,3,Payment / billing risk | High-priority support activity | Unresolved support issues,High Priority,Billing intervention,1,264.0
943067,Lattice HQ Group,Education,United States,Growth,active,456.0,19,14,0.74,5.0,3.6,59.04,0.0,0.0,0,100.0,Healthy,1,No major risk signal detected,Low Priority,Routine customer monitoring,0,0.0
966960,Amplitude Corp Group 2,Software,United Kingdom,Growth,active,744.0,31,27,0.87,6.0,4.0,32.3,711.8,0.0,3,50.0,At Risk,3,Payment / billing risk | High-priority support activity | Unresolved support issues,High Priority,Billing intervention,1,744.0
200631,StackBase Networks,Education,Germany,Growth,active,240.0,10,7,0.7,3.0,4.0,25.57,0.0,0.0,1,83.0,Healthy,1,Lower commercial value,Low Priority,Engagement and value review,0,0.0
962759,QueryForge Solutions,Retail,Germany,Starter,churned,72.0,6,4,0.67,5.0,3.0,22.35,71.77,0.0,6,0.0,Critical,6,Low customer engagement | Lower commercial value | Payment / billing risk | High-priority support activity | Unresolved support issues | Low customer satisfaction,Not Active,Historical customer — analyse churn reason,0,0.0
531456,FlowState Technologies,Healthcare,France,Starter,active,84.0,7,4,0.57,4.0,3.67,22.37,238.25,0.0,5,17.0,Critical,5,Low customer engagement | Lower commercial value | Payment / billing risk | High-priority support activity | Unresolved support issues,Immediate Intervention,Billing intervention,1,84.0
856439,HorizonSaaS Digital 1,Software,Australia,Starter,active,72.0,6,5,0.83,4.0,4.0,45.7,66.59,0.0,3,50.0,At Risk,3,Low customer engagement | Lower commercial value | Payment / billing risk,High Priority,Billing intervention,1,72.0
504630,Amplitude Corp Software 2,Software,Germany,Growth,active,264.0,11,10,0.91,2.0,4.0,22.0,267.49,0.0,2,67.0,Watch,2,Payment / billing risk | High-priority support activity,Monitor,Billing intervention,1,264.0
729499,WorksiteOS Systems,Healthcare,United Kingdom,Growth,active,408.0,17,15,0.88,3.0,4.5,38.45,0.0,0.0,1,83.0,Healthy,1,Unresolved support issues,Low Priority,Resolve outstanding support issues,0,0.0
930786,InfraPoint Collective 1,Healthcare,Brazil,Growth,active,576.0,24,16,0.67,5.0,3.5,42.68,1171.06,0.0,3,50.0,At Risk,3,Payment / billing risk | High-priority support activity | Unresolved support issues,High Priority,Billing intervention,1,576.0
975237,NexusOne Labs 2,Education,India,Growth,churned,456.0,19,19,1.0,3.0,4.0,50.03,471.55,0.0,2,67.0,Watch,2,Payment / billing risk | High-priority support activity,Not Active,Historical customer — analyse churn reason,0,0.0
111647,TriggerPoint Software 1,Manufacturing,Canada,Enterprise,active,7900.0,100,55,0.55,3.0,4.67,28.03,8556.66,0.0,2,67.0,Watch,2,Payment / billing risk | High-priority support activity,Monitor,Billing intervention,1,7900.0
805943,NexusOne Systems 2,Financial Services,Japan,Starter,active,48.0,4,2,0.5,3.0,4.67,18.83,0.0,0.0,3,50.0,At Risk,3,Low customer engagement | Lower commercial value | High-priority support activity,High Priority,Product adoption / onboarding intervention,1,48.0
349808,InfraPoint Solutions 1,Software,Japan,Growth,active,408.0,17,16,0.94,3.0,3.33,40.17,359.6,0.0,2,67.0,Watch,2,Payment / billing risk | Low customer satisfaction,Monitor,Billing intervention,1,408.0
358134,YieldMetrics Software,Software,Germany,Business,active,1012.0,23,22,0.96,4.0,4.0,39.43,0.0,943.07,1,83.0,Healthy,1,Payment / billing risk,Low Priority,Billing intervention,0,0.0
989345,Relay Systems Solutions,Software,United States,Growth,active,168.0,7,6,0.86,5.0,4.4,60.3,0.0,172.83,3,50.0,At Risk,3,Lower commercial value | Payment / billing risk | High-priority support activity,High Priority,Billing intervention,1,168.0
203951,Unified Ops Industries 1,Software,United Kingdom,Growth,active,552.0,23,18,0.78,7.0,4.57,34.21,0.0,0.0,1,83.0,Healthy,1,High-priority support activity,Low Priority,Support escalation,0,0.0
685200,Gradient Labs Digital 1,Healthcare,Germany,Growth,active,480.0,20,13,0.65,4.0,4.25,22.43,499.29,0.0,2,67.0,Watch,2,Payment / billing risk | High-priority support activity,Monitor,Billing intervention,1,480.0
262678,Beacon Software Networks 1,Retail,Germany,Starter,active,84.0,7,4,0.57,6.0,4.5,39.15,166.36,0.0,4,33.0,Critical,4,Low customer engagement | Lower commercial value | Payment / billing risk | High-priority support activity,Immediate Intervention,Billing intervention,1,84.0
399159,Junction Cloud Partners 1,Software,Germany,Growth,active,192.0,8,6,0.75,6.0,3.8,29.02,0.0,0.0,3,50.0,At Risk,3,Lower commercial value | High-priority support activity | Unresolved support issues,High Priority,Support escalation,1,192.0
235164,Gradient Labs Collective 1,Financial Services,Netherlands,Growth,trialing,1320.0,55,39,0.71,6.0,4.6,38.74,0.0,1402.99,3,50.0,At Risk,3,Payment / billing risk | High-priority support activity | Unresolved support issues,Not Active,Historical customer — analyse churn reason,0,0.0
225448,Kinetic AI Labs 2,Healthcare,Netherlands,Business,churned,3520.0,80,64,0.8,4.0,3.67,22.67,0.0,0.0,2,67.0,Watch,2,High-priority support activity | Unresolved support issues,Not Active,Historical customer — analyse churn reason,0,0.0
800274,DataBridge Pro Technologies 1,Healthcare,India,Growth,active,624.0,26,24,0.92,3.0,4.0,47.03,0.0,0.0,1,83.0,Healthy,1,High-priority support activity,Low Priority,Support escalation,0,0.0
133243,Catalyst CRM Technologies 2,Healthcare,France,Starter,active,24.0,2,1,0.5,4.0,3.67,56.0,45.85,0.0,5,17.0,Critical,5,Low customer engagement | Lower commercial value | Payment / billing risk | High-priority support activity | Unresolved support issues,Immediate Intervention,Billing intervention,1,24.0
176599,YieldMetrics Systems,Manufacturing,Japan,Starter,active,60.0,5,5,1.0,6.0,4.0,43.82,0.0,0.0,3,50.0,At Risk,3,Low customer engagement | Lower commercial value | High-priority support activity,High Priority,Product adoption / onboarding intervention,1,60.0
302066,Basecamp Analytics Digital,Financial Services,Japan,Starter,active,84.0,7,7,1.0,5.0,4.2,27.34,81.56,0.0,3,50.0,At Risk,3,Lower commercial value | Payment / billing risk | High-priority support activity,High Priority,Billing intervention,1,84.0
704101,Inline Systems Analytics 1,Education,United Kingdom,Growth,active,672.0,28,23,0.82,6.0,4.6,49.88,0.0,0.0,2,67.0,Watch,2,High-priority support activity | Unresolved support issues,Monitor,Support escalation,1,672.0
298048,Relay Systems Software,Financial Services,Brazil,Starter,active,60.0,5,5,1.0,5.0,4.4,52.32,0.0,62.4,4,33.0,Critical,4,Low customer engagement | Lower commercial value | Payment / billing risk | High-priority support activity,Immediate Intervention,Billing intervention,1,60.0
870010,Beacon Software Collective 1,Financial Services,France,Growth,active,264.0,11,7,0.64,5.0,4.4,16.64,558.93,0.0,2,67.0,Watch,2,Payment / billing risk | High-priority support activity,Monitor,Billing intervention,1,264.0
731506,InfraPoint Systems 1,Software,Brazil,Starter,active,12.0,1,1,1.0,4.0,3.25,39.13,0.0,11.8,4,33.0,Critical,4,Low customer engagement | Lower commercial value | Payment / billing risk | Low customer satisfaction,Immediate Intervention,Billing intervention,1,12.0
263501,JetMetrics Analytics 1,Manufacturing,United States,Starter,active,48.0,4,4,1.0,3.0,3.5,24.95,0.0,0.0,3,50.0,At Risk,3,Low customer engagement | Lower commercial value | Unresolved support issues,High Priority,Product adoption / onboarding intervention,1,48.0
757349,Keystroke AI Digital 2,Manufacturing,Canada,Enterprise,past_due,12956.0,164,138,0.84,4.0,4.75,51.13,13146.42,0.0,1,83.0,Healthy,1,Payment / billing risk,Not Active,Historical customer — analyse churn reason,0,0.0
479390,FlowState Analytics,Healthcare,United States,Starter,churned,36.0,3,2,0.67,3.0,3.33,29.8,39.03,0.0,5,17.0,Critical,5,Low customer engagement | Lower commercial value | Payment / billing risk | High-priority support activity | Low customer satisfaction,Not Active,Historical customer — analyse churn reason,0,0.0
295167,StackBase Technologies,Healthcare,Germany,Starter,active,48.0,4,3,0.75,5.0,4.2,39.24,0.0,44.03,4,33.0,Critical,4,Low customer engagement | Lower commercial value | Payment / billing risk | High-priority support activity,Immediate Intervention,Billing intervention,1,48.0
286547,Gradient Labs Networks,Financial Services,United States,Starter,active,36.0,3,3,1.0,7.0,4.2,26.36,0.0,0.0,4,33.0,Critical,4,Low customer engagement | Lower commercial value | High-priority support activity | Unresolved support issues,Immediate Intervention,Product adoption / onboarding intervention,1,36.0
333795,HubStack Group,Financial Services,United States,Growth,active,600.0,25,20,0.8,8.0,3.75,59.7,1199.36,0.0,2,67.0,Watch,2,Payment / billing risk | High-priority support activity,Monitor,Billing intervention,1,600.0
177341,QueryForge Analytics,Healthcare,Brazil,Starter,active,120.0,10,8,0.8,10.0,2.71,34.79,0.0,118.95,5,17.0,Critical,5,Lower commercial value | Payment / billing risk | High-priority support activity | Unresolved support issues | Low customer satisfaction,Immediate Intervention,Billing intervention,1,120.0
475777,Catalyst CRM Networks 1,Logistics,Canada,Starter,active,48.0,4,3,0.75,4.0,3.0,15.83,46.63,0.0,6,0.0,Critical,6,Low customer engagement | Lower commercial value | Payment / billing risk | High-priority support activity | Unresolved support issues | Low customer satisfaction,Immediate Intervention,Billing intervention,1,48.0
175483,EdgeFlow Technologies,Software,Australia,Business,active,3872.0,88,50,0.57,3.0,3.5,58.5,3705.19,0.0,2,67.0,Watch,2,Payment / billing risk | Unresolved support issues,Monitor,Billing intervention,1,3872.0
470193,Inline Systems Solutions,Healthcare,Netherlands,Starter,active,72.0,6,4,0.67,5.0,4.2,60.98,0.0,0.0,3,50.0,At Risk,3,Low customer engagement | Lower commercial value | High-priority support activity,High Priority,Product adoption / onboarding intervention,1,72.0
888218,ZeroFriction Analytics,Software,Australia,Starter,active,48.0,4,4,1.0,3.0,3.67,43.13,47.69,0.0,3,50.0,At Risk,3,Low customer engagement | Lower commercial value | Payment / billing risk,High Priority,Billing intervention,1,48.0
761571,PipelineIO Group,Logistics,Australia,Starter,active,60.0,5,4,0.8,3.0,4.0,26.6,58.93,0.0,4,33.0,Critical,4,Low customer engagement | Lower commercial value | Payment / billing risk | Unresolved support issues,Immediate Intervention,Billing intervention,1,60.0
854166,HorizonSaaS Technologies 1,Manufacturing,Australia,Growth,active,528.0,22,14,0.64,4.0,4.0,54.03,0.0,0.0,2,67.0,Watch,2,High-priority support activity | Unresolved support issues,Monitor,Support escalation,1,528.0
210552,EdgeFlow Technologies Digital 1,Financial Services,United Kingdom,Business,active,3476.0,79,54,0.68,3.0,5.0,50.73,3580.29,3519.42,1,83.0,Healthy,1,Payment / billing risk,Low Priority,Billing intervention,0,0.0
479649,MeshWorks Holdings,Financial Services,Brazil,Starter,active,48.0,4,2,0.5,2.0,4.0,4.45,46.88,0.0,4,33.0,Critical,4,Low customer engagement | Lower commercial value | Payment / billing risk | High-priority support activity,Immediate Intervention,Billing intervention,1,48.0
511497,FlowState Labs 2,Manufacturing,United Kingdom,Growth,active,912.0,38,30,0.79,6.0,4.0,20.6,1735.42,897.69,3,50.0,At Risk,3,Payment / billing risk | High-priority support activity | Unresolved support issues,High Priority,Billing intervention,1,912.0
967030,Keystroke AI Networks,Healthcare,Australia,Growth,active,504.0,21,18,0.86,7.0,4.57,38.99,0.0,0.0,1,83.0,Healthy,1,High-priority support activity,Low Priority,Support escalation,0,0.0
381513,Kinetic AI Solutions,Manufacturing,United States,Starter,active,36.0,3,3,1.0,6.0,4.17,39.4,70.18,0.0,4,33.0,Critical,4,Low customer engagement | Lower commercial value | Payment / billing risk | High-priority support activity,Immediate Intervention,Billing intervention,1,36.0
342116,HubStack Labs,Software,United States,Starter,active,60.0,5,3,0.6,2.0,4.5,8.35,59.36,0.0,4,33.0,Critical,4,Low customer engagement | Lower commercial value | Payment / billing risk | High-priority support activity,Immediate Intervention,Billing intervention,1,60.0
141134,Kinetic AI Labs 1,Manufacturing,Australia,Starter,active,72.0,6,6,1.0,4.0,4.75,26.95,77.82,0.0,3,50.0,At Risk,3,Lower commercial value | Payment / billing risk | High-priority support activity,High Priority,Billing intervention,1,72.0
550331,InfraPoint Software 1,Healthcare,Germany,Starter,active,60.0,5,5,1.0,5.0,4.75,37.08,0.0,0.0,4,33.0,Critical,4,Low customer engagement | Lower commercial value | High-priority support activity | Unresolved support issues,Immediate Intervention,Product adoption / onboarding intervention,1,60.0
209357,CloudPeak Systems Software 1,Manufacturing,France,Starter,active,36.0,3,2,0.67,9.0,4.44,39.8,34.5,33.5,4,33.0,Critical,4,Low customer engagement | Lower commercial value | Payment / billing risk | High-priority support activity,Immediate Intervention,Billing intervention,1,36.0
262644,FunnelSoft Labs 1,Software,Japan,Growth,churned,1200.0,50,30,0.6,2.0,4.5,41.75,0.0,1206.82,1,83.0,Healthy,1,Payment / billing risk,Not Active,Historical customer — analyse churn reason,0,0.0
157411,FunnelSoft Labs,Financial Services,Germany,Business,active,4972.0,113,108,0.96,5.0,3.5,27.98,9367.53,0.0,3,50.0,At Risk,3,Payment / billing risk | High-priority support activity | Unresolved support issues,High Priority,Billing intervention,1,4972.0
398864,HorizonSaaS Group 1,Education,United States,Growth,active,576.0,24,15,0.63,3.0,3.0,15.6,0.0,0.0,2,67.0,Watch,2,High-priority support activity | Low customer satisfaction,Monitor,Customer success follow-up,1,576.0
634412,TriggerPoint Solutions 1,Software,Brazil,Business,active,4312.0,98,60,0.61,3.0,3.67,108.0,0.0,0.0,0,100.0,Healthy,1,No major risk signal detected,Low Priority,Routine customer monitoring,0,0.0
981433,Beacon Software Collective,Software,Canada,Business,active,1628.0,37,33,0.89,3.0,4.67,76.5,1705.37,0.0,1,83.0,Healthy,1,Payment / billing risk,Low Priority,Billing intervention,0,0.0
662023,InfraPoint Systems 2,Software,Japan,Starter,active,120.0,10,10,1.0,4.0,4.25,61.58,0.0,0.0,2,67.0,Watch,2,Lower commercial value | High-priority support activity,Monitor,Support escalation,1,120.0
169258,WorksiteOS Networks,Financial Services,India,Growth,active,552.0,23,21,0.91,4.0,3.33,77.9,0.0,0.0,3,50.0,At Risk,3,High-priority support activity | Unresolved support issues | Low customer satisfaction,High Priority,Customer success follow-up,1,552.0
487420,Unified Ops Software,Manufacturing,Australia,Growth,active,600.0,25,24,0.96,6.0,4.67,51.3,1237.99,0.0,2,67.0,Watch,2,Payment / billing risk | High-priority support activity,Monitor,Billing intervention,1,600.0
556047,YieldMetrics Partners,Healthcare,Netherlands,Growth,active,768.0,32,21,0.66,3.0,4.5,48.0,843.31,0.0,2,67.0,Watch,2,Payment / billing risk | Unresolved support issues,Monitor,Billing intervention,1,768.0
284686,HubStack Technologies 1,Financial Services,India,Starter,active,48.0,4,3,0.75,4.0,3.0,41.83,0.0,0.0,3,50.0,At Risk,3,Low customer engagement | Lower commercial value | Low customer satisfaction,High Priority,Product adoption / onboarding intervention,1,48.0
184233,QueryForge Digital 1,Software,France,Starter,active,24.0,2,1,0.5,6.0,4.4,33.56,0.0,0.0,4,33.0,Critical,4,Low customer engagement | Lower commercial value | High-priority support activity | Unresolved support issues,Immediate Intervention,Product adoption / onboarding intervention,1,24.0
925364,HorizonSaaS Solutions 1,Financial Services,United Kingdom,Growth,active,624.0,26,24,0.92,7.0,4.83,54.8,0.0,0.0,2,67.0,Watch,2,High-priority support activity | Unresolved support issues,Monitor,Support escalation,1,624.0
662368,DataBridge Pro Industries 1,Healthcare,Australia,Starter,active,60.0,5,5,1.0,4.0,4.75,36.9,0.0,0.0,3,50.0,At Risk,3,Low customer engagement | Lower commercial value | High-priority support activity,High Priority,Product adoption / onboarding intervention,1,60.0
835797,Beacon Software Industries 1,Software,Canada,Growth,active,600.0,25,19,0.76,4.0,3.75,26.35,0.0,0.0,1,83.0,Healthy,1,High-priority support activity,Low Priority,Support escalation,0,0.0
301410,InfraPoint Group 1,Retail,Japan,Growth,active,240.0,10,6,0.6,2.0,4.0,23.65,231.14,0.0,3,50.0,At Risk,3,Lower commercial value | Payment / billing risk | High-priority support activity,High Priority,Billing intervention,1,240.0
424962,CloudPeak Systems Labs,Financial Services,Brazil,Growth,active,768.0,32,24,0.75,4.0,4.75,42.95,0.0,0.0,1,83.0,Healthy,1,High-priority support activity,Low Priority,Support escalation,0,0.0
437273,JetMetrics Software 1,Logistics,Canada,Starter,active,36.0,3,2,0.67,6.0,4.25,24.85,108.0,0.0,5,17.0,Critical,5,Low customer engagement | Lower commercial value | Payment / billing risk | High-priority support activity | Unresolved support issues,Immediate Intervention,Billing intervention,1,36.0
205373,YieldMetrics Software 1,Software,Brazil,Business,past_due,1540.0,35,34,0.97,5.0,3.0,109.68,4768.9,0.0,3,50.0,At Risk,3,Payment / billing risk | Unresolved support issues | Low customer satisfaction,Not Active,Historical customer — analyse churn reason,0,0.0
684543,Beacon Software Technologies,Software,Australia,Starter,active,96.0,8,6,0.75,4.0,4.25,49.85,291.78,0.0,3,50.0,At Risk,3,Lower commercial value | Payment / billing risk | High-priority support activity,High Priority,Billing intervention,1,96.0
400628,GridLogic Works 2,Software,Japan,Starter,active,36.0,3,2,0.67,7.0,3.2,59.14,33.68,0.0,5,17.0,Critical,5,Low customer engagement | Lower commercial value | Payment / billing risk | Unresolved support issues | Low customer satisfaction,Immediate Intervention,Billing intervention,1,36.0
179049,Axiom Labs Partners 1,Manufacturing,India,Growth,active,360.0,15,14,0.93,5.0,4.0,37.78,0.0,0.0,1,83.0,Healthy,1,High-priority support activity,Low Priority,Support escalation,0,0.0
791209,Momentum Tools Industries,Manufacturing,United Kingdom,Starter,active,84.0,7,6,0.86,4.0,4.75,52.43,0.0,87.45,3,50.0,At Risk,3,Lower commercial value | Payment / billing risk | High-priority support activity,High Priority,Billing intervention,1,84.0
609487,Gradient Labs Technologies 2,Education,Australia,Business,trialing,1936.0,44,42,0.95,5.0,3.5,44.05,0.0,0.0,2,67.0,Watch,2,High-priority support activity | Unresolved support issues,Not Active,Historical customer — analyse churn reason,0,0.0
416221,Catalyst CRM Holdings 1,Manufacturing,Australia,Business,active,4004.0,91,57,0.63,5.0,3.4,34.22,3760.34,4237.09,3,50.0,At Risk,3,Payment / billing risk | High-priority support activity | Low customer satisfaction,High Priority,Billing intervention,1,4004.0
944315,Deployly Analytics 1,Software,Germany,Business,active,1628.0,37,37,1.0,4.0,2.25,16.73,0.0,0.0,2,67.0,Watch,2,High-priority support activity | Low customer satisfaction,Monitor,Customer success follow-up,1,1628.0
143805,MeshWorks Collective,Healthcare,Australia,Growth,trialing,528.0,22,14,0.64,7.0,3.33,20.98,0.0,0.0,3,50.0,At Risk,3,High-priority support activity | Unresolved support issues | Low customer satisfaction,Not Active,Historical customer — analyse churn reason,0,0.0
211058,Envoy Platforms Analytics,Retail,Brazil,Growth,active,504.0,21,19,0.9,4.0,3.75,68.85,0.0,0.0,1,83.0,Healthy,1,High-priority support activity,Low Priority,Support escalation,0,0.0
995560,QueryForge Partners,Software,Canada,Starter,active,36.0,3,2,0.67,1.0,5.0,11.7,0.0,0.0,2,67.0,Watch,2,Low customer engagement | Lower commercial value,Monitor,Product adoption / onboarding intervention,1,36.0
721049,WorksiteOS Group,Manufacturing,India,Starter,active,108.0,9,7,0.78,7.0,4.33,43.3,0.0,0.0,3,50.0,At Risk,3,Lower commercial value | High-priority support activity | Unresolved support issues,High Priority,Support escalation,1,108.0
110911,Gradient Labs Collective,Healthcare,Brazil,Starter,active,36.0,3,2,0.67,2.0,4.0,37.1,0.0,0.0,2,67.0,Watch,2,Low customer engagement | Lower commercial value,Monitor,Product adoption / onboarding intervention,1,36.0
431016,FlowState Systems 2,Logistics,India,Starter,trialing,36.0,3,2,0.67,4.0,3.0,53.43,0.0,0.0,4,33.0,Critical,4,Low customer engagement | Lower commercial value | Unresolved support issues | Low customer satisfaction,Not Active,Historical customer — analyse churn reason,0,0.0
805850,DataBridge Pro Labs 2,Software,Canada,Growth,active,432.0,18,14,0.78,6.0,3.4,39.44,442.3,419.22,4,33.0,Critical,4,Payment / billing risk | High-priority support activity | Unresolved support issues | Low customer satisfaction,Immediate Intervention,Billing intervention,1,432.0
640065,WorksiteOS Partners 1,Software,France,Starter,active,48.0,4,3,0.75,11.0,3.9,25.88,42.37,50.38,5,17.0,Critical,5,Low customer engagement | Lower commercial value | Payment / billing risk | High-priority support activity | Unresolved support issues,Immediate Intervention,Billing intervention,1,48.0
865183,CloudPeak Systems Solutions,Education,Australia,Business,active,2992.0,68,55,0.81,1.0,3.0,30.4,0.0,0.0,1,83.0,Healthy,1,Low customer satisfaction,Low Priority,Customer success follow-up,0,0.0
591806,StackBase Labs,Retail,Japan,Growth,active,432.0,18,11,0.61,3.0,4.67,23.13,412.34,0.0,2,67.0,Watch,2,Payment / billing risk | High-priority support activity,Monitor,Billing intervention,1,432.0
631003,FunnelSoft Analytics,Financial Services,Netherlands,Growth,active,312.0,13,10,0.77,2.0,3.0,114.3,598.57,0.0,2,67.0,Watch,2,Payment / billing risk | Low customer satisfaction,Monitor,Billing intervention,1,312.0
361379,PipelineIO Labs 2,Healthcare,France,Growth,active,840.0,35,29,0.83,5.0,5.0,16.65,0.0,0.0,2,67.0,Watch,2,High-priority support activity | Unresolved support issues,Monitor,Support escalation,1,840.0
985162,CloudPeak Systems Labs 1,Manufacturing,France,Starter,churned,132.0,11,9,0.82,4.0,4.75,31.23,131.17,0.0,3,50.0,At Risk,3,Lower commercial value | Payment / billing risk | High-priority support activity,Not Active,Historical customer — analyse churn reason,0,0.0
694103,Basecamp Analytics Networks 1,Retail,Australia,Starter,active,36.0,3,3,1.0,2.0,5.0,30.2,0.0,0.0,4,33.0,Critical,4,Low customer engagement | Lower commercial value | High-priority support activity | Unresolved support issues,Immediate Intervention,Product adoption / onboarding intervention,1,36.0
982749,JetMetrics Digital 1,Manufacturing,Canada,Starter,active,72.0,6,4,0.67,8.0,3.25,24.66,0.0,0.0,4,33.0,Critical,4,Low customer engagement | Lower commercial value | High-priority support activity | Low customer satisfaction,Immediate Intervention,Product adoption / onboarding intervention,1,72.0
480190,Beacon Software Systems 1,Manufacturing,France,Starter,trialing,36.0,3,2,0.67,5.0,4.0,26.08,0.0,0.0,3,50.0,At Risk,3,Low customer engagement | Lower commercial value | High-priority support activity,Not Active,Historical customer — analyse churn reason,0,0.0
564516,Amplitude Corp Networks 1,Education,Japan,Growth,active,696.0,29,16,0.55,3.0,3.67,58.4,663.77,0.0,2,67.0,Watch,2,Payment / billing risk | High-priority support activity,Monitor,Billing intervention,1,696.0
848871,Relay Systems Digital 1,Financial Services,United States,Starter,churned,72.0,6,4,0.67,5.0,4.8,27.72,0.0,0.0,3,50.0,At Risk,3,Low customer engagement | Lower commercial value | High-priority support activity,Not Active,Historical customer — analyse churn reason,0,0.0
626850,Keystroke AI Collective,Retail,France,Starter,trialing,72.0,6,5,0.83,2.0,4.5,53.95,57.85,0.0,3,50.0,At Risk,3,Low customer engagement | Lower commercial value | Payment / billing risk,Not Active,Historical customer — analyse churn reason,0,0.0
467325,YieldMetrics Technologies 1,Healthcare,United States,Growth,past_due,192.0,8,5,0.63,5.0,3.75,25.58,377.93,0.0,5,17.0,Critical,5,Low customer engagement | Lower commercial value | Payment / billing risk | High-priority support activity | Unresolved support issues,Not Active,Historical customer — analyse churn reason,0,0.0
211963,Gradient Labs Solutions,Financial Services,Canada,Growth,churned,456.0,19,11,0.58,4.0,4.33,30.37,0.0,0.0,1,83.0,Healthy,1,Unresolved support issues,Not Active,Historical customer — analyse churn reason,0,0.0
875061,Xenon Analytics Group,Retail,India,Starter,active,108.0,9,8,0.89,3.0,4.0,36.2,221.74,0.0,3,50.0,At Risk,3,Lower commercial value | Payment / billing risk | High-priority support activity,High Priority,Billing intervention,1,108.0
876153,DataBridge Pro Works 2,Software,Brazil,Starter,active,60.0,5,3,0.6,5.0,3.4,52.56,56.64,0.0,5,17.0,Critical,5,Low customer engagement | Lower commercial value | Payment / billing risk | High-priority support activity | Low customer satisfaction,Immediate Intervention,Billing intervention,1,60.0
679825,Deployly Technologies 1,Retail,Germany,Business,active,3212.0,73,69,0.95,5.0,4.75,60.33,0.0,0.0,2,67.0,Watch,2,High-priority support activity | Unresolved support issues,Monitor,Support escalation,1,3212.0
243998,NexusOne Labs 1,Retail,Germany,Starter,churned,36.0,3,2,0.67,1.0,5.0,29.1,37.91,0.0,3,50.0,At Risk,3,Low customer engagement | Lower commercial value | Payment / billing risk,Not Active,Historical customer — analyse churn reason,0,0.0
519323,HubStack Analytics 1,Financial Services,Canada,Starter,active,36.0,3,2,0.67,3.0,3.67,14.5,0.0,0.0,3,50.0,At Risk,3,Low customer engagement | Lower commercial value | High-priority support activity,High Priority,Product adoption / onboarding intervention,1,36.0
201572,LaunchPad HQ Digital 1,Software,Brazil,Growth,active,912.0,38,25,0.66,7.0,4.43,17.06,0.0,0.0,1,83.0,Healthy,1,High-priority support activity,Low Priority,Support escalation,0,0.0
700348,Keystroke AI Works 2,Healthcare,India,Starter,churned,48.0,4,3,0.75,6.0,4.0,62.45,47.26,0.0,5,17.0,Critical,5,Low customer engagement | Lower commercial value | Payment / billing risk | High-priority support activity | Unresolved support issues,Not Active,Historical customer — analyse churn reason,0,0.0
507445,NodeSync Labs 2,Software,India,Growth,active,696.0,29,24,0.83,4.0,4.5,10.25,707.95,0.0,3,50.0,At Risk,3,Payment / billing risk | High-priority support activity | Unresolved support issues,High Priority,Billing intervention,1,696.0
751454,Basecamp Analytics Technologies,Healthcare,Germany,Business,active,2816.0,64,53,0.83,2.0,4.0,10.55,2814.31,2763.34,2,67.0,Watch,2,Payment / billing risk | High-priority support activity,Monitor,Billing intervention,1,2816.0
676397,Keystroke AI Group,Software,Germany,Growth,active,1104.0,46,29,0.63,4.0,3.75,63.55,1134.47,0.0,2,67.0,Watch,2,Payment / billing risk | High-priority support activity,Monitor,Billing intervention,1,1104.0
946742,Momentum Tools Networks,Financial Services,Germany,Starter,active,60.0,5,4,0.8,6.0,4.67,45.87,58.29,0.0,3,50.0,At Risk,3,Low customer engagement | Lower commercial value | Payment / billing risk,High Priority,Billing intervention,1,60.0
275252,NodeSync Labs,Logistics,Netherlands,Growth,active,528.0,22,19,0.86,9.0,4.0,53.22,0.0,0.0,1,83.0,Healthy,1,High-priority support activity,Low Priority,Support escalation,0,0.0
462638,Axiom Labs Collective,Financial Services,United States,Business,active,6028.0,137,121,0.88,2.0,3.0,77.45,0.0,0.0,1,83.0,Healthy,1,Low customer satisfaction,Low Priority,Customer success follow-up,0,0.0
911125,EdgeFlow Technologies Systems,Manufacturing,United States,Growth,active,840.0,35,31,0.89,11.0,3.88,20.15,884.68,0.0,3,50.0,At Risk,3,Payment / billing risk | High-priority support activity | Unresolved support issues,High Priority,Billing intervention,1,840.0
668059,FunnelSoft Technologies 1,Retail,Germany,Starter,active,60.0,5,5,1.0,7.0,4.33,66.1,61.4,0.0,4,33.0,Critical,4,Low customer engagement | Lower commercial value | Payment / billing risk | Unresolved support issues,Immediate Intervention,Billing intervention,1,60.0
129289,PipelineIO Systems,Software,Brazil,Starter,active,24.0,2,2,1.0,5.0,3.0,26.76,23.09,0.0,5,17.0,Critical,5,Low customer engagement | Lower commercial value | Payment / billing risk | High-priority support activity | Low customer satisfaction,Immediate Intervention,Billing intervention,1,24.0
383348,Kinetic AI Holdings,Logistics,France,Growth,past_due,168.0,7,5,0.71,1.0,4.0,70.6,0.0,0.0,2,67.0,Watch,2,Low customer engagement | Lower commercial value,Not Active,Historical customer — analyse churn reason,0,0.0
603274,Deployly Works 2,Software,Brazil,Starter,active,36.0,3,2,0.67,3.0,4.0,51.55,0.0,0.0,4,33.0,Critical,4,Low customer engagement | Lower commercial value | High-priority support activity | Unresolved support issues,Immediate Intervention,Product adoption / onboarding intervention,1,36.0
706802,Unified Ops Collective 1,Healthcare,India,Growth,active,672.0,28,27,0.96,6.0,4.67,49.75,0.0,0.0,1,83.0,Healthy,1,High-priority support activity,Low Priority,Support escalation,0,0.0
301501,PipelineIO Analytics 1,Software,Germany,Growth,active,720.0,30,22,0.73,8.0,3.88,41.28,1392.77,0.0,2,67.0,Watch,2,Payment / billing risk | High-priority support activity,Monitor,Billing intervention,1,720.0
170902,JetMetrics Networks 1,Education,Netherlands,Starter,active,36.0,3,3,1.0,1.0,,,0.0,0.0,3,50.0,At Risk,3,Low customer engagement | Lower commercial value | Unresolved support issues,High Priority,Product adoption / onboarding intervention,1,36.0
110840,Envoy Platforms Digital,Manufacturing,United Kingdom,Business,active,2816.0,64,49,0.77,3.0,4.33,21.03,0.0,2745.01,2,67.0,Watch,2,Payment / billing risk | High-priority support activity,Monitor,Billing intervention,1,2816.0
553479,PipelineIO Technologies 1,Manufacturing,United States,Business,trialing,3124.0,71,40,0.56,4.0,2.5,53.6,3102.35,0.0,2,67.0,Watch,2,Payment / billing risk | Low customer satisfaction,Not Active,Historical customer — analyse churn reason,0,0.0
941144,FlowState Labs 1,Software,Japan,Growth,active,264.0,11,9,0.82,2.0,3.0,108.5,249.06,0.0,4,33.0,Critical,4,Payment / billing risk | High-priority support activity | Unresolved support issues | Low customer satisfaction,Immediate Intervention,Billing intervention,1,264.0
575421,InfraPoint Software,Software,United States,Starter,active,96.0,8,8,1.0,5.0,4.67,34.13,0.0,95.14,4,33.0,Critical,4,Lower commercial value | Payment / billing risk | High-priority support activity | Unresolved support issues,Immediate Intervention,Billing intervention,1,96.0
200323,HubStack Industries 1,Manufacturing,Japan,Starter,active,132.0,11,11,1.0,5.0,4.4,41.68,127.45,0.0,3,50.0,At Risk,3,Lower commercial value | Payment / billing risk | High-priority support activity,High Priority,Billing intervention,1,132.0
819199,ZeroFriction Systems 1,Healthcare,United States,Starter,past_due,36.0,3,3,1.0,3.0,2.67,14.57,0.0,0.0,4,33.0,Critical,4,Low customer engagement | Lower commercial value | High-priority support activity | Low customer satisfaction,Not Active,Historical customer — analyse churn reason,0,0.0
194570,Amplitude Corp,Logistics,United Kingdom,Starter,active,36.0,3,3,1.0,2.0,4.5,51.0,38.28,0.0,3,50.0,At Risk,3,Low customer engagement | Lower commercial value | Payment / billing risk,High Priority,Billing intervention,1,36.0
620725,JetMetrics Partners,Software,Netherlands,Starter,active,48.0,4,3,0.75,1.0,4.0,60.8,50.84,0.0,3,50.0,At Risk,3,Low customer engagement | Lower commercial value | Payment / billing risk,High Priority,Billing intervention,1,48.0
209127,LaunchPad HQ Partners 1,Manufacturing,United Kingdom,Business,active,1980.0,45,27,0.6,4.0,4.25,23.55,0.0,0.0,1,83.0,Healthy,1,High-priority support activity,Low Priority,Support escalation,0,0.0
174010,NodeSync Works,Healthcare,Germany,Starter,churned,96.0,8,8,1.0,6.0,4.83,44.25,0.0,89.21,3,50.0,At Risk,3,Lower commercial value | Payment / billing risk | High-priority support activity,Not Active,Historical customer — analyse churn reason,0,0.0
675863,NodeSync Group 1,Education,France,Growth,active,456.0,19,12,0.63,5.0,4.0,43.9,902.43,0.0,2,67.0,Watch,2,Payment / billing risk | High-priority support activity,Monitor,Billing intervention,1,456.0
894894,VaultStream Solutions,Software,Netherlands,Growth,active,504.0,21,12,0.57,5.0,2.75,43.88,510.61,499.21,4,33.0,Critical,4,Payment / billing risk | High-priority support activity | Unresolved support issues | Low customer satisfaction,Immediate Intervention,Billing intervention,1,504.0
757684,NodeSync Systems 1,Financial Services,Netherlands,Starter,active,72.0,6,4,0.67,4.0,3.75,36.08,66.17,0.0,4,33.0,Critical,4,Low customer engagement | Lower commercial value | Payment / billing risk | High-priority support activity,Immediate Intervention,Billing intervention,1,72.0
182564,HorizonSaaS Analytics 1,Software,Netherlands,Starter,active,60.0,5,5,1.0,5.0,4.25,82.28,0.0,0.0,3,50.0,At Risk,3,Low customer engagement | Lower commercial value | Unresolved support issues,High Priority,Product adoption / onboarding intervention,1,60.0
828822,Axiom Labs Technologies 1,Software,Canada,Business,active,3432.0,78,49,0.63,9.0,3.88,37.58,3453.92,3315.16,3,50.0,At Risk,3,Payment / billing risk | High-priority support activity | Unresolved support issues,High Priority,Billing intervention,1,3432.0
290492,NexusOne Digital,Software,United States,Starter,active,108.0,9,8,0.89,8.0,3.86,43.14,115.16,0.0,4,33.0,Critical,4,Lower commercial value | Payment / billing risk | High-priority support activity | Unresolved support issues,Immediate Intervention,Billing intervention,1,108.0
315118,PipelineIO Holdings,Financial Services,Canada,Business,active,3432.0,78,47,0.6,3.0,4.67,26.63,10190.93,3584.12,2,67.0,Watch,2,Payment / billing risk | High-priority support activity,Monitor,Billing intervention,1,3432.0
393626,NodeSync Partners 2,Manufacturing,Netherlands,Growth,active,672.0,28,28,1.0,9.0,3.5,56.61,649.93,0.0,3,50.0,At Risk,3,Payment / billing risk | High-priority support activity | Unresolved support issues,High Priority,Billing intervention,1,672.0
633095,Relay Systems Labs,Education,Canada,Growth,active,1272.0,53,36,0.68,5.0,4.2,72.38,0.0,0.0,1,83.0,Healthy,1,High-priority support activity,Low Priority,Support escalation,0,0.0
470492,Basecamp Analytics Industries 1,Retail,Netherlands,Growth,active,888.0,37,29,0.78,1.0,5.0,8.9,0.0,923.61,2,67.0,Watch,2,Payment / billing risk | High-priority support activity,Monitor,Billing intervention,1,888.0
302271,LaunchPad HQ Analytics 1,Manufacturing,United Kingdom,Business,active,4664.0,106,64,0.6,1.0,4.0,13.3,0.0,0.0,0,100.0,Healthy,1,No major risk signal detected,Low Priority,Routine customer monitoring,0,0.0
663857,Kinetic AI Industries,Retail,Netherlands,Business,active,2508.0,57,52,0.91,6.0,4.5,60.23,0.0,0.0,1,83.0,Healthy,1,Unresolved support issues,Low Priority,Resolve outstanding support issues,0,0.0
675202,NodeSync Collective 1,Software,Australia,Enterprise,active,22673.0,287,159,0.55,6.0,4.33,24.92,23963.11,0.0,2,67.0,Watch,2,Payment / billing risk | High-priority support activity,Monitor,Billing intervention,1,22673.0
131876,Gradient Labs Networks 1,Software,Netherlands,Starter,active,96.0,8,6,0.75,3.0,4.33,33.0,0.0,98.15,2,67.0,Watch,2,Lower commercial value | Payment / billing risk,Monitor,Billing intervention,1,96.0
950543,NodeSync Analytics 2,Financial Services,Netherlands,Starter,active,36.0,3,2,0.67,6.0,3.67,55.37,0.0,36.16,3,50.0,At Risk,3,Low customer engagement | Lower commercial value | Payment / billing risk,High Priority,Billing intervention,1,36.0
806501,Beacon Software Labs 1,Education,Germany,Growth,active,408.0,17,13,0.76,4.0,4.75,61.48,445.34,403.01,2,67.0,Watch,2,Payment / billing risk | High-priority support activity,Monitor,Billing intervention,1,408.0
395913,Omnisend Systems,Software,Brazil,Growth,active,360.0,15,12,0.8,2.0,4.5,37.45,0.0,0.0,0,100.0,Healthy,1,No major risk signal detected,Low Priority,Routine customer monitoring,0,0.0
190126,Xenon Analytics Analytics 1,Manufacturing,Australia,Starter,active,60.0,5,5,1.0,7.0,3.17,36.92,120.81,58.97,6,0.0,Critical,6,Low customer engagement | Lower commercial value | Payment / billing risk | High-priority support activity | Unresolved support issues | Low customer satisfaction,Immediate Intervention,Billing intervention,1,60.0
833504,Catalyst CRM Works 2,Manufacturing,India,Business,active,3344.0,76,63,0.83,2.0,4.0,37.5,0.0,3360.43,1,83.0,Healthy,1,Payment / billing risk,Low Priority,Billing intervention,0,0.0
353158,HubStack Collective,Retail,Canada,Business,active,1848.0,42,34,0.81,8.0,3.83,51.52,1756.9,0.0,3,50.0,At Risk,3,Payment / billing risk | High-priority support activity | Unresolved support issues,High Priority,Billing intervention,1,1848.0
232421,YieldMetrics Partners 1,Software,Japan,Growth,active,840.0,35,33,0.94,3.0,3.67,59.57,891.13,0.0,2,67.0,Watch,2,Payment / billing risk | High-priority support activity,Monitor,Billing intervention,1,840.0
997844,VaultStream Group 1,Education,Japan,Business,trialing,6248.0,142,101,0.71,6.0,3.67,63.22,12514.37,18736.37,1,83.0,Healthy,1,Payment / billing risk,Not Active,Historical customer — analyse churn reason,0,0.0
145787,Basecamp Analytics Solutions 1,Education,France,Growth,active,648.0,27,24,0.89,3.0,2.67,57.37,0.0,0.0,1,83.0,Healthy,1,Low customer satisfaction,Low Priority,Customer success follow-up,0,0.0
331311,Deployly Group 1,Retail,United Kingdom,Growth,active,744.0,31,31,1.0,3.0,3.67,50.87,715.9,0.0,2,67.0,Watch,2,Payment / billing risk | High-priority support activity,Monitor,Billing intervention,1,744.0
557985,NexusOne Collective,Software,France,Starter,active,48.0,4,2,0.5,6.0,3.33,57.17,0.0,0.0,4,33.0,Critical,4,Low customer engagement | Lower commercial value | High-priority support activity | Low customer satisfaction,Immediate Intervention,Product adoption / onboarding intervention,1,48.0
253647,Envoy Platforms Solutions,Manufacturing,France,Starter,active,60.0,5,5,1.0,2.0,4.5,73.55,0.0,0.0,2,67.0,Watch,2,Low customer engagement | Lower commercial value,Monitor,Product adoption / onboarding intervention,1,60.0
517173,MeshWorks Works,Software,Germany,Growth,active,192.0,8,7,0.88,5.0,4.2,25.96,0.0,0.0,2,67.0,Watch,2,Lower commercial value | High-priority support activity,Monitor,Support escalation,1,192.0
896132,TriggerPoint Solutions,Education,France,Starter,active,96.0,8,6,0.75,3.0,4.67,32.73,97.71,106.72,2,67.0,Watch,2,Lower commercial value | Payment / billing risk,Monitor,Billing intervention,1,96.0
732615,Amplitude Corp Systems 1,Retail,Germany,Starter,active,48.0,4,3,0.75,3.0,5.0,29.67,188.06,0.0,4,33.0,Critical,4,Low customer engagement | Lower commercial value | Payment / billing risk | High-priority support activity,Immediate Intervention,Billing intervention,1,48.0
591371,NexusOne Technologies,Software,Japan,Growth,active,264.0,11,11,1.0,10.0,4.0,28.36,0.0,261.72,3,50.0,At Risk,3,Payment / billing risk | High-priority support activity | Unresolved support issues,High Priority,Billing intervention,1,264.0
391958,Omnisend Analytics,Financial Services,Netherlands,Starter,active,36.0,3,3,1.0,2.0,3.0,78.55,39.92,0.0,4,33.0,Critical,4,Low customer engagement | Lower commercial value | Payment / billing risk | Low customer satisfaction,Immediate Intervention,Billing intervention,1,36.0
364738,Omnisend Group,Financial Services,Brazil,Growth,active,840.0,35,31,0.89,8.0,4.13,34.4,0.0,916.72,2,67.0,Watch,2,Payment / billing risk | High-priority support activity,Monitor,Billing intervention,1,840.0
787646,InfraPoint Partners 1,Logistics,India,Growth,active,624.0,26,16,0.62,2.0,4.0,103.85,0.0,0.0,0,100.0,Healthy,1,No major risk signal detected,Low Priority,Routine customer monitoring,0,0.0
417896,Amplitude Corp Digital 2,Retail,United States,Growth,active,600.0,25,14,0.56,2.0,5.0,28.55,1776.94,0.0,2,67.0,Watch,2,Payment / billing risk | High-priority support activity,Monitor,Billing intervention,1,600.0
318214,Gradient Labs Labs 2,Software,Germany,Starter,churned,72.0,6,4,0.67,6.0,4.5,37.18,70.44,0.0,5,17.0,Critical,5,Low customer engagement | Lower commercial value | Payment / billing risk | High-priority support activity | Unresolved support issues,Not Active,Historical customer — analyse churn reason,0,0.0
245218,Gradient Labs Labs 1,Manufacturing,Canada,Business,active,1540.0,35,33,0.94,0.0,,,1639.11,0.0,1,83.0,Healthy,1,Payment / billing risk,Low Priority,Billing intervention,0,0.0
393542,VaultStream Labs 1,Software,France,Starter,active,36.0,3,3,1.0,4.0,4.25,65.8,0.0,0.0,3,50.0,At Risk,3,Low customer engagement | Lower commercial value | High-priority support activity,High Priority,Product adoption / onboarding intervention,1,36.0
691620,YieldMetrics Digital 1,Financial Services,Australia,Starter,active,36.0,3,2,0.67,6.0,4.8,36.32,33.89,0.0,5,17.0,Critical,5,Low customer engagement | Lower commercial value | Payment / billing risk | High-priority support activity | Unresolved support issues,Immediate Intervention,Billing intervention,1,36.0
723271,Kinetic AI Holdings 1,Financial Services,United States,Growth,active,552.0,23,16,0.7,5.0,3.4,24.86,0.0,0.0,2,67.0,Watch,2,High-priority support activity | Low customer satisfaction,Monitor,Customer success follow-up,1,552.0
799901,FunnelSoft,Manufacturing,Germany,Growth,active,696.0,29,17,0.59,3.0,4.67,34.87,0.0,695.87,2,67.0,Watch,2,Payment / billing risk | High-priority support activity,Monitor,Billing intervention,1,696.0
479650,StackBase Digital,Healthcare,Japan,Starter,active,84.0,7,6,0.86,4.0,3.75,33.5,0.0,0.0,2,67.0,Watch,2,Lower commercial value | High-priority support activity,Monitor,Support escalation,1,84.0
901602,DataBridge Pro Partners 1,Software,France,Growth,past_due,960.0,40,30,0.75,3.0,3.33,68.3,1004.44,0.0,2,67.0,Watch,2,Payment / billing risk | Low customer satisfaction,Not Active,Historical customer — analyse churn reason,0,0.0
208561,ZeroFriction Holdings 1,Financial Services,Japan,Starter,active,96.0,8,6,0.75,6.0,4.2,37.64,0.0,0.0,2,67.0,Watch,2,Lower commercial value | Unresolved support issues,Monitor,Resolve outstanding support issues,1,96.0
537253,HubStack Software 1,Healthcare,Brazil,Starter,active,36.0,3,3,1.0,3.0,4.33,48.63,72.63,0.0,3,50.0,At Risk,3,Low customer engagement | Lower commercial value | Payment / billing risk,High Priority,Billing intervention,1,36.0
482349,Amplitude Corp Collective 1,Education,Germany,Starter,active,84.0,7,5,0.71,4.0,4.5,29.65,0.0,0.0,2,67.0,Watch,2,Low customer engagement | Lower commercial value,Monitor,Product adoption / onboarding intervention,1,84.0
991768,Basecamp Analytics Analytics 1,Logistics,United States,Starter,active,72.0,6,4,0.67,10.0,4.44,35.71,0.0,0.0,3,50.0,At Risk,3,Low customer engagement | Lower commercial value | Unresolved support issues,High Priority,Product adoption / onboarding intervention,1,72.0
809176,YieldMetrics Networks,Healthcare,Japan,Growth,active,648.0,27,20,0.74,3.0,3.5,41.65,1304.35,0.0,2,67.0,Watch,2,Payment / billing risk | Unresolved support issues,Monitor,Billing intervention,1,648.0
656281,Keystroke AI Holdings,Healthcare,France,Growth,active,240.0,10,8,0.8,3.0,4.33,18.8,0.0,0.0,2,67.0,Watch,2,Lower commercial value | High-priority support activity,Monitor,Support escalation,1,240.0
485273,HubStack Networks 1,Software,Germany,Growth,trialing,408.0,17,12,0.71,4.0,3.67,45.9,392.86,443.23,3,50.0,At Risk,3,Payment / billing risk | High-priority support activity | Unresolved support issues,Not Active,Historical customer — analyse churn reason,0,0.0
166599,YieldMetrics,Software,Brazil,Growth,active,696.0,29,17,0.59,4.0,4.0,34.85,0.0,0.0,1,83.0,Healthy,1,High-priority support activity,Low Priority,Support escalation,0,0.0
769811,StackBase Systems,Financial Services,Canada,Business,active,1496.0,34,31,0.91,6.0,4.5,63.55,1601.6,2966.33,1,83.0,Healthy,1,Payment / billing risk,Low Priority,Billing intervention,0,0.0
774503,FunnelSoft Networks,Retail,Germany,Starter,active,60.0,5,3,0.6,5.0,3.6,34.88,0.0,183.73,4,33.0,Critical,4,Low customer engagement | Lower commercial value | Payment / billing risk | High-priority support activity,Immediate Intervention,Billing intervention,1,60.0
527428,TriggerPoint Systems,Financial Services,Australia,Business,active,5764.0,131,121,0.92,3.0,4.33,13.3,0.0,6211.58,2,67.0,Watch,2,Payment / billing risk | High-priority support activity,Monitor,Billing intervention,1,5764.0
488457,Axiom Labs Labs 1,Financial Services,India,Starter,past_due,72.0,6,4,0.67,7.0,3.57,25.4,76.57,70.77,4,33.0,Critical,4,Low customer engagement | Lower commercial value | Payment / billing risk | High-priority support activity,Not Active,Historical customer — analyse churn reason,0,0.0
958517,Catalyst CRM Holdings,Financial Services,Netherlands,Growth,active,672.0,28,21,0.75,5.0,4.0,55.73,699.09,0.0,3,50.0,At Risk,3,Payment / billing risk | High-priority support activity | Unresolved support issues,High Priority,Billing intervention,1,672.0
250089,ZeroFriction Software 1,Healthcare,United States,Starter,active,36.0,3,2,0.67,2.0,3.0,72.3,37.31,35.3,4,33.0,Critical,4,Low customer engagement | Lower commercial value | Payment / billing risk | Low customer satisfaction,Immediate Intervention,Billing intervention,1,36.0
267533,NodeSync Systems 2,Retail,Netherlands,Growth,active,840.0,35,28,0.8,3.0,4.33,28.33,0.0,0.0,1,83.0,Healthy,1,High-priority support activity,Low Priority,Support escalation,0,0.0
474120,DataBridge Pro Software 1,Software,India,Growth,active,648.0,27,17,0.63,3.0,4.0,57.8,0.0,1341.04,2,67.0,Watch,2,Payment / billing risk | High-priority support activity,Monitor,Billing intervention,1,648.0
560307,QueryForge Industries 1,Retail,Netherlands,Starter,active,36.0,3,2,0.67,8.0,4.14,43.17,34.73,0.0,5,17.0,Critical,5,Low customer engagement | Lower commercial value | Payment / billing risk | High-priority support activity | Unresolved support issues,Immediate Intervention,Billing intervention,1,36.0
117687,TriggerPoint Holdings,Logistics,France,Enterprise,active,13667.0,173,104,0.6,3.0,4.0,37.8,12663.79,0.0,2,67.0,Watch,2,Payment / billing risk | Unresolved support issues,Monitor,Billing intervention,1,13667.0
551545,Momentum Tools Systems,Logistics,India,Starter,churned,36.0,3,2,0.67,4.0,4.0,81.27,0.0,0.0,3,50.0,At Risk,3,Low customer engagement | Lower commercial value | Unresolved support issues,Not Active,Historical customer — analyse churn reason,0,0.0
950873,LaunchPad HQ Solutions 1,Healthcare,France,Growth,active,624.0,26,23,0.88,2.0,4.5,15.45,1223.49,0.0,2,67.0,Watch,2,Payment / billing risk | High-priority support activity,Monitor,Billing intervention,1,624.0
370589,NodeSync Partners,Education,United Kingdom,Growth,active,600.0,25,14,0.56,4.0,4.5,28.65,1217.07,0.0,2,67.0,Watch,2,Payment / billing risk | High-priority support activity,Monitor,Billing intervention,1,600.0
929449,Axiom Labs Digital 1,Healthcare,Australia,Growth,active,936.0,39,23,0.59,4.0,4.0,40.18,0.0,1986.91,2,67.0,Watch,2,Payment / billing risk | High-priority support activity,Monitor,Billing intervention,1,936.0
124161,Envoy Platforms Industries,Financial Services,Netherlands,Starter,active,132.0,11,7,0.64,6.0,4.0,76.5,0.0,0.0,2,67.0,Watch,2,Lower commercial value | High-priority support activity,Monitor,Support escalation,1,132.0
390602,Axiom Labs Works,Education,United States,Growth,active,432.0,18,12,0.67,4.0,3.0,58.7,0.0,0.0,2,67.0,Watch,2,High-priority support activity | Low customer satisfaction,Monitor,Customer success follow-up,1,432.0
321951,YieldMetrics Networks 1,Education,United Kingdom,Starter,active,36.0,3,2,0.67,10.0,4.5,58.25,0.0,0.0,3,50.0,At Risk,3,Low customer engagement | Lower commercial value | High-priority support activity,High Priority,Product adoption / onboarding intervention,1,36.0
112840,StackBase Labs 2,Software,Brazil,Starter,churned,48.0,4,3,0.75,3.0,4.0,11.9,48.41,0.0,4,33.0,Critical,4,Low customer engagement | Lower commercial value | Payment / billing risk | Unresolved support issues,Not Active,Historical customer — analyse churn reason,0,0.0
260118,NexusOne,Software,Canada,Business,active,3740.0,85,64,0.75,4.0,4.25,35.53,4068.51,0.0,1,83.0,Healthy,1,Payment / billing risk,Low Priority,Billing intervention,0,0.0
157478,HubStack Digital,Healthcare,United States,Starter,active,48.0,4,4,1.0,7.0,3.0,32.87,0.0,53.07,6,0.0,Critical,6,Low customer engagement | Lower commercial value | Payment / billing risk | High-priority support activity | Unresolved support issues | Low customer satisfaction,Immediate Intervention,Billing intervention,1,48.0
245051,FlowState Technologies 1,Manufacturing,Brazil,Growth,active,312.0,13,8,0.62,6.0,4.25,31.33,0.0,0.0,2,67.0,Watch,2,High-priority support activity | Unresolved support issues,Monitor,Support escalation,1,312.0
105266,Axiom Labs Labs,Education,Canada,Starter,active,72.0,6,5,0.83,3.0,4.67,28.8,145.41,62.87,4,33.0,Critical,4,Low customer engagement | Lower commercial value | Payment / billing risk | High-priority support activity,Immediate Intervention,Billing intervention,1,72.0
625558,TriggerPoint Labs 1,Education,Germany,Starter,active,72.0,6,3,0.5,7.0,4.29,59.13,65.77,0.0,4,33.0,Critical,4,Low customer engagement | Lower commercial value | Payment / billing risk | High-priority support activity,Immediate Intervention,Billing intervention,1,72.0
435261,FlowState Collective,Retail,France,Growth,active,1008.0,42,33,0.79,4.0,3.33,49.07,2025.72,0.0,3,50.0,At Risk,3,Payment / billing risk | Unresolved support issues | Low customer satisfaction,High Priority,Billing intervention,1,1008.0
798586,ZeroFriction Systems 2,Manufacturing,United States,Business,active,4532.0,103,65,0.63,6.0,4.5,17.98,4162.62,0.0,3,50.0,At Risk,3,Payment / billing risk | High-priority support activity | Unresolved support issues,High Priority,Billing intervention,1,4532.0
558918,MeshWorks Analytics,Logistics,India,Growth,active,840.0,35,33,0.94,4.0,4.0,36.83,0.0,0.0,1,83.0,Healthy,1,High-priority support activity,Low Priority,Support escalation,0,0.0
491474,ZeroFriction Digital 1,Healthcare,Australia,Business,active,2684.0,61,48,0.79,7.0,4.43,44.97,0.0,0.0,1,83.0,Healthy,1,High-priority support activity,Low Priority,Support escalation,0,0.0
713834,Xenon Analytics Digital,Retail,United Kingdom,Starter,active,48.0,4,3,0.75,5.0,2.75,44.3,52.33,95.73,6,0.0,Critical,6,Low customer engagement | Lower commercial value | Payment / billing risk | High-priority support activity | Unresolved support issues | Low customer satisfaction,Immediate Intervention,Billing intervention,1,48.0
877896,Relay Systems Labs 2,Logistics,Japan,Starter,churned,72.0,6,5,0.83,11.0,4.1,38.81,0.0,0.0,4,33.0,Critical,4,Low customer engagement | Lower commercial value | High-priority support activity | Unresolved support issues,Not Active,Historical customer — analyse churn reason,0,0.0
406745,Keystroke AI Analytics 1,Logistics,Netherlands,Starter,trialing,48.0,4,2,0.5,2.0,5.0,16.75,0.0,0.0,2,67.0,Watch,2,Low customer engagement | Lower commercial value,Not Active,Historical customer — analyse churn reason,0,0.0
704625,WorksiteOS Systems 1,Financial Services,Germany,Growth,active,600.0,25,20,0.8,11.0,4.0,60.51,1173.41,0.0,3,50.0,At Risk,3,Payment / billing risk | High-priority support activity | Unresolved support issues,High Priority,Billing intervention,1,600.0
847537,Catalyst CRM Labs,Software,Japan,Enterprise,active,15484.0,196,192,0.98,7.0,4.29,40.26,16008.91,0.0,2,67.0,Watch,2,Payment / billing risk | High-priority support activity,Monitor,Billing intervention,1,15484.0
765110,NexusOne Industries,Financial Services,Australia,Starter,active,36.0,3,3,1.0,3.0,4.67,35.87,105.58,0.0,4,33.0,Critical,4,Low customer engagement | Lower commercial value | Payment / billing risk | High-priority support activity,Immediate Intervention,Billing intervention,1,36.0
526700,TriggerPoint Analytics 1,Education,Brazil,Starter,active,60.0,5,4,0.8,7.0,4.67,27.15,0.0,60.01,5,17.0,Critical,5,Low customer engagement | Lower commercial value | Payment / billing risk | High-priority support activity | Unresolved support issues,Immediate Intervention,Billing intervention,1,60.0
353738,ZeroFriction Labs 2,Retail,Canada,Growth,active,840.0,35,20,0.57,5.0,3.6,56.3,2475.85,0.0,2,67.0,Watch,2,Payment / billing risk | High-priority support activity,Monitor,Billing intervention,1,840.0
291292,HorizonSaaS Solutions,Financial Services,Germany,Growth,active,552.0,23,16,0.7,4.0,4.5,38.7,0.0,0.0,1,83.0,Healthy,1,High-priority support activity,Low Priority,Support escalation,0,0.0
181156,Kinetic AI Digital 1,Healthcare,Brazil,Growth,active,504.0,21,16,0.76,3.0,3.67,96.73,0.0,538.38,1,83.0,Healthy,1,Payment / billing risk,Low Priority,Billing intervention,0,0.0
418604,EdgeFlow Technologies Solutions,Manufacturing,United States,Starter,active,36.0,3,2,0.67,5.0,4.2,31.56,0.0,37.48,4,33.0,Critical,4,Low customer engagement | Lower commercial value | Payment / billing risk | High-priority support activity,Immediate Intervention,Billing intervention,1,36.0
823375,Deployly Industries,Software,India,Growth,active,312.0,13,7,0.54,9.0,4.5,48.11,0.0,0.0,2,67.0,Watch,2,High-priority support activity | Unresolved support issues,Monitor,Support escalation,1,312.0
726509,JetMetrics Labs 2,Manufacturing,France,Starter,active,84.0,7,7,1.0,7.0,3.57,39.44,0.0,0.0,2,67.0,Watch,2,Lower commercial value | High-priority support activity,Monitor,Support escalation,1,84.0
142978,NodeSync Networks 1,Manufacturing,Japan,Growth,active,240.0,10,7,0.7,6.0,4.17,34.17,0.0,0.0,2,67.0,Watch,2,Lower commercial value | High-priority support activity,Monitor,Support escalation,1,240.0
372180,Beacon Software Holdings,Software,United States,Starter,churned,48.0,4,4,1.0,4.0,3.0,41.37,0.0,0.0,5,17.0,Critical,5,Low customer engagement | Lower commercial value | High-priority support activity | Unresolved support issues | Low customer satisfaction,Not Active,Historical customer — analyse churn reason,0,0.0
451634,Catalyst CRM Analytics,Software,Netherlands,Growth,active,192.0,8,7,0.88,5.0,4.0,46.7,0.0,204.3,3,50.0,At Risk,3,Lower commercial value | Payment / billing risk | High-priority support activity,High Priority,Billing intervention,1,192.0
381306,CloudPeak Systems Collective,Education,Canada,Growth,churned,504.0,21,12,0.57,2.0,5.0,23.1,0.0,0.0,1,83.0,Healthy,1,High-priority support activity,Not Active,Historical customer — analyse churn reason,0,0.0
747100,CloudPeak Systems Digital,Education,India,Starter,active,60.0,5,3,0.6,4.0,4.25,29.8,61.39,0.0,4,33.0,Critical,4,Low customer engagement | Lower commercial value | Payment / billing risk | High-priority support activity,Immediate Intervention,Billing intervention,1,60.0
993977,NexusOne Group,Software,Australia,Starter,active,48.0,4,3,0.75,7.0,3.86,45.99,0.0,48.18,3,50.0,At Risk,3,Low customer engagement | Lower commercial value | Payment / billing risk,High Priority,Billing intervention,1,48.0
331341,NexusOne Networks,Retail,Japan,Starter,active,48.0,4,3,0.75,3.0,3.0,45.0,0.0,0.0,4,33.0,Critical,4,Low customer engagement | Lower commercial value | Unresolved support issues | Low customer satisfaction,Immediate Intervention,Product adoption / onboarding intervention,1,48.0
951176,Inline Systems Networks 1,Retail,Germany,Starter,active,84.0,7,6,0.86,5.0,4.0,92.05,82.39,0.0,4,33.0,Critical,4,Lower commercial value | Payment / billing risk | High-priority support activity | Unresolved support issues,Immediate Intervention,Billing intervention,1,84.0
918212,DataBridge Pro Holdings 1,Financial Services,India,Business,active,4356.0,99,73,0.74,5.0,4.2,56.6,0.0,0.0,1,83.0,Healthy,1,High-priority support activity,Low Priority,Support escalation,0,0.0
834134,Xenon Analytics Solutions 1,Education,India,Starter,active,36.0,3,2,0.67,2.0,4.0,5.9,33.85,0.0,5,17.0,Critical,5,Low customer engagement | Lower commercial value | Payment / billing risk | High-priority support activity | Unresolved support issues,Immediate Intervention,Billing intervention,1,36.0
603842,JetMetrics Systems 1,Software,Australia,Starter,churned,72.0,6,5,0.83,3.0,5.0,31.23,68.45,70.03,4,33.0,Critical,4,Low customer engagement | Lower commercial value | Payment / billing risk | High-priority support activity,Not Active,Historical customer — analyse churn reason,0,0.0
806120,Beacon Software Solutions,Retail,Japan,Starter,active,48.0,4,3,0.75,10.0,3.89,36.4,0.0,0.0,4,33.0,Critical,4,Low customer engagement | Lower commercial value | High-priority support activity | Unresolved support issues,Immediate Intervention,Product adoption / onboarding intervention,1,48.0
397763,HubStack Group 1,Manufacturing,India,Growth,trialing,312.0,13,11,0.85,8.0,4.0,42.16,0.0,0.0,0,100.0,Healthy,1,No major risk signal detected,Not Active,Historical customer — analyse churn reason,0,0.0
280606,Relay Systems Technologies 1,Software,France,Starter,active,36.0,3,3,1.0,4.0,4.0,29.53,34.29,0.0,4,33.0,Critical,4,Low customer engagement | Lower commercial value | Payment / billing risk | High-priority support activity,Immediate Intervention,Billing intervention,1,36.0
136968,QueryForge Technologies,Healthcare,United States,Growth,active,240.0,10,8,0.8,3.0,4.5,25.6,0.0,0.0,2,67.0,Watch,2,Lower commercial value | Unresolved support issues,Monitor,Resolve outstanding support issues,1,240.0
282217,Basecamp Analytics Labs 1,Manufacturing,Canada,Business,active,5808.0,132,105,0.8,4.0,4.0,20.15,18404.84,0.0,2,67.0,Watch,2,Payment / billing risk | High-priority support activity,Monitor,Billing intervention,1,5808.0
103319,Lattice HQ Labs 1,Software,Canada,Starter,trialing,84.0,7,7,1.0,7.0,4.29,49.46,0.0,0.0,2,67.0,Watch,2,Lower commercial value | High-priority support activity,Not Active,Historical customer — analyse churn reason,0,0.0
289034,FunnelSoft Partners 1,Manufacturing,India,Starter,churned,96.0,8,6,0.75,2.0,4.0,58.85,95.28,0.0,2,67.0,Watch,2,Lower commercial value | Payment / billing risk,Not Active,Historical customer — analyse churn reason,0,0.0
836465,CloudPeak Systems Partners 1,Retail,Germany,Growth,active,240.0,10,9,0.9,7.0,4.0,25.82,230.2,0.0,4,33.0,Critical,4,Lower commercial value | Payment / billing risk | High-priority support activity | Unresolved support issues,Immediate Intervention,Billing intervention,1,240.0
859443,HubStack Collective 1,Healthcare,Canada,Enterprise,active,19592.0,248,215,0.87,5.0,4.6,83.44,19817.57,0.0,1,83.0,Healthy,1,Payment / billing risk,Low Priority,Billing intervention,0,0.0
996819,Xenon Analytics Solutions,Healthcare,United Kingdom,Business,active,1716.0,39,35,0.9,8.0,3.88,40.01,0.0,0.0,1,83.0,Healthy,1,High-priority support activity,Low Priority,Support escalation,0,0.0
474008,FlowState Digital 1,Software,Australia,Growth,active,840.0,35,26,0.74,3.0,3.33,71.83,0.0,0.0,1,83.0,Healthy,1,Low customer satisfaction,Low Priority,Customer success follow-up,0,0.0
650871,Kinetic AI Networks,Manufacturing,France,Growth,active,504.0,21,21,1.0,3.0,3.5,13.95,0.0,0.0,2,67.0,Watch,2,High-priority support activity | Unresolved support issues,Monitor,Support escalation,1,504.0
891033,PipelineIO Holdings 1,Manufacturing,France,Starter,active,120.0,10,9,0.9,4.0,3.5,13.95,110.33,123.06,3,50.0,At Risk,3,Lower commercial value | Payment / billing risk | High-priority support activity,High Priority,Billing intervention,1,120.0
902662,ZeroFriction Industries 1,Software,France,Starter,active,36.0,3,2,0.67,7.0,4.17,20.02,107.97,0.0,5,17.0,Critical,5,Low customer engagement | Lower commercial value | Payment / billing risk | High-priority support activity | Unresolved support issues,Immediate Intervention,Billing intervention,1,36.0
776288,NexusOne Holdings 1,Healthcare,Netherlands,Growth,active,552.0,23,23,1.0,5.0,4.8,50.16,598.02,0.0,2,67.0,Watch,2,Payment / billing risk | High-priority support activity,Monitor,Billing intervention,1,552.0
192010,GridLogic Systems 2,Healthcare,Canada,Business,active,3212.0,73,59,0.81,9.0,3.43,24.87,0.0,0.0,3,50.0,At Risk,3,High-priority support activity | Unresolved support issues | Low customer satisfaction,High Priority,Customer success follow-up,1,3212.0
296755,HorizonSaaS Holdings 1,Financial Services,United States,Starter,churned,132.0,11,9,0.82,3.0,3.0,54.33,264.04,0.0,3,50.0,At Risk,3,Lower commercial value | Payment / billing risk | Low customer satisfaction,Not Active,Historical customer — analyse churn reason,0,0.0
995934,Amplitude Corp Technologies 1,Software,Canada,Growth,active,336.0,14,8,0.57,7.0,3.71,14.94,0.0,0.0,1,83.0,Healthy,1,High-priority support activity,Low Priority,Support escalation,0,0.0
124671,Unified Ops Works,Retail,Japan,Growth,active,432.0,18,12,0.67,2.0,4.5,36.2,0.0,457.65,1,83.0,Healthy,1,Payment / billing risk,Low Priority,Billing intervention,0,0.0
254108,Junction Cloud,Financial Services,Canada,Starter,active,132.0,11,10,0.91,4.0,3.67,19.2,265.75,0.0,4,33.0,Critical,4,Lower commercial value | Payment / billing risk | High-priority support activity | Unresolved support issues,Immediate Intervention,Billing intervention,1,132.0
611661,ZeroFriction Digital,Healthcare,Brazil,Starter,active,60.0,5,4,0.8,5.0,4.2,75.02,0.0,0.0,3,50.0,At Risk,3,Low customer engagement | Lower commercial value | High-priority support activity,High Priority,Product adoption / onboarding intervention,1,60.0
509193,HorizonSaaS Technologies,Retail,India,Business,churned,3784.0,86,52,0.6,6.0,4.0,29.32,0.0,0.0,1,83.0,Healthy,1,High-priority support activity,Not Active,Historical customer — analyse churn reason,0,0.0
901636,TriggerPoint Works,Financial Services,Japan,Growth,active,432.0,18,17,0.94,5.0,4.0,65.53,0.0,0.0,2,67.0,Watch,2,High-priority support activity | Unresolved support issues,Monitor,Support escalation,1,432.0
450199,GridLogic Systems,Education,France,Starter,active,96.0,8,8,1.0,5.0,4.0,43.24,0.0,0.0,1,83.0,Healthy,1,Lower commercial value,Low Priority,Engagement and value review,0,0.0
684083,DataBridge Pro Industries,Retail,United Kingdom,Starter,past_due,48.0,4,3,0.75,4.0,3.33,59.83,0.0,0.0,4,33.0,Critical,4,Low customer engagement | Lower commercial value | Unresolved support issues | Low customer satisfaction,Not Active,Historical customer — analyse churn reason,0,0.0
164239,Lattice HQ Works 2,Retail,France,Starter,active,36.0,3,3,1.0,1.0,4.0,16.7,34.91,0.0,4,33.0,Critical,4,Low customer engagement | Lower commercial value | Payment / billing risk | High-priority support activity,Immediate Intervention,Billing intervention,1,36.0
255136,Keystroke AI Technologies,Financial Services,United States,Starter,active,96.0,8,7,0.88,5.0,4.4,30.28,98.76,99.02,3,50.0,At Risk,3,Lower commercial value | Payment / billing risk | High-priority support activity,High Priority,Billing intervention,1,96.0
196847,FlowState Analytics 1,Healthcare,Japan,Business,active,2772.0,63,37,0.59,3.0,3.67,63.33,0.0,0.0,0,100.0,Healthy,1,No major risk signal detected,Low Priority,Routine customer monitoring,0,0.0
540635,PipelineIO Systems 1,Software,Australia,Growth,churned,168.0,7,6,0.86,4.0,5.0,50.55,0.0,168.35,2,67.0,Watch,2,Lower commercial value | Payment / billing risk,Not Active,Historical customer — analyse churn reason,0,0.0
152728,TriggerPoint Industries 1,Software,India,Enterprise,active,10112.0,128,123,0.96,3.0,3.33,43.53,19686.22,0.0,2,67.0,Watch,2,Payment / billing risk | Low customer satisfaction,Monitor,Billing intervention,1,10112.0
790797,QueryForge Networks 1,Healthcare,Canada,Starter,active,24.0,2,2,1.0,4.0,4.75,27.7,24.78,0.0,3,50.0,At Risk,3,Low customer engagement | Lower commercial value | Payment / billing risk,High Priority,Billing intervention,1,24.0
154252,NodeSync Analytics 1,Healthcare,Germany,Starter,active,24.0,2,2,1.0,1.0,5.0,18.3,25.35,0.0,3,50.0,At Risk,3,Low customer engagement | Lower commercial value | Payment / billing risk,High Priority,Billing intervention,1,24.0
952114,JetMetrics Systems 2,Software,Japan,Business,active,3036.0,69,43,0.62,9.0,4.67,57.37,3256.66,3205.96,2,67.0,Watch,2,Payment / billing risk | High-priority support activity,Monitor,Billing intervention,1,3036.0
790364,JetMetrics Works,Financial Services,Japan,Growth,trialing,192.0,8,8,1.0,4.0,4.75,66.53,372.15,0.0,2,67.0,Watch,2,Lower commercial value | Payment / billing risk,Not Active,Historical customer — analyse churn reason,0,0.0
448227,VaultStream Systems,Software,Australia,Growth,active,792.0,33,25,0.76,2.0,3.5,19.7,0.0,0.0,1,83.0,Healthy,1,High-priority support activity,Low Priority,Support escalation,0,0.0
292475,HubStack Partners,Retail,Australia,Business,active,2288.0,52,39,0.75,5.0,3.25,33.38,0.0,0.0,3,50.0,At Risk,3,High-priority support activity | Unresolved support issues | Low customer satisfaction,High Priority,Customer success follow-up,1,2288.0
634053,ZeroFriction Partners 1,Financial Services,Australia,Business,active,2640.0,60,52,0.87,11.0,4.27,54.66,2628.65,0.0,2,67.0,Watch,2,Payment / billing risk | High-priority support activity,Monitor,Billing intervention,1,2640.0
687595,EdgeFlow Technologies Holdings,Education,United States,Business,active,1980.0,45,26,0.58,3.0,4.5,27.25,0.0,0.0,2,67.0,Watch,2,High-priority support activity | Unresolved support issues,Monitor,Support escalation,1,1980.0
822666,Omnisend Group 1,Healthcare,Canada,Growth,active,720.0,30,21,0.7,5.0,4.0,25.8,0.0,0.0,1,83.0,Healthy,1,High-priority support activity,Low Priority,Support escalation,0,0.0
316635,Relay Systems Industries 1,Education,Germany,Growth,active,744.0,31,29,0.94,6.0,2.67,21.6,722.6,718.68,3,50.0,At Risk,3,Payment / billing risk | High-priority support activity | Low customer satisfaction,High Priority,Billing intervention,1,744.0
602857,Xenon Analytics Technologies 2,Financial Services,Japan,Starter,active,72.0,6,5,0.83,6.0,4.75,57.5,0.0,0.0,4,33.0,Critical,4,Low customer engagement | Lower commercial value | High-priority support activity | Unresolved support issues,Immediate Intervention,Product adoption / onboarding intervention,1,72.0
295860,Catalyst CRM Collective 1,Manufacturing,India,Starter,active,72.0,6,4,0.67,5.0,4.2,35.36,148.01,70.12,4,33.0,Critical,4,Low customer engagement | Lower commercial value | Payment / billing risk | High-priority support activity,Immediate Intervention,Billing intervention,1,72.0
289993,NexusOne Software 1,Financial Services,Brazil,Growth,active,528.0,22,21,0.95,4.0,3.75,77.48,549.08,0.0,1,83.0,Healthy,1,Payment / billing risk,Low Priority,Billing intervention,0,0.0
790366,Junction Cloud Analytics,Financial Services,United Kingdom,Starter,active,36.0,3,2,0.67,5.0,4.0,73.82,0.0,0.0,3,50.0,At Risk,3,Low customer engagement | Lower commercial value | High-priority support activity,High Priority,Product adoption / onboarding intervention,1,36.0
439406,LaunchPad HQ Group,Education,Brazil,Starter,active,108.0,9,6,0.67,3.0,4.67,42.0,0.0,0.0,2,67.0,Watch,2,Lower commercial value | High-priority support activity,Monitor,Support escalation,1,108.0
858507,Catalyst CRM Group 1,Software,Netherlands,Business,active,2464.0,56,38,0.68,2.0,4.5,17.85,5150.81,0.0,2,67.0,Watch,2,Payment / billing risk | High-priority support activity,Monitor,Billing intervention,1,2464.0
421775,Envoy Platforms,Healthcare,Netherlands,Starter,active,24.0,2,2,1.0,5.0,4.6,42.06,23.76,0.0,4,33.0,Critical,4,Low customer engagement | Lower commercial value | Payment / billing risk | High-priority support activity,Immediate Intervention,Billing intervention,1,24.0
769395,JetMetrics Group,Software,Netherlands,Starter,active,72.0,6,6,1.0,4.0,4.5,24.0,0.0,0.0,2,67.0,Watch,2,Lower commercial value | High-priority support activity,Monitor,Support escalation,1,72.0
637831,Keystroke AI Partners 2,Logistics,Brazil,Growth,active,384.0,16,15,0.94,2.0,3.0,25.25,376.7,0.0,2,67.0,Watch,2,Payment / billing risk | Low customer satisfaction,Monitor,Billing intervention,1,384.0
412093,Gradient Labs Solutions 1,Software,Japan,Starter,trialing,36.0,3,2,0.67,5.0,3.25,66.98,67.68,0.0,5,17.0,Critical,5,Low customer engagement | Lower commercial value | Payment / billing risk | Unresolved support issues | Low customer satisfaction,Not Active,Historical customer — analyse churn reason,0,0.0
216490,WorksiteOS Analytics,Software,Japan,Starter,active,36.0,3,2,0.67,4.0,2.75,33.38,0.0,0.0,4,33.0,Critical,4,Low customer engagement | Lower commercial value | High-priority support activity | Low customer satisfaction,Immediate Intervention,Product adoption / onboarding intervention,1,36.0
135223,LaunchPad HQ Analytics,Software,France,Starter,churned,72.0,6,5,0.83,3.0,4.0,25.23,0.0,0.0,3,50.0,At Risk,3,Low customer engagement | Lower commercial value | High-priority support activity,Not Active,Historical customer — analyse churn reason,0,0.0
452579,HubStack Technologies 2,Manufacturing,Australia,Starter,active,96.0,8,6,0.75,5.0,4.8,53.34,92.36,91.5,3,50.0,At Risk,3,Lower commercial value | Payment / billing risk | High-priority support activity,High Priority,Billing intervention,1,96.0
211818,Catalyst CRM Technologies 1,Financial Services,India,Growth,active,960.0,40,32,0.8,5.0,3.6,36.5,929.06,0.0,2,67.0,Watch,2,Payment / billing risk | High-priority support activity,Monitor,Billing intervention,1,960.0
603307,Momentum Tools Holdings,Financial Services,Netherlands,Starter,active,36.0,3,3,1.0,5.0,3.8,27.16,0.0,0.0,3,50.0,At Risk,3,Low customer engagement | Lower commercial value | High-priority support activity,High Priority,Product adoption / onboarding intervention,1,36.0
772957,Xenon Analytics Digital 1,Retail,Canada,Growth,active,600.0,25,17,0.68,3.0,3.67,28.77,1150.54,0.0,2,67.0,Watch,2,Payment / billing risk | High-priority support activity,Monitor,Billing intervention,1,600.0
964514,Omnisend Holdings,Software,United Kingdom,Growth,active,504.0,21,16,0.76,8.0,4.5,28.23,0.0,0.0,2,67.0,Watch,2,High-priority support activity | Unresolved support issues,Monitor,Support escalation,1,504.0
779884,GridLogic Holdings 1,Logistics,Japan,Business,active,4796.0,109,80,0.73,6.0,3.83,41.42,0.0,0.0,1,83.0,Healthy,1,High-priority support activity,Low Priority,Support escalation,0,0.0
708315,LaunchPad HQ Partners,Retail,Australia,Starter,past_due,36.0,3,3,1.0,2.0,4.0,30.3,31.8,0.0,3,50.0,At Risk,3,Low customer engagement | Lower commercial value | Payment / billing risk,Not Active,Historical customer — analyse churn reason,0,0.0
650852,Omnisend Labs,Software,Germany,Starter,trialing,36.0,3,3,1.0,5.0,4.0,49.36,39.24,0.0,3,50.0,At Risk,3,Low customer engagement | Lower commercial value | Payment / billing risk,Not Active,Historical customer — analyse churn reason,0,0.0
919775,HorizonSaaS,Financial Services,Netherlands,Growth,active,576.0,24,14,0.58,6.0,4.0,26.68,599.68,0.0,3,50.0,At Risk,3,Payment / billing risk | High-priority support activity | Unresolved support issues,High Priority,Billing intervention,1,576.0
704441,HorizonSaaS Collective,Software,Australia,Growth,active,744.0,31,24,0.77,7.0,3.67,47.77,800.02,0.0,2,67.0,Watch,2,Payment / billing risk | Unresolved support issues,Monitor,Billing intervention,1,744.0
411362,HubStack Holdings 1,Logistics,India,Starter,active,84.0,7,6,0.86,3.0,4.33,45.6,0.0,0.0,1,83.0,Healthy,1,Lower commercial value,Low Priority,Engagement and value review,0,0.0
742518,YieldMetrics Labs,Financial Services,Brazil,Growth,active,792.0,33,32,0.97,2.0,5.0,18.7,0.0,0.0,1,83.0,Healthy,1,High-priority support activity,Low Priority,Support escalation,0,0.0
592265,NodeSync Group,Healthcare,Japan,Starter,active,60.0,5,3,0.6,2.0,5.0,18.1,0.0,0.0,3,50.0,At Risk,3,Low customer engagement | Lower commercial value | Unresolved support issues,High Priority,Product adoption / onboarding intervention,1,60.0
549442,Inline Systems Group 1,Software,Brazil,Business,trialing,3828.0,87,55,0.63,4.0,5.0,57.43,3788.09,0.0,1,83.0,Healthy,1,Payment / billing risk,Not Active,Historical customer — analyse churn reason,0,0.0
395744,Beacon Software Labs,Financial Services,United States,Starter,active,60.0,5,3,0.6,6.0,3.83,45.62,60.53,0.0,3,50.0,At Risk,3,Low customer engagement | Lower commercial value | Payment / billing risk,High Priority,Billing intervention,1,60.0
562219,InfraPoint Labs 1,Software,India,Business,active,2376.0,54,39,0.72,8.0,3.71,23.43,0.0,0.0,2,67.0,Watch,2,High-priority support activity | Unresolved support issues,Monitor,Support escalation,1,2376.0
430738,EdgeFlow Technologies Partners 1,Manufacturing,Brazil,Starter,active,48.0,4,4,1.0,5.0,4.2,31.78,45.81,0.0,4,33.0,Critical,4,Low customer engagement | Lower commercial value | Payment / billing risk | High-priority support activity,Immediate Intervention,Billing intervention,1,48.0
887991,Keystroke AI Holdings 1,Financial Services,Germany,Starter,active,72.0,6,4,0.67,6.0,3.67,50.7,74.19,0.0,4,33.0,Critical,4,Low customer engagement | Lower commercial value | Payment / billing risk | High-priority support activity,Immediate Intervention,Billing intervention,1,72.0
838808,DataBridge Pro Systems 1,Education,United States,Growth,active,768.0,32,18,0.56,5.0,3.25,55.4,1641.38,767.66,3,50.0,At Risk,3,Payment / billing risk | Unresolved support issues | Low customer satisfaction,High Priority,Billing intervention,1,768.0
125807,Xenon Analytics Solutions 2,Retail,Germany,Growth,active,600.0,25,16,0.64,4.0,4.67,33.97,552.32,0.0,3,50.0,At Risk,3,Payment / billing risk | High-priority support activity | Unresolved support issues,High Priority,Billing intervention,1,600.0
526874,ZeroFriction Partners 2,Manufacturing,United Kingdom,Growth,active,1008.0,42,36,0.86,3.0,4.67,56.2,0.0,0.0,0,100.0,Healthy,1,No major risk signal detected,Low Priority,Routine customer monitoring,0,0.0
563161,Kinetic AI Solutions 1,Retail,Japan,Growth,active,624.0,26,20,0.77,6.0,3.67,25.35,0.0,0.0,1,83.0,Healthy,1,High-priority support activity,Low Priority,Support escalation,0,0.0
157315,FlowState Partners,Retail,United States,Starter,active,36.0,3,3,1.0,3.0,2.67,27.03,0.0,38.97,5,17.0,Critical,5,Low customer engagement | Lower commercial value | Payment / billing risk | High-priority support activity | Low customer satisfaction,Immediate Intervention,Billing intervention,1,36.0
736270,Relay Systems Solutions 1,Education,United States,Business,past_due,5104.0,116,67,0.58,2.0,3.5,32.8,0.0,5116.75,1,83.0,Healthy,1,Payment / billing risk,Not Active,Historical customer — analyse churn reason,0,0.0
861024,Omnisend Holdings 1,Software,United States,Growth,churned,840.0,35,31,0.89,4.0,4.33,50.17,0.0,0.0,1,83.0,Healthy,1,Unresolved support issues,Not Active,Historical customer — analyse churn reason,0,0.0
819946,Omnisend Works,Financial Services,Canada,Starter,active,120.0,10,7,0.7,4.0,3.5,13.53,0.0,0.0,2,67.0,Watch,2,Lower commercial value | High-priority support activity,Monitor,Support escalation,1,120.0
921303,VaultStream Software,Financial Services,France,Growth,active,600.0,25,17,0.68,7.0,3.14,43.2,0.0,0.0,2,67.0,Watch,2,High-priority support activity | Low customer satisfaction,Monitor,Customer success follow-up,1,600.0
318147,Envoy Platforms Partners,Financial Services,Netherlands,Starter,active,36.0,3,2,0.67,6.0,4.0,45.63,0.0,0.0,3,50.0,At Risk,3,Low customer engagement | Lower commercial value | High-priority support activity,High Priority,Product adoption / onboarding intervention,1,36.0
468130,HorizonSaaS Analytics,Retail,India,Growth,active,744.0,31,30,0.97,4.0,3.67,36.93,0.0,0.0,2,67.0,Watch,2,High-priority support activity | Unresolved support issues,Monitor,Support escalation,1,744.0
870241,Axiom Labs Solutions 1,Healthcare,Japan,Starter,trialing,36.0,3,3,1.0,3.0,2.0,36.87,70.6,0.0,4,33.0,Critical,4,Low customer engagement | Lower commercial value | Payment / billing risk | Low customer satisfaction,Not Active,Historical customer — analyse churn reason,0,0.0
799789,GridLogic Labs,Financial Services,United States,Starter,active,84.0,7,4,0.57,4.0,3.67,21.87,85.5,0.0,5,17.0,Critical,5,Low customer engagement | Lower commercial value | Payment / billing risk | High-priority support activity | Unresolved support issues,Immediate Intervention,Billing intervention,1,84.0
223459,Basecamp Analytics Software 1,Retail,Japan,Starter,active,84.0,7,6,0.86,5.0,3.8,31.4,0.0,0.0,2,67.0,Watch,2,Lower commercial value | High-priority support activity,Monitor,Support escalation,1,84.0
147538,LaunchPad HQ Systems,Manufacturing,Australia,Starter,active,60.0,5,4,0.8,8.0,4.13,55.31,64.79,0.0,3,50.0,At Risk,3,Low customer engagement | Lower commercial value | Payment / billing risk,High Priority,Billing intervention,1,60.0
206528,Gradient Labs Works,Retail,United Kingdom,Starter,active,96.0,8,6,0.75,1.0,5.0,21.5,201.9,97.32,2,67.0,Watch,2,Lower commercial value | Payment / billing risk,Monitor,Billing intervention,1,96.0
399545,Unified Ops Software 1,Financial Services,Brazil,Starter,active,96.0,8,7,0.88,0.0,,,0.0,0.0,1,83.0,Healthy,1,Lower commercial value,Low Priority,Engagement and value review,0,0.0
473607,DataBridge Pro,Financial Services,United States,Starter,active,36.0,3,2,0.67,3.0,3.0,26.55,0.0,0.0,5,17.0,Critical,5,Low customer engagement | Lower commercial value | High-priority support activity | Unresolved support issues | Low customer satisfaction,Immediate Intervention,Product adoption / onboarding intervention,1,36.0
980608,QueryForge Labs,Financial Services,United Kingdom,Growth,active,240.0,10,7,0.7,3.0,4.33,54.3,0.0,0.0,1,83.0,Healthy,1,Lower commercial value,Low Priority,Engagement and value review,0,0.0
627691,Beacon Software Networks,Retail,Australia,Business,churned,4136.0,94,87,0.93,3.0,5.0,51.4,11908.87,0.0,3,50.0,At Risk,3,Payment / billing risk | High-priority support activity | Unresolved support issues,Not Active,Historical customer — analyse churn reason,0,0.0
185683,QueryForge Collective 1,Financial Services,United Kingdom,Business,active,4796.0,109,93,0.85,2.0,4.0,2.8,0.0,0.0,1,83.0,Healthy,1,High-priority support activity,Low Priority,Support escalation,0,0.0
352867,Unified Ops Networks,Education,Australia,Growth,active,768.0,32,22,0.69,7.0,4.8,11.34,0.0,727.93,3,50.0,At Risk,3,Payment / billing risk | High-priority support activity | Unresolved support issues,High Priority,Billing intervention,1,768.0
695658,WorksiteOS Labs 1,Software,Netherlands,Growth,active,216.0,9,9,1.0,3.0,4.33,18.0,0.0,214.3,3,50.0,At Risk,3,Lower commercial value | Payment / billing risk | High-priority support activity,High Priority,Billing intervention,1,216.0
943223,Kinetic AI Collective,Software,Australia,Growth,active,408.0,17,14,0.82,4.0,4.67,59.53,416.76,0.0,2,67.0,Watch,2,Payment / billing risk | Unresolved support issues,Monitor,Billing intervention,1,408.0
201117,Xenon Analytics Technologies,Education,United Kingdom,Growth,active,720.0,30,21,0.7,1.0,4.0,121.2,0.0,0.0,0,100.0,Healthy,1,No major risk signal detected,Low Priority,Routine customer monitoring,0,0.0
227254,Kinetic AI Partners,Software,United Kingdom,Starter,active,72.0,6,4,0.67,9.0,4.22,53.26,64.76,0.0,4,33.0,Critical,4,Low customer engagement | Lower commercial value | Payment / billing risk | High-priority support activity,Immediate Intervention,Billing intervention,1,72.0
519899,Keystroke AI Labs 1,Healthcare,Canada,Starter,active,36.0,3,2,0.67,4.0,3.5,38.18,35.59,0.0,3,50.0,At Risk,3,Low customer engagement | Lower commercial value | Payment / billing risk,High Priority,Billing intervention,1,36.0
531301,ZeroFriction Solutions,Healthcare,Netherlands,Starter,active,36.0,3,3,1.0,2.0,5.0,13.75,37.09,0.0,4,33.0,Critical,4,Low customer engagement | Lower commercial value | Payment / billing risk | High-priority support activity,Immediate Intervention,Billing intervention,1,36.0
253622,Lattice HQ Technologies,Education,Australia,Growth,churned,624.0,26,18,0.69,3.0,4.0,20.83,0.0,0.0,1,83.0,Healthy,1,High-priority support activity,Not Active,Historical customer — analyse churn reason,0,0.0
523028,Catalyst CRM Solutions,Retail,United Kingdom,Starter,trialing,60.0,5,5,1.0,3.0,3.67,35.33,0.0,0.0,3,50.0,At Risk,3,Low customer engagement | Lower commercial value | High-priority support activity,Not Active,Historical customer — analyse churn reason,0,0.0
647116,Basecamp Analytics Analytics,Retail,Japan,Growth,active,840.0,35,29,0.83,8.0,4.0,33.23,0.0,0.0,2,67.0,Watch,2,High-priority support activity | Unresolved support issues,Monitor,Support escalation,1,840.0
345955,Junction Cloud Solutions 1,Manufacturing,Brazil,Growth,trialing,384.0,16,10,0.63,6.0,4.33,52.42,0.0,0.0,1,83.0,Healthy,1,High-priority support activity,Not Active,Historical customer — analyse churn reason,0,0.0
116787,MeshWorks Solutions,Healthcare,United Kingdom,Growth,active,360.0,15,11,0.73,4.0,4.25,30.18,341.11,0.0,2,67.0,Watch,2,Payment / billing risk | High-priority support activity,Monitor,Billing intervention,1,360.0
136425,Keystroke AI Technologies 2,Software,India,Starter,active,48.0,4,3,0.75,0.0,,,49.04,48.12,3,50.0,At Risk,3,Low customer engagement | Lower commercial value | Payment / billing risk,High Priority,Billing intervention,1,48.0
371884,TriggerPoint Partners,Financial Services,France,Starter,churned,72.0,6,6,1.0,7.0,3.71,41.39,0.0,0.0,2,67.0,Watch,2,Lower commercial value | High-priority support activity,Not Active,Historical customer — analyse churn reason,0,0.0
842629,Omnisend Networks,Manufacturing,India,Growth,churned,456.0,19,11,0.58,3.0,4.33,39.97,433.79,0.0,1,83.0,Healthy,1,Payment / billing risk,Not Active,Historical customer — analyse churn reason,0,0.0
988431,Gradient Labs Group 2,Software,India,Starter,active,36.0,3,2,0.67,0.0,,,0.0,73.27,3,50.0,At Risk,3,Low customer engagement | Lower commercial value | Payment / billing risk,High Priority,Billing intervention,1,36.0
378702,Omnisend Industries 1,Software,Canada,Starter,active,72.0,6,4,0.67,8.0,3.0,47.12,74.54,72.36,6,0.0,Critical,6,Low customer engagement | Lower commercial value | Payment / billing risk | High-priority support activity | Unresolved support issues | Low customer satisfaction,Immediate Intervention,Billing intervention,1,72.0
724555,JetMetrics Labs,Retail,Netherlands,Starter,active,48.0,4,3,0.75,4.0,4.67,41.7,50.25,47.99,4,33.0,Critical,4,Low customer engagement | Lower commercial value | Payment / billing risk | Unresolved support issues,Immediate Intervention,Billing intervention,1,48.0
105052,Basecamp Analytics Solutions,Logistics,Canada,Growth,active,984.0,41,34,0.83,1.0,1.0,17.5,976.1,0.0,3,50.0,At Risk,3,Payment / billing risk | High-priority support activity | Low customer satisfaction,High Priority,Billing intervention,1,984.0
444827,FlowState Networks 1,Retail,Germany,Starter,active,36.0,3,2,0.67,3.0,4.0,43.93,0.0,39.07,3,50.0,At Risk,3,Low customer engagement | Lower commercial value | Payment / billing risk,High Priority,Billing intervention,1,36.0
692735,WorksiteOS Technologies 1,Healthcare,United States,Starter,active,96.0,8,8,1.0,6.0,4.0,37.13,89.15,95.36,3,50.0,At Risk,3,Lower commercial value | Payment / billing risk | High-priority support activity,High Priority,Billing intervention,1,96.0
294902,JetMetrics Holdings,Education,United States,Growth,active,672.0,28,21,0.75,0.0,,,0.0,0.0,0,100.0,Healthy,1,No major risk signal detected,Low Priority,Routine customer monitoring,0,0.0
820426,ZeroFriction Software,Healthcare,France,Starter,active,60.0,5,3,0.6,8.0,4.33,28.13,0.0,61.12,5,17.0,Critical,5,Low customer engagement | Lower commercial value | Payment / billing risk | High-priority support activity | Unresolved support issues,Immediate Intervention,Billing intervention,1,60.0
393007,GridLogic Labs 2,Manufacturing,Japan,Starter,active,36.0,3,3,1.0,3.0,4.0,59.47,0.0,0.0,2,67.0,Watch,2,Low customer engagement | Lower commercial value,Monitor,Product adoption / onboarding intervention,1,36.0
504080,Catalyst CRM Group,Education,Brazil,Starter,trialing,72.0,6,5,0.83,3.0,4.5,25.7,143.1,0.0,4,33.0,Critical,4,Low customer engagement | Lower commercial value | Payment / billing risk | Unresolved support issues,Not Active,Historical customer — analyse churn reason,0,0.0
252079,Gradient Labs Technologies 1,Software,Canada,Starter,active,72.0,6,6,1.0,4.0,3.75,39.5,0.0,0.0,2,67.0,Watch,2,Lower commercial value | High-priority support activity,Monitor,Support escalation,1,72.0
345589,CloudPeak Systems Analytics 1,Software,United Kingdom,Growth,active,816.0,34,28,0.82,4.0,4.5,23.75,773.09,813.55,2,67.0,Watch,2,Payment / billing risk | High-priority support activity,Monitor,Billing intervention,1,816.0
547854,Omnisend Works 2,Software,United Kingdom,Growth,active,384.0,16,15,0.94,6.0,4.33,51.83,0.0,0.0,1,83.0,Healthy,1,High-priority support activity,Low Priority,Support escalation,0,0.0
858842,YieldMetrics Solutions 1,Healthcare,Canada,Growth,churned,432.0,18,12,0.67,3.0,5.0,22.3,463.18,0.0,3,50.0,At Risk,3,Payment / billing risk | High-priority support activity | Unresolved support issues,Not Active,Historical customer — analyse churn reason,0,0.0
501273,Deployly Labs 1,Software,United Kingdom,Starter,trialing,60.0,5,4,0.8,4.0,3.75,26.63,125.5,0.0,4,33.0,Critical,4,Low customer engagement | Lower commercial value | Payment / billing risk | High-priority support activity,Not Active,Historical customer — analyse churn reason,0,0.0
138819,Xenon Analytics Digital 2,Financial Services,France,Starter,active,72.0,6,5,0.83,5.0,4.4,42.04,72.67,68.27,4,33.0,Critical,4,Low customer engagement | Lower commercial value | Payment / billing risk | High-priority support activity,Immediate Intervention,Billing intervention,1,72.0
874742,GridLogic Partners,Healthcare,Japan,Growth,active,984.0,41,37,0.9,3.0,5.0,13.85,912.23,1917.21,3,50.0,At Risk,3,Payment / billing risk | High-priority support activity | Unresolved support issues,High Priority,Billing intervention,1,984.0
636784,Basecamp Analytics Collective,Financial Services,United States,Growth,active,456.0,19,15,0.79,6.0,4.5,34.6,0.0,0.0,0,100.0,Healthy,1,No major risk signal detected,Low Priority,Routine customer monitoring,0,0.0
724051,NodeSync Solutions 1,Logistics,Japan,Growth,churned,312.0,13,10,0.77,4.0,4.0,22.43,0.0,0.0,1,83.0,Healthy,1,High-priority support activity,Not Active,Historical customer — analyse churn reason,0,0.0
556479,InfraPoint Networks 1,Software,Germany,Starter,active,72.0,6,5,0.83,6.0,3.83,39.37,66.23,0.0,4,33.0,Critical,4,Low customer engagement | Lower commercial value | Payment / billing risk | High-priority support activity,Immediate Intervention,Billing intervention,1,72.0
938205,Xenon Analytics Labs,Education,United States,Starter,active,132.0,11,8,0.73,4.0,3.5,25.33,131.42,0.0,3,50.0,At Risk,3,Lower commercial value | Payment / billing risk | High-priority support activity,High Priority,Billing intervention,1,132.0
751207,Amplitude Corp Partners 1,Software,Australia,Starter,active,48.0,4,3,0.75,2.0,4.0,86.5,0.0,0.0,2,67.0,Watch,2,Low customer engagement | Lower commercial value,Monitor,Product adoption / onboarding intervention,1,48.0
244208,Unified Ops Industries,Software,Netherlands,Starter,active,36.0,3,2,0.67,8.0,4.13,22.29,0.0,0.0,3,50.0,At Risk,3,Low customer engagement | Lower commercial value | High-priority support activity,High Priority,Product adoption / onboarding intervention,1,36.0
876324,PipelineIO Group 1,Financial Services,France,Business,trialing,1936.0,44,34,0.77,2.0,4.5,4.85,1828.85,0.0,2,67.0,Watch,2,Payment / billing risk | High-priority support activity,Not Active,Historical customer — analyse churn reason,0,0.0
970221,QueryForge Industries,Education,Netherlands,Starter,active,48.0,4,2,0.5,6.0,5.0,50.5,42.72,0.0,5,17.0,Critical,5,Low customer engagement | Lower commercial value | Payment / billing risk | High-priority support activity | Unresolved support issues,Immediate Intervention,Billing intervention,1,48.0
653379,NexusOne Collective 1,Education,India,Growth,active,312.0,13,9,0.69,5.0,4.4,54.08,0.0,0.0,1,83.0,Healthy,1,High-priority support activity,Low Priority,Support escalation,0,0.0
248669,Kinetic AI Partners 1,Retail,United Kingdom,Starter,active,108.0,9,6,0.67,8.0,4.25,54.46,0.0,112.21,3,50.0,At Risk,3,Lower commercial value | Payment / billing risk | High-priority support activity,High Priority,Billing intervention,1,108.0
176590,Relay Systems Partners,Retail,Germany,Starter,active,36.0,3,2,0.67,9.0,4.0,33.62,0.0,0.0,3,50.0,At Risk,3,Low customer engagement | Lower commercial value | High-priority support activity,High Priority,Product adoption / onboarding intervention,1,36.0
491257,Envoy Platforms Labs 1,Retail,France,Growth,active,672.0,28,23,0.82,5.0,4.0,58.03,0.0,0.0,2,67.0,Watch,2,High-priority support activity | Unresolved support issues,Monitor,Support escalation,1,672.0
852560,FlowState Software,Healthcare,Japan,Growth,active,672.0,28,18,0.64,7.0,4.71,25.23,705.33,0.0,2,67.0,Watch,2,Payment / billing risk | High-priority support activity,Monitor,Billing intervention,1,672.0
544215,MeshWorks Partners 1,Retail,Canada,Growth,active,600.0,25,19,0.76,4.0,4.5,55.5,0.0,0.0,1,83.0,Healthy,1,High-priority support activity,Low Priority,Support escalation,0,0.0
561622,Amplitude Corp Industries,Financial Services,United Kingdom,Starter,active,36.0,3,3,1.0,1.0,3.0,68.9,76.29,0.0,4,33.0,Critical,4,Low customer engagement | Lower commercial value | Payment / billing risk | Low customer satisfaction,Immediate Intervention,Billing intervention,1,36.0
645195,JetMetrics,Education,Australia,Starter,churned,36.0,3,2,0.67,5.0,4.0,30.82,0.0,34.56,4,33.0,Critical,4,Low customer engagement | Lower commercial value | Payment / billing risk | High-priority support activity,Not Active,Historical customer — analyse churn reason,0,0.0
269978,PipelineIO Networks 1,Software,Netherlands,Growth,active,504.0,21,16,0.76,7.0,4.0,42.27,0.0,0.0,1,83.0,Healthy,1,High-priority support activity,Low Priority,Support escalation,0,0.0
277459,Amplitude Corp Partners 2,Retail,India,Growth,active,144.0,6,4,0.67,3.0,4.0,42.73,0.0,0.0,2,67.0,Watch,2,Low customer engagement | Lower commercial value,Monitor,Product adoption / onboarding intervention,1,144.0
133896,FunnelSoft Technologies,Retail,Germany,Business,active,2772.0,63,53,0.84,6.0,4.33,51.72,2559.26,0.0,2,67.0,Watch,2,Payment / billing risk | High-priority support activity,Monitor,Billing intervention,1,2772.0
914638,Axiom Labs Networks 1,Software,Canada,Starter,active,84.0,7,5,0.71,3.0,4.5,55.0,0.0,0.0,3,50.0,At Risk,3,Low customer engagement | Lower commercial value | Unresolved support issues,High Priority,Product adoption / onboarding intervention,1,84.0
729073,Momentum Tools Collective,Healthcare,United States,Growth,active,576.0,24,21,0.88,9.0,4.25,43.46,0.0,0.0,2,67.0,Watch,2,High-priority support activity | Unresolved support issues,Monitor,Support escalation,1,576.0
335302,Xenon Analytics Partners 2,Financial Services,Canada,Starter,active,24.0,2,1,0.5,2.0,5.0,35.9,0.0,0.0,2,67.0,Watch,2,Low customer engagement | Lower commercial value,Monitor,Product adoption / onboarding intervention,1,24.0
863338,TriggerPoint Systems 1,Financial Services,France,Growth,churned,408.0,17,12,0.71,5.0,4.0,24.52,437.93,418.27,2,67.0,Watch,2,Payment / billing risk | High-priority support activity,Not Active,Historical customer — analyse churn reason,0,0.0
842517,NexusOne Analytics,Financial Services,Netherlands,Growth,churned,960.0,40,23,0.58,2.0,2.5,26.9,0.0,0.0,2,67.0,Watch,2,High-priority support activity | Low customer satisfaction,Not Active,Historical customer — analyse churn reason,0,0.0
315012,StackBase Technologies 2,Financial Services,Netherlands,Business,active,3916.0,89,85,0.96,7.0,4.43,52.44,0.0,0.0,1,83.0,Healthy,1,High-priority support activity,Low Priority,Support escalation,0,0.0
688496,Gradient Labs Partners,Financial Services,France,Growth,active,336.0,14,12,0.86,6.0,4.83,22.67,322.78,0.0,2,67.0,Watch,2,Payment / billing risk | High-priority support activity,Monitor,Billing intervention,1,336.0
336143,PipelineIO Partners 1,Software,Germany,Starter,active,24.0,2,2,1.0,5.0,5.0,56.58,0.0,0.0,2,67.0,Watch,2,Low customer engagement | Lower commercial value,Monitor,Product adoption / onboarding intervention,1,24.0
552380,Junction Cloud Labs,Software,India,Business,active,1628.0,37,32,0.86,5.0,3.8,47.0,1713.68,1772.12,2,67.0,Watch,2,Payment / billing risk | High-priority support activity,Monitor,Billing intervention,1,1628.0
282947,Lattice HQ,Retail,United Kingdom,Starter,active,60.0,5,4,0.8,7.0,4.33,40.87,59.36,0.0,5,17.0,Critical,5,Low customer engagement | Lower commercial value | Payment / billing risk | High-priority support activity | Unresolved support issues,Immediate Intervention,Billing intervention,1,60.0
492337,Beacon Software Analytics 1,Financial Services,France,Starter,active,48.0,4,3,0.75,7.0,2.83,45.15,46.09,0.0,6,0.0,Critical,6,Low customer engagement | Lower commercial value | Payment / billing risk | High-priority support activity | Unresolved support issues | Low customer satisfaction,Immediate Intervention,Billing intervention,1,48.0
431648,TriggerPoint Technologies 1,Retail,United Kingdom,Starter,active,132.0,11,7,0.64,7.0,4.5,36.68,0.0,0.0,3,50.0,At Risk,3,Lower commercial value | High-priority support activity | Unresolved support issues,High Priority,Support escalation,1,132.0
234922,StackBase Group 1,Software,Brazil,Business,active,3036.0,69,59,0.86,4.0,4.5,13.68,0.0,0.0,1,83.0,Healthy,1,High-priority support activity,Low Priority,Support escalation,0,0.0
417940,Relay Systems Holdings,Software,Brazil,Starter,active,72.0,6,4,0.67,8.0,4.57,35.2,0.0,0.0,4,33.0,Critical,4,Low customer engagement | Lower commercial value | High-priority support activity | Unresolved support issues,Immediate Intervention,Product adoption / onboarding intervention,1,72.0
871334,NexusOne Holdings,Education,France,Starter,active,108.0,9,7,0.78,5.0,4.4,16.86,101.58,117.96,3,50.0,At Risk,3,Lower commercial value | Payment / billing risk | High-priority support activity,High Priority,Billing intervention,1,108.0
288393,DataBridge Pro Group,Retail,India,Growth,churned,384.0,16,12,0.75,10.0,3.7,23.98,764.68,378.89,2,67.0,Watch,2,Payment / billing risk | High-priority support activity,Not Active,Historical customer — analyse churn reason,0,0.0
425690,ZeroFriction Works 2,Logistics,Canada,Starter,active,36.0,3,3,1.0,2.0,5.0,12.7,0.0,0.0,4,33.0,Critical,4,Low customer engagement | Lower commercial value | High-priority support activity | Unresolved support issues,Immediate Intervention,Product adoption / onboarding intervention,1,36.0
772806,PipelineIO Works,Logistics,Netherlands,Starter,active,84.0,7,7,1.0,3.0,4.0,29.77,84.63,0.0,3,50.0,At Risk,3,Lower commercial value | Payment / billing risk | High-priority support activity,High Priority,Billing intervention,1,84.0
477382,VaultStream Technologies,Financial Services,Australia,Growth,active,624.0,26,19,0.73,4.0,4.75,36.3,627.35,0.0,2,67.0,Watch,2,Payment / billing risk | High-priority support activity,Monitor,Billing intervention,1,624.0
739739,InfraPoint Analytics 1,Financial Services,Brazil,Starter,active,36.0,3,3,1.0,6.0,3.6,33.4,0.0,0.0,4,33.0,Critical,4,Low customer engagement | Lower commercial value | High-priority support activity | Unresolved support issues,Immediate Intervention,Product adoption / onboarding intervention,1,36.0
873654,GridLogic Technologies 1,Financial Services,United Kingdom,Business,active,3784.0,86,85,0.99,5.0,4.2,55.12,3627.16,0.0,2,67.0,Watch,2,Payment / billing risk | High-priority support activity,Monitor,Billing intervention,1,3784.0
248542,Xenon Analytics Analytics,Software,Brazil,Starter,active,36.0,3,2,0.67,4.0,4.25,43.03,71.39,0.0,4,33.0,Critical,4,Low customer engagement | Lower commercial value | Payment / billing risk | High-priority support activity,Immediate Intervention,Billing intervention,1,36.0
669720,Relay Systems Systems 1,Education,Canada,Business,active,5456.0,124,116,0.94,6.0,4.8,41.3,5659.78,5943.87,3,50.0,At Risk,3,Payment / billing risk | High-priority support activity | Unresolved support issues,High Priority,Billing intervention,1,5456.0
740262,GridLogic Digital 1,Software,Brazil,Starter,past_due,60.0,5,3,0.6,5.0,4.2,22.02,0.0,60.18,4,33.0,Critical,4,Low customer engagement | Lower commercial value | Payment / billing risk | High-priority support activity,Not Active,Historical customer — analyse churn reason,0,0.0
824578,InfraPoint Group,Software,Australia,Growth,active,600.0,25,16,0.64,3.0,5.0,27.5,0.0,0.0,1,83.0,Healthy,1,Unresolved support issues,Low Priority,Resolve outstanding support issues,0,0.0
318405,CloudPeak Systems Holdings 1,Manufacturing,United Kingdom,Starter,active,48.0,4,3,0.75,7.0,4.0,82.4,49.08,0.0,3,50.0,At Risk,3,Low customer engagement | Lower commercial value | Payment / billing risk,High Priority,Billing intervention,1,48.0
796619,ZeroFriction Analytics 1,Education,India,Growth,active,456.0,19,17,0.89,7.0,3.71,43.9,0.0,0.0,1,83.0,Healthy,1,High-priority support activity,Low Priority,Support escalation,0,0.0
170417,StackBase Works,Financial Services,Netherlands,Growth,active,888.0,37,29,0.78,7.0,4.14,41.16,918.38,847.38,2,67.0,Watch,2,Payment / billing risk | High-priority support activity,Monitor,Billing intervention,1,888.0
600864,StackBase Works 2,Financial Services,France,Starter,active,48.0,4,4,1.0,5.0,3.0,47.1,0.0,0.0,5,17.0,Critical,5,Low customer engagement | Lower commercial value | High-priority support activity | Unresolved support issues | Low customer satisfaction,Immediate Intervention,Product adoption / onboarding intervention,1,48.0
120608,Envoy Platforms Networks,Financial Services,Canada,Starter,active,48.0,4,3,0.75,3.0,3.67,30.37,0.0,53.15,4,33.0,Critical,4,Low customer engagement | Lower commercial value | Payment / billing risk | High-priority support activity,Immediate Intervention,Billing intervention,1,48.0
805099,Catalyst CRM Partners 1,Healthcare,Canada,Starter,active,36.0,3,2,0.67,8.0,3.88,37.83,69.97,0.0,4,33.0,Critical,4,Low customer engagement | Lower commercial value | Payment / billing risk | High-priority support activity,Immediate Intervention,Billing intervention,1,36.0
218019,Gradient Labs Analytics,Healthcare,France,Starter,active,72.0,6,5,0.83,3.0,3.0,27.13,0.0,0.0,4,33.0,Critical,4,Low customer engagement | Lower commercial value | High-priority support activity | Low customer satisfaction,Immediate Intervention,Product adoption / onboarding intervention,1,72.0
810060,Momentum Tools Labs,Healthcare,Brazil,Starter,active,48.0,4,4,1.0,4.0,3.5,33.28,47.48,0.0,4,33.0,Critical,4,Low customer engagement | Lower commercial value | Payment / billing risk | High-priority support activity,Immediate Intervention,Billing intervention,1,48.0
641276,Relay Systems Works 2,Software,India,Growth,active,168.0,7,7,1.0,2.0,4.5,50.25,157.44,0.0,2,67.0,Watch,2,Lower commercial value | Payment / billing risk,Monitor,Billing intervention,1,168.0
952954,Kinetic AI,Software,France,Growth,churned,456.0,19,19,1.0,5.0,3.6,49.86,439.49,0.0,1,83.0,Healthy,1,Payment / billing risk,Not Active,Historical customer — analyse churn reason,0,0.0
952233,Omnisend Analytics 1,Retail,Australia,Growth,active,576.0,24,20,0.83,8.0,2.8,22.66,1743.8,0.0,4,33.0,Critical,4,Payment / billing risk | High-priority support activity | Unresolved support issues | Low customer satisfaction,Immediate Intervention,Billing intervention,1,576.0
188341,Inline Systems Collective 1,Software,Australia,Starter,active,84.0,7,5,0.71,4.0,3.5,49.55,0.0,0.0,3,50.0,At Risk,3,Low customer engagement | Lower commercial value | High-priority support activity,High Priority,Product adoption / onboarding intervention,1,84.0
919065,Axiom Labs Technologies,Software,Netherlands,Growth,churned,624.0,26,24,0.92,4.0,3.5,45.95,0.0,0.0,1,83.0,Healthy,1,High-priority support activity,Not Active,Historical customer — analyse churn reason,0,0.0
332026,NexusOne Systems,Retail,United States,Starter,active,36.0,3,2,0.67,4.0,4.75,45.15,100.78,0.0,4,33.0,Critical,4,Low customer engagement | Lower commercial value | Payment / billing risk | High-priority support activity,Immediate Intervention,Billing intervention,1,36.0
631096,LaunchPad HQ Holdings 1,Software,United States,Starter,active,36.0,3,2,0.67,6.0,4.0,50.18,38.07,0.0,4,33.0,Critical,4,Low customer engagement | Lower commercial value | Payment / billing risk | Unresolved support issues,Immediate Intervention,Billing intervention,1,36.0
883487,CloudPeak Systems Holdings,Software,Brazil,Starter,active,84.0,7,4,0.57,4.0,4.25,53.33,79.26,0.0,4,33.0,Critical,4,Low customer engagement | Lower commercial value | Payment / billing risk | High-priority support activity,Immediate Intervention,Billing intervention,1,84.0
540658,CloudPeak Systems Systems,Logistics,India,Starter,active,60.0,5,5,1.0,6.0,3.4,44.72,0.0,0.0,4,33.0,Critical,4,Low customer engagement | Lower commercial value | Unresolved support issues | Low customer satisfaction,Immediate Intervention,Product adoption / onboarding intervention,1,60.0
620640,QueryForge Systems,Manufacturing,France,Growth,active,456.0,19,13,0.68,5.0,3.6,28.72,495.41,0.0,2,67.0,Watch,2,Payment / billing risk | High-priority support activity,Monitor,Billing intervention,1,456.0
165228,LaunchPad HQ Labs,Retail,United Kingdom,Growth,active,648.0,27,17,0.63,4.0,3.75,44.35,0.0,0.0,1,83.0,Healthy,1,High-priority support activity,Low Priority,Support escalation,0,0.0
499802,HubStack Systems,Software,Australia,Starter,churned,84.0,7,5,0.71,0.0,,,0.0,82.08,3,50.0,At Risk,3,Low customer engagement | Lower commercial value | Payment / billing risk,Not Active,Historical customer — analyse churn reason,0,0.0
207113,Lattice HQ Group 1,Financial Services,Australia,Starter,trialing,120.0,10,6,0.6,6.0,3.6,56.5,0.0,0.0,3,50.0,At Risk,3,Lower commercial value | High-priority support activity | Unresolved support issues,Not Active,Historical customer — analyse churn reason,0,0.0
792694,Beacon Software Analytics,Software,Canada,Growth,active,1080.0,45,29,0.64,2.0,5.0,31.35,1068.65,0.0,2,67.0,Watch,2,Payment / billing risk | High-priority support activity,Monitor,Billing intervention,1,1080.0
372607,QueryForge Solutions 1,Manufacturing,Netherlands,Growth,active,576.0,24,24,1.0,6.0,4.5,31.3,574.46,0.0,2,67.0,Watch,2,Payment / billing risk | High-priority support activity,Monitor,Billing intervention,1,576.0
618152,Amplitude Corp Networks 2,Financial Services,Netherlands,Business,active,1672.0,38,35,0.92,7.0,3.83,22.83,0.0,0.0,2,67.0,Watch,2,High-priority support activity | Unresolved support issues,Monitor,Support escalation,1,1672.0
514217,WorksiteOS Industries,Healthcare,United States,Growth,active,720.0,30,27,0.9,10.0,4.1,38.67,2102.19,743.48,2,67.0,Watch,2,Payment / billing risk | High-priority support activity,Monitor,Billing intervention,1,720.0
170008,Basecamp Analytics Group 1,Manufacturing,Germany,Business,active,2068.0,47,26,0.55,7.0,4.57,39.33,0.0,2142.04,2,67.0,Watch,2,Payment / billing risk | High-priority support activity,Monitor,Billing intervention,1,2068.0
813618,HubStack Analytics,Software,Brazil,Starter,active,24.0,2,1,0.5,5.0,3.75,28.83,24.86,0.0,5,17.0,Critical,5,Low customer engagement | Lower commercial value | Payment / billing risk | High-priority support activity | Unresolved support issues,Immediate Intervention,Billing intervention,1,24.0
662747,ZeroFriction Group,Manufacturing,Brazil,Enterprise,active,18012.0,228,214,0.94,4.0,3.25,46.6,17859.4,0.0,3,50.0,At Risk,3,Payment / billing risk | High-priority support activity | Low customer satisfaction,High Priority,Billing intervention,1,18012.0
261774,Keystroke AI Labs,Education,Brazil,Growth,active,192.0,8,5,0.63,7.0,4.71,68.84,196.41,0.0,3,50.0,At Risk,3,Low customer engagement | Lower commercial value | Payment / billing risk,High Priority,Billing intervention,1,192.0
557850,JetMetrics Works 2,Software,United Kingdom,Business,active,4356.0,99,78,0.79,3.0,5.0,36.8,0.0,0.0,1,83.0,Healthy,1,High-priority support activity,Low Priority,Support escalation,0,0.0
218565,FunnelSoft Software,Logistics,United States,Starter,churned,48.0,4,4,1.0,7.0,4.43,35.16,51.4,0.0,4,33.0,Critical,4,Low customer engagement | Lower commercial value | Payment / billing risk | High-priority support activity,Not Active,Historical customer — analyse churn reason,0,0.0
415716,ZeroFriction Holdings,Logistics,India,Starter,churned,36.0,3,2,0.67,3.0,4.33,17.53,0.0,73.42,4,33.0,Critical,4,Low customer engagement | Lower commercial value | Payment / billing risk | High-priority support activity,Not Active,Historical customer — analyse churn reason,0,0.0
254564,Unified Ops Networks 1,Logistics,Canada,Business,trialing,4444.0,101,95,0.94,4.0,4.0,77.9,9240.72,4208.66,1,83.0,Healthy,1,Payment / billing risk,Not Active,Historical customer — analyse churn reason,0,0.0
145314,Amplitude Corp Analytics 1,Retail,Netherlands,Starter,trialing,48.0,4,3,0.75,2.0,4.5,66.1,0.0,0.0,2,67.0,Watch,2,Low customer engagement | Lower commercial value,Not Active,Historical customer — analyse churn reason,0,0.0
665974,GridLogic Collective,Software,India,Starter,active,36.0,3,2,0.67,2.0,4.0,71.8,32.67,0.0,4,33.0,Critical,4,Low customer engagement | Lower commercial value | Payment / billing risk | Unresolved support issues,Immediate Intervention,Billing intervention,1,36.0
516432,InfraPoint Analytics,Financial Services,Netherlands,Growth,active,672.0,28,27,0.96,4.0,4.0,35.43,2035.59,703.79,2,67.0,Watch,2,Payment / billing risk | High-priority support activity,Monitor,Billing intervention,1,672.0
196472,TriggerPoint Software,Retail,India,Growth,active,528.0,22,15,0.68,7.0,4.0,21.08,529.71,0.0,3,50.0,At Risk,3,Payment / billing risk | High-priority support activity | Unresolved support issues,High Priority,Billing intervention,1,528.0
832087,Lattice HQ Solutions 1,Manufacturing,Brazil,Growth,active,360.0,15,10,0.67,6.0,4.2,41.24,713.04,0.0,3,50.0,At Risk,3,Payment / billing risk | High-priority support activity | Unresolved support issues,High Priority,Billing intervention,1,360.0
139506,Kinetic AI Works 2,Financial Services,Brazil,Starter,active,48.0,4,3,0.75,10.0,4.0,28.18,49.49,0.0,5,17.0,Critical,5,Low customer engagement | Lower commercial value | Payment / billing risk | High-priority support activity | Unresolved support issues,Immediate Intervention,Billing intervention,1,48.0
199248,Basecamp Analytics Systems 2,Retail,Brazil,Business,active,4048.0,92,83,0.9,6.0,3.83,51.72,8202.06,0.0,2,67.0,Watch,2,Payment / billing risk | High-priority support activity,Monitor,Billing intervention,1,4048.0
728261,Keystroke AI Software,Manufacturing,Germany,Starter,active,96.0,8,7,0.88,2.0,3.5,59.05,96.46,95.31,2,67.0,Watch,2,Lower commercial value | Payment / billing risk,Monitor,Billing intervention,1,96.0
874496,Amplitude Corp Software,Retail,Germany,Business,active,1540.0,35,30,0.86,4.0,4.5,38.1,1502.99,0.0,1,83.0,Healthy,1,Payment / billing risk,Low Priority,Billing intervention,0,0.0
918351,ZeroFriction Collective,Logistics,Brazil,Starter,active,84.0,7,7,1.0,5.0,3.2,27.86,0.0,76.82,4,33.0,Critical,4,Lower commercial value | Payment / billing risk | High-priority support activity | Low customer satisfaction,Immediate Intervention,Billing intervention,1,84.0
183180,Deployly Holdings 1,Logistics,United Kingdom,Growth,active,360.0,15,11,0.73,2.0,3.0,28.4,0.0,0.0,3,50.0,At Risk,3,High-priority support activity | Unresolved support issues | Low customer satisfaction,High Priority,Customer success follow-up,1,360.0
914996,Momentum Tools Analytics 1,Software,United Kingdom,Growth,active,720.0,30,21,0.7,2.0,4.5,50.85,758.3,0.0,2,67.0,Watch,2,Payment / billing risk | High-priority support activity,Monitor,Billing intervention,1,720.0
597592,LaunchPad HQ Group 1,Manufacturing,Japan,Growth,active,408.0,17,13,0.76,2.0,5.0,24.25,447.37,0.0,2,67.0,Watch,2,Payment / billing risk | High-priority support activity,Monitor,Billing intervention,1,408.0
175177,LaunchPad HQ Labs 1,Manufacturing,Japan,Starter,active,36.0,3,3,1.0,6.0,4.5,26.02,0.0,0.0,3,50.0,At Risk,3,Low customer engagement | Lower commercial value | High-priority support activity,High Priority,Product adoption / onboarding intervention,1,36.0
793847,NexusOne Works,Financial Services,Germany,Growth,active,600.0,25,16,0.64,2.0,2.5,26.9,579.67,0.0,3,50.0,At Risk,3,Payment / billing risk | High-priority support activity | Low customer satisfaction,High Priority,Billing intervention,1,600.0
460814,YieldMetrics Industries,Software,Australia,Starter,active,36.0,3,3,1.0,5.0,4.25,42.48,0.0,0.0,3,50.0,At Risk,3,Low customer engagement | Lower commercial value | Unresolved support issues,High Priority,Product adoption / onboarding intervention,1,36.0
610566,Catalyst CRM Digital,Education,Netherlands,Growth,active,336.0,14,9,0.64,3.0,4.0,16.17,363.39,0.0,2,67.0,Watch,2,Payment / billing risk | High-priority support activity,Monitor,Billing intervention,1,336.0
216101,TriggerPoint Digital 1,Software,Brazil,Starter,active,24.0,2,2,1.0,7.0,4.17,44.3,23.54,0.0,4,33.0,Critical,4,Low customer engagement | Lower commercial value | Payment / billing risk | Unresolved support issues,Immediate Intervention,Billing intervention,1,24.0
153122,Unified Ops Group 2,Healthcare,United States,Starter,active,48.0,4,4,1.0,3.0,5.0,48.97,104.87,46.42,4,33.0,Critical,4,Low customer engagement | Lower commercial value | Payment / billing risk | High-priority support activity,Immediate Intervention,Billing intervention,1,48.0
600774,Basecamp Analytics,Manufacturing,United States,Business,active,3212.0,73,52,0.71,8.0,3.88,34.8,3315.68,0.0,2,67.0,Watch,2,Payment / billing risk | High-priority support activity,Monitor,Billing intervention,1,3212.0
812313,Gradient Labs,Financial Services,Canada,Starter,active,96.0,8,8,1.0,6.0,4.25,62.7,0.0,0.0,3,50.0,At Risk,3,Lower commercial value | High-priority support activity | Unresolved support issues,High Priority,Support escalation,1,96.0
617646,GridLogic Group,Logistics,United Kingdom,Growth,active,336.0,14,10,0.71,4.0,4.5,19.7,0.0,676.03,2,67.0,Watch,2,Payment / billing risk | High-priority support activity,Monitor,Billing intervention,1,336.0
886365,Basecamp Analytics Holdings,Financial Services,France,Business,active,2508.0,57,47,0.82,4.0,4.25,44.68,2505.29,0.0,1,83.0,Healthy,1,Payment / billing risk,Low Priority,Billing intervention,0,0.0
441792,Lattice HQ Systems 1,Software,Australia,Growth,active,720.0,30,25,0.83,4.0,4.0,55.13,704.53,0.0,3,50.0,At Risk,3,Payment / billing risk | High-priority support activity | Unresolved support issues,High Priority,Billing intervention,1,720.0
341901,TriggerPoint Labs,Healthcare,Japan,Starter,active,72.0,6,5,0.83,3.0,4.0,32.5,213.14,0.0,5,17.0,Critical,5,Low customer engagement | Lower commercial value | Payment / billing risk | High-priority support activity | Unresolved support issues,Immediate Intervention,Billing intervention,1,72.0
315175,HubStack Industries,Healthcare,Brazil,Starter,active,60.0,5,3,0.6,3.0,4.33,60.67,121.36,0.0,4,33.0,Critical,4,Low customer engagement | Lower commercial value | Payment / billing risk | High-priority support activity,Immediate Intervention,Billing intervention,1,60.0
118948,Amplitude Corp Systems,Software,Brazil,Starter,active,108.0,9,8,0.89,6.0,4.5,36.95,0.0,0.0,3,50.0,At Risk,3,Lower commercial value | High-priority support activity | Unresolved support issues,High Priority,Support escalation,1,108.0
471767,StackBase Analytics,Healthcare,Brazil,Starter,active,84.0,7,6,0.86,4.0,3.75,29.83,76.98,0.0,3,50.0,At Risk,3,Lower commercial value | Payment / billing risk | High-priority support activity,High Priority,Billing intervention,1,84.0
854467,Omnisend Partners 1,Healthcare,Netherlands,Growth,active,720.0,30,18,0.6,7.0,3.14,45.56,0.0,1535.67,3,50.0,At Risk,3,Payment / billing risk | High-priority support activity | Low customer satisfaction,High Priority,Billing intervention,1,720.0
689717,Amplitude Corp Digital,Software,Netherlands,Starter,active,48.0,4,3,0.75,4.0,4.33,32.7,44.44,0.0,5,17.0,Critical,5,Low customer engagement | Lower commercial value | Payment / billing risk | High-priority support activity | Unresolved support issues,Immediate Intervention,Billing intervention,1,48.0
540749,MeshWorks Labs 1,Financial Services,Germany,Starter,active,24.0,2,1,0.5,1.0,5.0,28.0,22.35,0.0,3,50.0,At Risk,3,Low customer engagement | Lower commercial value | Payment / billing risk,High Priority,Billing intervention,1,24.0
586292,CloudPeak Systems Group,Financial Services,Canada,Starter,past_due,36.0,3,3,1.0,2.0,4.0,25.6,35.96,0.0,4,33.0,Critical,4,Low customer engagement | Lower commercial value | Payment / billing risk | Unresolved support issues,Not Active,Historical customer — analyse churn reason,0,0.0
108657,Basecamp Analytics Works 2,Financial Services,Germany,Growth,active,600.0,25,21,0.84,2.0,3.5,10.45,610.15,0.0,2,67.0,Watch,2,Payment / billing risk | High-priority support activity,Monitor,Billing intervention,1,600.0
174373,StackBase Networks 1,Retail,Germany,Growth,churned,432.0,18,16,0.89,6.0,3.4,22.84,0.0,0.0,3,50.0,At Risk,3,High-priority support activity | Unresolved support issues | Low customer satisfaction,Not Active,Historical customer — analyse churn reason,0,0.0
768193,FlowState,Healthcare,Germany,Growth,active,696.0,29,28,0.97,6.0,4.0,60.58,713.54,0.0,1,83.0,Healthy,1,Payment / billing risk,Low Priority,Billing intervention,0,0.0
908690,InfraPoint Holdings,Manufacturing,Brazil,Growth,past_due,840.0,35,34,0.97,11.0,4.45,21.16,832.6,0.0,2,67.0,Watch,2,Payment / billing risk | High-priority support activity,Not Active,Historical customer — analyse churn reason,0,0.0
357563,Relay Systems Works,Healthcare,Japan,Growth,active,192.0,8,8,1.0,3.0,3.0,45.03,0.0,0.0,2,67.0,Watch,2,Lower commercial value | Low customer satisfaction,Monitor,Customer success follow-up,1,192.0
351475,Xenon Analytics Holdings,Software,Brazil,Starter,active,84.0,7,4,0.57,3.0,4.0,13.8,0.0,0.0,3,50.0,At Risk,3,Low customer engagement | Lower commercial value | High-priority support activity,High Priority,Product adoption / onboarding intervention,1,84.0
678569,Kinetic AI Analytics,Healthcare,Netherlands,Growth,active,792.0,33,33,1.0,3.0,4.0,56.4,1660.06,786.95,1,83.0,Healthy,1,Payment / billing risk,Low Priority,Billing intervention,0,0.0
863793,Catalyst CRM Analytics 1,Retail,Canada,Starter,past_due,96.0,8,8,1.0,2.0,4.5,18.6,182.49,95.27,3,50.0,At Risk,3,Lower commercial value | Payment / billing risk | High-priority support activity,Not Active,Historical customer — analyse churn reason,0,0.0
441844,Deployly Partners,Software,France,Growth,active,696.0,29,19,0.66,4.0,3.75,42.03,1398.91,0.0,1,83.0,Healthy,1,Payment / billing risk,Low Priority,Billing intervention,0,0.0
236391,Beacon Software Digital,Retail,Canada,Business,active,4048.0,92,58,0.63,5.0,3.8,18.34,0.0,0.0,1,83.0,Healthy,1,High-priority support activity,Low Priority,Support escalation,0,0.0
543184,Lattice HQ Analytics 1,Financial Services,Netherlands,Starter,active,48.0,4,2,0.5,4.0,4.67,22.73,0.0,0.0,4,33.0,Critical,4,Low customer engagement | Lower commercial value | High-priority support activity | Unresolved support issues,Immediate Intervention,Product adoption / onboarding intervention,1,48.0
427620,Keystroke AI Solutions,Manufacturing,Australia,Growth,churned,720.0,30,25,0.83,8.0,4.0,49.63,0.0,0.0,2,67.0,Watch,2,High-priority support activity | Unresolved support issues,Not Active,Historical customer — analyse churn reason,0,0.0
558639,NodeSync Digital,Manufacturing,United Kingdom,Starter,active,60.0,5,3,0.6,8.0,4.83,21.43,62.42,53.94,5,17.0,Critical,5,Low customer engagement | Lower commercial value | Payment / billing risk | High-priority support activity | Unresolved support issues,Immediate Intervention,Billing intervention,1,60.0
355983,HubStack Systems 2,Logistics,Canada,Growth,active,264.0,11,8,0.73,8.0,4.17,26.17,0.0,0.0,2,67.0,Watch,2,High-priority support activity | Unresolved support issues,Monitor,Support escalation,1,264.0
581789,Unified Ops Labs 1,Education,Netherlands,Starter,active,132.0,11,7,0.64,2.0,3.5,45.45,136.04,138.74,2,67.0,Watch,2,Lower commercial value | Payment / billing risk,Monitor,Billing intervention,1,132.0
198781,Envoy Platforms Labs,Software,France,Starter,active,84.0,7,6,0.86,9.0,3.63,45.1,82.91,82.98,4,33.0,Critical,4,Lower commercial value | Payment / billing risk | High-priority support activity | Unresolved support issues,Immediate Intervention,Billing intervention,1,84.0
693331,Lattice HQ Labs 2,Logistics,France,Starter,active,36.0,3,2,0.67,4.0,4.33,46.6,0.0,0.0,4,33.0,Critical,4,Low customer engagement | Lower commercial value | High-priority support activity | Unresolved support issues,Immediate Intervention,Product adoption / onboarding intervention,1,36.0
591895,GridLogic Works,Healthcare,United Kingdom,Starter,active,108.0,9,7,0.78,3.0,3.67,34.73,103.5,0.0,2,67.0,Watch,2,Lower commercial value | Payment / billing risk,Monitor,Billing intervention,1,108.0
387432,Keystroke AI Labs 2,Healthcare,India,Growth,active,480.0,20,19,0.95,2.0,4.0,52.4,1446.65,0.0,2,67.0,Watch,2,Payment / billing risk | High-priority support activity,Monitor,Billing intervention,1,480.0
312337,Amplitude Corp Holdings,Logistics,Germany,Starter,active,72.0,6,3,0.5,7.0,4.14,44.83,79.01,71.89,4,33.0,Critical,4,Low customer engagement | Lower commercial value | Payment / billing risk | High-priority support activity,Immediate Intervention,Billing intervention,1,72.0
406504,FlowState Group,Education,Netherlands,Business,active,2948.0,67,53,0.79,4.0,4.75,28.6,8495.62,0.0,2,67.0,Watch,2,Payment / billing risk | High-priority support activity,Monitor,Billing intervention,1,2948.0
359105,Omnisend Digital 1,Financial Services,Germany,Growth,active,696.0,29,22,0.76,5.0,4.8,36.74,625.17,719.54,2,67.0,Watch,2,Payment / billing risk | High-priority support activity,Monitor,Billing intervention,1,696.0
626504,VaultStream Analytics 1,Retail,United Kingdom,Starter,churned,108.0,9,6,0.67,3.0,2.33,10.13,233.86,0.0,4,33.0,Critical,4,Lower commercial value | Payment / billing risk | High-priority support activity | Low customer satisfaction,Not Active,Historical customer — analyse churn reason,0,0.0
877086,InfraPoint Collective,Healthcare,Japan,Growth,active,528.0,22,18,0.82,4.0,4.5,86.55,512.06,1097.41,2,67.0,Watch,2,Payment / billing risk | High-priority support activity,Monitor,Billing intervention,1,528.0
181128,GridLogic Solutions 1,Financial Services,Canada,Growth,active,576.0,24,15,0.63,5.0,3.5,62.05,586.03,0.0,2,67.0,Watch,2,Payment / billing risk | Unresolved support issues,Monitor,Billing intervention,1,576.0
744158,GridLogic Partners 1,Logistics,France,Business,active,1100.0,25,14,0.56,2.0,3.0,41.35,1139.6,0.0,2,67.0,Watch,2,Payment / billing risk | Low customer satisfaction,Monitor,Billing intervention,1,1100.0
194356,Kinetic AI Collective 1,Healthcare,Canada,Starter,active,36.0,3,3,1.0,5.0,3.0,47.06,35.83,0.0,4,33.0,Critical,4,Low customer engagement | Lower commercial value | Payment / billing risk | Low customer satisfaction,Immediate Intervention,Billing intervention,1,36.0
216530,DataBridge Pro Group 1,Manufacturing,Netherlands,Starter,active,84.0,7,6,0.86,8.0,4.13,65.55,90.2,0.0,2,67.0,Watch,2,Lower commercial value | Payment / billing risk,Monitor,Billing intervention,1,84.0
604126,LaunchPad HQ Software 1,Software,Netherlands,Starter,active,48.0,4,4,1.0,3.0,4.67,31.63,55.72,97.07,3,50.0,At Risk,3,Low customer engagement | Lower commercial value | Payment / billing risk,High Priority,Billing intervention,1,48.0
951550,Junction Cloud Group,Financial Services,United Kingdom,Starter,active,36.0,3,2,0.67,6.0,4.6,40.38,38.14,0.0,5,17.0,Critical,5,Low customer engagement | Lower commercial value | Payment / billing risk | High-priority support activity | Unresolved support issues,Immediate Intervention,Billing intervention,1,36.0
613449,Catalyst CRM Collective,Logistics,France,Growth,active,240.0,10,9,0.9,4.0,3.5,31.28,0.0,0.0,1,83.0,Healthy,1,Lower commercial value,Low Priority,Engagement and value review,0,0.0
203860,Amplitude Corp Solutions 2,Retail,Australia,Growth,active,600.0,25,21,0.84,3.0,3.0,26.1,0.0,550.75,3,50.0,At Risk,3,Payment / billing risk | Unresolved support issues | Low customer satisfaction,High Priority,Billing intervention,1,600.0
551362,PipelineIO Industries,Financial Services,Japan,Growth,active,864.0,36,30,0.83,3.0,4.67,20.83,963.51,0.0,2,67.0,Watch,2,Payment / billing risk | High-priority support activity,Monitor,Billing intervention,1,864.0
313943,Xenon Analytics Group 1,Software,France,Growth,active,984.0,41,32,0.78,3.0,4.5,26.35,0.0,956.75,3,50.0,At Risk,3,Payment / billing risk | High-priority support activity | Unresolved support issues,High Priority,Billing intervention,1,984.0
241116,Lattice HQ Industries 1,Education,Canada,Starter,active,48.0,4,3,0.75,4.0,4.5,68.08,47.38,49.6,3,50.0,At Risk,3,Low customer engagement | Lower commercial value | Payment / billing risk,High Priority,Billing intervention,1,48.0
943858,EdgeFlow Technologies Technologies 1,Healthcare,Netherlands,Growth,active,456.0,19,16,0.84,5.0,4.2,26.6,1387.86,0.0,2,67.0,Watch,2,Payment / billing risk | High-priority support activity,Monitor,Billing intervention,1,456.0
299049,HorizonSaaS Partners,Healthcare,Canada,Starter,churned,96.0,8,6,0.75,5.0,4.0,30.52,0.0,0.0,2,67.0,Watch,2,Lower commercial value | High-priority support activity,Not Active,Historical customer — analyse churn reason,0,0.0
516478,QueryForge,Retail,Japan,Starter,active,36.0,3,2,0.67,3.0,4.0,15.27,36.61,0.0,4,33.0,Critical,4,Low customer engagement | Lower commercial value | Payment / billing risk | High-priority support activity,Immediate Intervention,Billing intervention,1,36.0
404963,GridLogic Software 1,Education,Canada,Growth,active,600.0,25,15,0.6,7.0,4.67,43.02,0.0,0.0,2,67.0,Watch,2,High-priority support activity | Unresolved support issues,Monitor,Support escalation,1,600.0
768839,MeshWorks Systems,Software,United Kingdom,Starter,active,12.0,1,1,1.0,8.0,4.0,55.25,0.0,0.0,4,33.0,Critical,4,Low customer engagement | Lower commercial value | High-priority support activity | Unresolved support issues,Immediate Intervention,Product adoption / onboarding intervention,1,12.0
977420,NodeSync Industries 1,Healthcare,Japan,Starter,active,24.0,2,2,1.0,6.0,4.0,71.66,0.0,0.0,4,33.0,Critical,4,Low customer engagement | Lower commercial value | High-priority support activity | Unresolved support issues,Immediate Intervention,Product adoption / onboarding intervention,1,24.0
333840,GridLogic Technologies,Retail,India,Business,active,3388.0,77,74,0.96,4.0,5.0,20.0,3064.42,0.0,3,50.0,At Risk,3,Payment / billing risk | High-priority support activity | Unresolved support issues,High Priority,Billing intervention,1,3388.0
810968,QueryForge Works,Financial Services,Brazil,Growth,churned,312.0,13,8,0.62,1.0,5.0,29.4,314.13,0.0,1,83.0,Healthy,1,Payment / billing risk,Not Active,Historical customer — analyse churn reason,0,0.0
177009,Junction Cloud Partners,Education,Netherlands,Starter,churned,24.0,2,2,1.0,7.0,3.43,31.76,0.0,0.0,4,33.0,Critical,4,Low customer engagement | Lower commercial value | High-priority support activity | Low customer satisfaction,Not Active,Historical customer — analyse churn reason,0,0.0
393362,FlowState Industries,Software,United Kingdom,Growth,active,600.0,25,24,0.96,5.0,2.6,47.98,634.63,0.0,3,50.0,At Risk,3,Payment / billing risk | High-priority support activity | Low customer satisfaction,High Priority,Billing intervention,1,600.0
940445,Amplitude Corp Software 1,Software,Netherlands,Starter,active,144.0,12,10,0.83,4.0,4.5,31.73,146.8,0.0,2,67.0,Watch,2,Lower commercial value | Payment / billing risk,Monitor,Billing intervention,1,144.0
368540,WorksiteOS Collective,Financial Services,Canada,Starter,active,72.0,6,4,0.67,9.0,3.5,35.83,0.0,0.0,4,33.0,Critical,4,Low customer engagement | Lower commercial value | High-priority support activity | Unresolved support issues,Immediate Intervention,Product adoption / onboarding intervention,1,72.0
270148,Axiom Labs,Retail,Australia,Growth,active,912.0,38,37,0.97,4.0,5.0,21.97,0.0,0.0,2,67.0,Watch,2,High-priority support activity | Unresolved support issues,Monitor,Support escalation,1,912.0
457960,Unified Ops Digital 2,Manufacturing,Brazil,Starter,active,36.0,3,2,0.67,7.0,4.5,39.37,0.0,0.0,4,33.0,Critical,4,Low customer engagement | Lower commercial value | High-priority support activity | Unresolved support issues,Immediate Intervention,Product adoption / onboarding intervention,1,36.0
836507,Beacon Software Systems,Software,Brazil,Starter,active,108.0,9,5,0.56,6.0,3.83,25.6,0.0,0.0,3,50.0,At Risk,3,Low customer engagement | Lower commercial value | High-priority support activity,High Priority,Product adoption / onboarding intervention,1,108.0
216864,Inline Systems Analytics,Healthcare,United Kingdom,Starter,active,24.0,2,2,1.0,10.0,4.1,56.56,0.0,50.45,4,33.0,Critical,4,Low customer engagement | Lower commercial value | Payment / billing risk | High-priority support activity,Immediate Intervention,Billing intervention,1,24.0
533010,Kinetic AI Industries 1,Healthcare,Japan,Growth,active,288.0,12,9,0.75,0.0,,,0.0,0.0,0,100.0,Healthy,1,No major risk signal detected,Low Priority,Routine customer monitoring,0,0.0
669363,PipelineIO Networks,Education,Germany,Starter,active,48.0,4,4,1.0,2.0,3.0,77.3,91.46,0.0,4,33.0,Critical,4,Low customer engagement | Lower commercial value | Payment / billing risk | Low customer satisfaction,Immediate Intervention,Billing intervention,1,48.0
814957,ZeroFriction,Software,Brazil,Growth,active,504.0,21,16,0.76,2.0,5.0,77.35,991.08,0.0,1,83.0,Healthy,1,Payment / billing risk,Low Priority,Billing intervention,0,0.0
697314,Junction Cloud Technologies,Software,Canada,Growth,active,408.0,17,15,0.88,3.0,3.33,25.13,0.0,0.0,2,67.0,Watch,2,High-priority support activity | Low customer satisfaction,Monitor,Customer success follow-up,1,408.0
797764,Unified Ops Technologies 2,Financial Services,France,Starter,active,96.0,8,7,0.88,2.0,3.0,21.5,93.78,97.63,4,33.0,Critical,4,Lower commercial value | Payment / billing risk | High-priority support activity | Low customer satisfaction,Immediate Intervention,Billing intervention,1,96.0
301453,Basecamp Analytics Digital 1,Retail,France,Starter,active,60.0,5,5,1.0,5.0,4.75,57.25,172.57,0.0,4,33.0,Critical,4,Low customer engagement | Lower commercial value | Payment / billing risk | Unresolved support issues,Immediate Intervention,Billing intervention,1,60.0
304212,Unified Ops Group,Retail,United Kingdom,Starter,past_due,84.0,7,6,0.86,1.0,4.0,19.2,172.38,72.64,2,67.0,Watch,2,Lower commercial value | Payment / billing risk,Not Active,Historical customer — analyse churn reason,0,0.0
182129,Lattice HQ Solutions,Healthcare,Japan,Growth,active,432.0,18,12,0.67,3.0,4.67,21.87,0.0,0.0,1,83.0,Healthy,1,High-priority support activity,Low Priority,Support escalation,0,0.0
660322,Inline Systems Software,Financial Services,India,Growth,active,480.0,20,15,0.75,6.0,4.0,24.14,0.0,0.0,2,67.0,Watch,2,High-priority support activity | Unresolved support issues,Monitor,Support escalation,1,480.0
237570,ZeroFriction Group 2,Software,Canada,Growth,active,336.0,14,11,0.79,3.0,3.33,47.0,0.0,0.0,1,83.0,Healthy,1,Low customer satisfaction,Low Priority,Customer success follow-up,0,0.0
892691,HubStack Digital 2,Healthcare,Germany,Growth,active,456.0,19,13,0.68,2.0,4.0,50.0,0.0,485.68,1,83.0,Healthy,1,Payment / billing risk,Low Priority,Billing intervention,0,0.0
989410,StackBase Software,Manufacturing,France,Starter,active,12.0,1,1,1.0,6.0,4.17,47.78,12.03,0.0,4,33.0,Critical,4,Low customer engagement | Lower commercial value | Payment / billing risk | High-priority support activity,Immediate Intervention,Billing intervention,1,12.0
391164,HubStack Software,Manufacturing,Brazil,Starter,past_due,24.0,2,1,0.5,5.0,2.6,40.12,0.0,0.0,4,33.0,Critical,4,Low customer engagement | Lower commercial value | High-priority support activity | Low customer satisfaction,Not Active,Historical customer — analyse churn reason,0,0.0
298652,Lattice HQ Analytics,Financial Services,Canada,Growth,active,648.0,27,26,0.96,5.0,5.0,44.57,0.0,0.0,1,83.0,Healthy,1,Unresolved support issues,Low Priority,Resolve outstanding support issues,0,0.0
561696,Basecamp Analytics Labs,Financial Services,India,Starter,active,48.0,4,3,0.75,4.0,4.33,67.63,46.4,44.46,4,33.0,Critical,4,Low customer engagement | Lower commercial value | Payment / billing risk | Unresolved support issues,Immediate Intervention,Billing intervention,1,48.0
451700,Junction Cloud Technologies 1,Healthcare,France,Starter,active,96.0,8,5,0.63,7.0,3.17,55.95,0.0,0.0,5,17.0,Critical,5,Low customer engagement | Lower commercial value | High-priority support activity | Unresolved support issues | Low customer satisfaction,Immediate Intervention,Product adoption / onboarding intervention,1,96.0
779156,Axiom Labs Partners,Software,Canada,Growth,active,576.0,24,15,0.63,11.0,3.73,31.56,0.0,539.73,2,67.0,Watch,2,Payment / billing risk | High-priority support activity,Monitor,Billing intervention,1,576.0
992844,FlowState Networks,Software,France,Growth,active,288.0,12,10,0.83,6.0,3.8,37.74,0.0,0.0,1,83.0,Healthy,1,Unresolved support issues,Low Priority,Resolve outstanding support issues,0,0.0
172596,Gradient Labs Holdings,Logistics,Australia,Growth,active,312.0,13,13,1.0,0.0,,,0.0,307.74,1,83.0,Healthy,1,Payment / billing risk,Low Priority,Billing intervention,0,0.0
292435,QueryForge Analytics 1,Financial Services,India,Growth,active,840.0,35,34,0.97,3.0,3.0,56.2,819.36,0.0,2,67.0,Watch,2,Payment / billing risk | Low customer satisfaction,Monitor,Billing intervention,1,840.0
692863,MeshWorks Group,Software,Netherlands,Starter,active,96.0,8,6,0.75,5.0,4.33,41.67,101.38,0.0,4,33.0,Critical,4,Lower commercial value | Payment / billing risk | High-priority support activity | Unresolved support issues,Immediate Intervention,Billing intervention,1,96.0
479493,WorksiteOS Works,Healthcare,Japan,Starter,active,108.0,9,6,0.67,3.0,2.0,93.6,106.82,0.0,4,33.0,Critical,4,Lower commercial value | Payment / billing risk | Unresolved support issues | Low customer satisfaction,Immediate Intervention,Billing intervention,1,108.0
549976,Inline Systems Digital 1,Financial Services,Netherlands,Business,active,1980.0,45,28,0.62,6.0,4.2,25.18,0.0,0.0,2,67.0,Watch,2,High-priority support activity | Unresolved support issues,Monitor,Support escalation,1,1980.0
228280,Keystroke AI Systems 1,Education,Canada,Growth,active,600.0,25,22,0.88,8.0,3.88,62.7,579.82,0.0,2,67.0,Watch,2,Payment / billing risk | High-priority support activity,Monitor,Billing intervention,1,600.0
912387,PipelineIO Analytics,Education,India,Starter,active,48.0,4,2,0.5,3.0,3.0,71.0,45.96,0.0,5,17.0,Critical,5,Low customer engagement | Lower commercial value | Payment / billing risk | Unresolved support issues | Low customer satisfaction,Immediate Intervention,Billing intervention,1,48.0
499701,Xenon Analytics Networks,Financial Services,Brazil,Growth,active,264.0,11,8,0.73,3.0,4.67,73.77,523.01,0.0,2,67.0,Watch,2,Payment / billing risk | High-priority support activity,Monitor,Billing intervention,1,264.0
780194,YieldMetrics Analytics,Retail,United States,Business,active,1408.0,32,26,0.81,4.0,3.0,7.75,0.0,0.0,2,67.0,Watch,2,High-priority support activity | Low customer satisfaction,Monitor,Customer success follow-up,1,1408.0
240194,DataBridge Pro Systems,Financial Services,Brazil,Starter,active,108.0,9,7,0.78,6.0,4.4,17.84,100.38,0.0,4,33.0,Critical,4,Lower commercial value | Payment / billing risk | High-priority support activity | Unresolved support issues,Immediate Intervention,Billing intervention,1,108.0
488220,DataBridge Pro Analytics,Software,Brazil,Growth,active,240.0,10,9,0.9,3.0,4.33,41.8,273.93,0.0,2,67.0,Watch,2,Lower commercial value | Payment / billing risk,Monitor,Billing intervention,1,240.0
992229,Beacon Software Holdings 1,Retail,United States,Business,active,2684.0,61,52,0.85,6.0,4.5,63.67,0.0,0.0,1,83.0,Healthy,1,High-priority support activity,Low Priority,Support escalation,0,0.0
304113,Envoy Platforms Technologies 1,Logistics,United States,Growth,active,480.0,20,18,0.9,7.0,3.57,45.13,0.0,0.0,1,83.0,Healthy,1,High-priority support activity,Low Priority,Support escalation,0,0.0
205204,Keystroke AI Technologies 1,Financial Services,United Kingdom,Starter,active,132.0,11,10,0.91,2.0,2.5,42.9,270.47,252.29,3,50.0,At Risk,3,Lower commercial value | Payment / billing risk | Low customer satisfaction,High Priority,Billing intervention,1,132.0
969783,QueryForge Group,Healthcare,Japan,Growth,active,600.0,25,21,0.84,1.0,5.0,14.4,0.0,0.0,1,83.0,Healthy,1,High-priority support activity,Low Priority,Support escalation,0,0.0
623050,ZeroFriction Technologies,Education,United States,Starter,active,60.0,5,3,0.6,7.0,4.17,50.57,63.65,0.0,5,17.0,Critical,5,Low customer engagement | Lower commercial value | Payment / billing risk | High-priority support activity | Unresolved support issues,Immediate Intervention,Billing intervention,1,60.0
529391,NexusOne Software,Manufacturing,United States,Starter,active,36.0,3,2,0.67,8.0,4.0,51.53,0.0,0.0,4,33.0,Critical,4,Low customer engagement | Lower commercial value | High-priority support activity | Unresolved support issues,Immediate Intervention,Product adoption / onboarding intervention,1,36.0
913140,LaunchPad HQ Systems 1,Manufacturing,Japan,Starter,active,132.0,11,9,0.82,0.0,,,0.0,0.0,1,83.0,Healthy,1,Lower commercial value,Low Priority,Engagement and value review,0,0.0
619919,ZeroFriction Systems,Financial Services,United States,Starter,active,24.0,2,1,0.5,3.0,4.33,42.53,26.09,0.0,3,50.0,At Risk,3,Low customer engagement | Lower commercial value | Payment / billing risk,High Priority,Billing intervention,1,24.0
899547,CloudPeak Systems Software,Manufacturing,Netherlands,Growth,active,312.0,13,11,0.85,5.0,4.8,27.48,0.0,345.45,2,67.0,Watch,2,Payment / billing risk | High-priority support activity,Monitor,Billing intervention,1,312.0
249442,Lattice HQ Works,Education,Netherlands,Business,active,3520.0,80,71,0.89,4.0,4.25,56.38,6769.7,0.0,2,67.0,Watch,2,Payment / billing risk | High-priority support activity,Monitor,Billing intervention,1,3520.0
258458,Xenon Analytics Labs 1,Logistics,Brazil,Business,active,3036.0,69,55,0.8,2.0,5.0,19.8,0.0,0.0,1,83.0,Healthy,1,Unresolved support issues,Low Priority,Resolve outstanding support issues,0,0.0
731867,Lattice HQ Collective 1,Financial Services,Japan,Growth,active,768.0,32,31,0.97,9.0,4.0,63.75,1610.0,823.41,3,50.0,At Risk,3,Payment / billing risk | High-priority support activity | Unresolved support issues,High Priority,Billing intervention,1,768.0
505710,CloudPeak Systems Works 2,Software,Netherlands,Growth,active,432.0,18,16,0.89,5.0,3.75,27.6,1291.71,441.39,3,50.0,At Risk,3,Payment / billing risk | High-priority support activity | Unresolved support issues,High Priority,Billing intervention,1,432.0
492564,Axiom Labs Software,Healthcare,France,Growth,active,384.0,16,15,0.94,4.0,3.33,28.63,358.99,0.0,4,33.0,Critical,4,Payment / billing risk | High-priority support activity | Unresolved support issues | Low customer satisfaction,Immediate Intervention,Billing intervention,1,384.0
153452,Amplitude Corp Industries 2,Healthcare,France,Starter,active,96.0,8,4,0.5,9.0,3.89,35.83,85.1,102.13,4,33.0,Critical,4,Low customer engagement | Lower commercial value | Payment / billing risk | High-priority support activity,Immediate Intervention,Billing intervention,1,96.0
356856,EdgeFlow Technologies Industries,Education,Germany,Starter,active,84.0,7,5,0.71,6.0,4.67,45.48,0.0,0.0,3,50.0,At Risk,3,Low customer engagement | Lower commercial value | High-priority support activity,High Priority,Product adoption / onboarding intervention,1,84.0
692089,Lattice HQ Partners 1,Financial Services,India,Growth,active,744.0,31,23,0.74,9.0,3.6,41.32,869.45,0.0,2,67.0,Watch,2,Payment / billing risk | Unresolved support issues,Monitor,Billing intervention,1,744.0
383347,InfraPoint Technologies,Financial Services,Canada,Starter,active,84.0,7,4,0.57,4.0,4.0,36.5,172.0,0.0,3,50.0,At Risk,3,Low customer engagement | Lower commercial value | Payment / billing risk,High Priority,Billing intervention,1,84.0
651612,MeshWorks Industries,Education,Canada,Starter,active,60.0,5,3,0.6,4.0,4.75,27.38,124.06,0.0,4,33.0,Critical,4,Low customer engagement | Lower commercial value | Payment / billing risk | High-priority support activity,Immediate Intervention,Billing intervention,1,60.0
164080,Basecamp Analytics Partners 1,Healthcare,Canada,Starter,active,60.0,5,4,0.8,5.0,4.8,48.74,0.0,55.62,4,33.0,Critical,4,Low customer engagement | Lower commercial value | Payment / billing risk | High-priority support activity,Immediate Intervention,Billing intervention,1,60.0
299619,EdgeFlow Technologies Partners,Software,France,Growth,active,384.0,16,15,0.94,5.0,4.0,64.18,0.0,0.0,0,100.0,Healthy,1,No major risk signal detected,Low Priority,Routine customer monitoring,0,0.0
221118,Xenon Analytics,Logistics,Japan,Starter,active,36.0,3,2,0.67,4.0,3.75,16.73,39.52,0.0,4,33.0,Critical,4,Low customer engagement | Lower commercial value | Payment / billing risk | High-priority support activity,Immediate Intervention,Billing intervention,1,36.0
607403,Unified Ops Collective,Healthcare,Japan,Growth,active,576.0,24,18,0.75,6.0,4.5,36.02,0.0,0.0,1,83.0,Healthy,1,High-priority support activity,Low Priority,Support escalation,0,0.0
902628,Xenon Analytics Systems,Manufacturing,Australia,Business,active,3124.0,71,61,0.86,4.0,3.5,33.03,0.0,0.0,1,83.0,Healthy,1,High-priority support activity,Low Priority,Support escalation,0,0.0
646309,CloudPeak Systems Technologies,Manufacturing,Brazil,Growth,active,360.0,15,15,1.0,4.0,3.75,24.55,0.0,367.3,2,67.0,Watch,2,Payment / billing risk | High-priority support activity,Monitor,Billing intervention,1,360.0
695703,ZeroFriction Group 1,Retail,Brazil,Starter,active,72.0,6,6,1.0,2.0,1.0,117.4,0.0,0.0,3,50.0,At Risk,3,Lower commercial value | Unresolved support issues | Low customer satisfaction,High Priority,Customer success follow-up,1,72.0
741646,Deployly Software,Manufacturing,Canada,Growth,active,792.0,33,24,0.73,5.0,4.0,84.74,1515.26,0.0,1,83.0,Healthy,1,Payment / billing risk,Low Priority,Billing intervention,0,0.0
620446,Catalyst CRM Industries,Software,Germany,Starter,active,36.0,3,2,0.67,3.0,4.5,59.1,0.0,0.0,4,33.0,Critical,4,Low customer engagement | Lower commercial value | High-priority support activity | Unresolved support issues,Immediate Intervention,Product adoption / onboarding intervention,1,36.0
822504,Omnisend Technologies,Education,United States,Growth,active,672.0,28,22,0.79,4.0,4.25,48.48,697.54,0.0,2,67.0,Watch,2,Payment / billing risk | High-priority support activity,Monitor,Billing intervention,1,672.0
362956,HorizonSaaS Systems 1,Software,India,Starter,active,48.0,4,4,1.0,3.0,3.33,28.73,95.65,0.0,5,17.0,Critical,5,Low customer engagement | Lower commercial value | Payment / billing risk | High-priority support activity | Low customer satisfaction,Immediate Intervention,Billing intervention,1,48.0
106212,CloudPeak Systems Digital 1,Retail,India,Business,active,2992.0,68,52,0.76,10.0,3.8,45.05,6276.56,2726.03,2,67.0,Watch,2,Payment / billing risk | High-priority support activity,Monitor,Billing intervention,1,2992.0
917868,StackBase Partners 2,Retail,Brazil,Starter,active,72.0,6,5,0.83,7.0,4.0,26.24,363.54,0.0,4,33.0,Critical,4,Low customer engagement | Lower commercial value | Payment / billing risk | High-priority support activity,Immediate Intervention,Billing intervention,1,72.0
398032,Gradient Labs Labs,Software,France,Starter,active,36.0,3,3,1.0,7.0,3.83,37.68,38.45,36.25,4,33.0,Critical,4,Low customer engagement | Lower commercial value | Payment / billing risk | Unresolved support issues,Immediate Intervention,Billing intervention,1,36.0
693667,TriggerPoint Industries,Software,Brazil,Growth,active,528.0,22,12,0.55,7.0,3.86,34.23,0.0,546.81,2,67.0,Watch,2,Payment / billing risk | High-priority support activity,Monitor,Billing intervention,1,528.0
393197,Envoy Platforms Works,Manufacturing,Australia,Growth,active,768.0,32,18,0.56,6.0,4.17,59.48,1461.63,0.0,2,67.0,Watch,2,Payment / billing risk | High-priority support activity,Monitor,Billing intervention,1,768.0
668250,Catalyst CRM Systems,Logistics,Netherlands,Business,active,4312.0,98,84,0.86,4.0,3.75,36.63,0.0,0.0,1,83.0,Healthy,1,High-priority support activity,Low Priority,Support escalation,0,0.0
114026,HorizonSaaS Software 1,Software,Japan,Starter,active,84.0,7,7,1.0,7.0,3.57,42.29,164.26,0.0,3,50.0,At Risk,3,Lower commercial value | Payment / billing risk | High-priority support activity,High Priority,Billing intervention,1,84.0
189189,CloudPeak Systems Networks,Financial Services,Canada,Growth,active,408.0,17,16,0.94,5.0,4.6,38.72,0.0,0.0,1,83.0,Healthy,1,High-priority support activity,Low Priority,Support escalation,0,0.0
930679,Amplitude Corp Technologies,Education,France,Starter,past_due,60.0,5,3,0.6,5.0,3.33,26.03,60.82,0.0,6,0.0,Critical,6,Low customer engagement | Lower commercial value | Payment / billing risk | High-priority support activity | Unresolved support issues | Low customer satisfaction,Not Active,Historical customer — analyse churn reason,0,0.0
441439,QueryForge Works 2,Software,Australia,Starter,trialing,72.0,6,5,0.83,3.0,4.0,116.37,0.0,140.74,3,50.0,At Risk,3,Low customer engagement | Lower commercial value | Payment / billing risk,Not Active,Historical customer — analyse churn reason,0,0.0
825599,Beacon Software Industries,Logistics,Brazil,Starter,active,84.0,7,6,0.86,3.0,3.5,14.15,0.0,167.7,4,33.0,Critical,4,Lower commercial value | Payment / billing risk | High-priority support activity | Unresolved support issues,Immediate Intervention,Billing intervention,1,84.0
818654,StackBase Labs 1,Software,United Kingdom,Growth,active,96.0,4,3,0.75,4.0,4.75,17.48,0.0,96.2,4,33.0,Critical,4,Low customer engagement | Lower commercial value | Payment / billing risk | High-priority support activity,Immediate Intervention,Billing intervention,1,96.0
988184,Junction Cloud Holdings,Manufacturing,India,Business,active,1672.0,38,34,0.89,4.0,3.67,49.57,3437.93,0.0,3,50.0,At Risk,3,Payment / billing risk | High-priority support activity | Unresolved support issues,High Priority,Billing intervention,1,1672.0
203708,Deployly Systems,Financial Services,Canada,Growth,active,552.0,23,22,0.96,6.0,4.6,41.46,0.0,0.0,2,67.0,Watch,2,High-priority support activity | Unresolved support issues,Monitor,Support escalation,1,552.0
113010,Kinetic AI Works,Software,Brazil,Starter,active,60.0,5,5,1.0,4.0,4.0,21.13,61.5,0.0,5,17.0,Critical,5,Low customer engagement | Lower commercial value | Payment / billing risk | High-priority support activity | Unresolved support issues,Immediate Intervention,Billing intervention,1,60.0
983167,VaultStream Analytics,Retail,United States,Growth,churned,960.0,40,32,0.8,4.0,3.33,39.07,0.0,0.0,2,67.0,Watch,2,Unresolved support issues | Low customer satisfaction,Not Active,Historical customer — analyse churn reason,0,0.0
686652,QueryForge Digital,Software,United Kingdom,Starter,past_due,72.0,6,4,0.67,3.0,3.0,24.35,69.9,0.0,6,0.0,Critical,6,Low customer engagement | Lower commercial value | Payment / billing risk | High-priority support activity | Unresolved support issues | Low customer satisfaction,Not Active,Historical customer — analyse churn reason,0,0.0
769943,Deployly Systems 1,Software,Canada,Starter,active,84.0,7,6,0.86,4.0,4.75,67.13,164.97,0.0,2,67.0,Watch,2,Lower commercial value | Payment / billing risk,Monitor,Billing intervention,1,84.0
757620,GridLogic Collective 1,Healthcare,Japan,Enterprise,active,15958.0,202,175,0.87,5.0,3.2,31.46,15852.2,15680.98,3,50.0,At Risk,3,Payment / billing risk | High-priority support activity | Low customer satisfaction,High Priority,Billing intervention,1,15958.0
171084,Catalyst CRM Works,Manufacturing,India,Growth,active,960.0,40,37,0.93,5.0,4.0,61.08,0.0,0.0,0,100.0,Healthy,1,No major risk signal detected,Low Priority,Routine customer monitoring,0,0.0
663683,EdgeFlow Technologies Software,Software,Brazil,Starter,active,48.0,4,3,0.75,6.0,3.8,45.44,96.97,44.7,5,17.0,Critical,5,Low customer engagement | Lower commercial value | Payment / billing risk | High-priority support activity | Unresolved support issues,Immediate Intervention,Billing intervention,1,48.0
676881,FunnelSoft Digital 1,Software,United Kingdom,Starter,churned,36.0,3,2,0.67,5.0,4.8,18.72,71.67,0.0,4,33.0,Critical,4,Low customer engagement | Lower commercial value | Payment / billing risk | High-priority support activity,Not Active,Historical customer — analyse churn reason,0,0.0
479242,Keystroke AI Systems,Software,Brazil,Growth,active,240.0,10,10,1.0,2.0,4.5,58.65,730.19,0.0,2,67.0,Watch,2,Lower commercial value | Payment / billing risk,Monitor,Billing intervention,1,240.0
605260,HorizonSaaS Industries,Retail,Japan,Starter,active,72.0,6,3,0.5,4.0,4.0,34.8,76.08,0.0,5,17.0,Critical,5,Low customer engagement | Lower commercial value | Payment / billing risk | High-priority support activity | Unresolved support issues,Immediate Intervention,Billing intervention,1,72.0
144659,Inline Systems Holdings,Education,United States,Growth,active,528.0,22,12,0.55,3.0,3.67,29.8,1093.81,0.0,2,67.0,Watch,2,Payment / billing risk | High-priority support activity,Monitor,Billing intervention,1,528.0
102347,JetMetrics Labs 1,Software,Brazil,Growth,active,624.0,26,18,0.69,8.0,3.5,37.39,1231.33,0.0,2,67.0,Watch,2,Payment / billing risk | High-priority support activity,Monitor,Billing intervention,1,624.0
189580,Lattice HQ Holdings,Healthcare,France,Starter,active,108.0,9,9,1.0,4.0,3.75,33.6,0.0,114.24,2,67.0,Watch,2,Lower commercial value | Payment / billing risk,Monitor,Billing intervention,1,108.0
102220,Unified Ops Group 1,Logistics,India,Growth,active,288.0,12,9,0.75,5.0,4.4,50.64,589.03,0.0,1,83.0,Healthy,1,Payment / billing risk,Low Priority,Billing intervention,0,0.0
847561,Relay Systems Group 2,Logistics,Germany,Starter,active,84.0,7,6,0.86,2.0,5.0,130.95,88.0,0.0,2,67.0,Watch,2,Lower commercial value | Payment / billing risk,Monitor,Billing intervention,1,84.0
350292,QueryForge Holdings 1,Healthcare,United States,Starter,active,96.0,8,5,0.63,3.0,4.67,53.33,99.52,0.0,4,33.0,Critical,4,Low customer engagement | Lower commercial value | Payment / billing risk | High-priority support activity,Immediate Intervention,Billing intervention,1,96.0
699272,Omnisend Industries,Retail,Netherlands,Starter,churned,84.0,7,6,0.86,3.0,5.0,56.47,79.27,0.0,2,67.0,Watch,2,Lower commercial value | Payment / billing risk,Not Active,Historical customer — analyse churn reason,0,0.0
433844,Unified Ops Partners 1,Healthcare,Brazil,Starter,active,36.0,3,2,0.67,8.0,4.5,54.08,37.64,34.81,4,33.0,Critical,4,Low customer engagement | Lower commercial value | Payment / billing risk | High-priority support activity,Immediate Intervention,Billing intervention,1,36.0
713585,FlowState Solutions,Retail,Netherlands,Starter,active,84.0,7,6,0.86,5.0,3.25,45.73,82.29,0.0,4,33.0,Critical,4,Lower commercial value | Payment / billing risk | Unresolved support issues | Low customer satisfaction,Immediate Intervention,Billing intervention,1,84.0
182485,DataBridge Pro Analytics 1,Manufacturing,Brazil,Starter,active,144.0,12,10,0.83,5.0,4.8,29.08,0.0,0.0,2,67.0,Watch,2,Lower commercial value | High-priority support activity,Monitor,Support escalation,1,144.0
172478,GridLogic Analytics,Healthcare,Australia,Growth,active,480.0,20,17,0.85,1.0,5.0,89.8,543.53,0.0,1,83.0,Healthy,1,Payment / billing risk,Low Priority,Billing intervention,0,0.0
469600,Amplitude Corp Group 1,Education,Australia,Growth,active,672.0,28,19,0.68,3.0,4.5,9.2,0.0,0.0,2,67.0,Watch,2,High-priority support activity | Unresolved support issues,Monitor,Support escalation,1,672.0
613197,Inline Systems Systems,Software,India,Growth,active,936.0,39,25,0.64,2.0,3.5,103.15,1870.53,0.0,1,83.0,Healthy,1,Payment / billing risk,Low Priority,Billing intervention,0,0.0
907943,Catalyst CRM Software,Healthcare,India,Starter,past_due,36.0,3,3,1.0,7.0,3.33,34.83,0.0,0.0,5,17.0,Critical,5,Low customer engagement | Lower commercial value | High-priority support activity | Unresolved support issues | Low customer satisfaction,Not Active,Historical customer — analyse churn reason,0,0.0
717660,Basecamp Analytics Partners,Financial Services,Netherlands,Starter,active,84.0,7,6,0.86,4.0,3.67,46.7,165.48,0.0,4,33.0,Critical,4,Lower commercial value | Payment / billing risk | High-priority support activity | Unresolved support issues,Immediate Intervention,Billing intervention,1,84.0
518790,NodeSync Technologies,Logistics,Japan,Starter,active,24.0,2,1,0.5,4.0,4.75,49.28,24.73,25.71,4,33.0,Critical,4,Low customer engagement | Lower commercial value | Payment / billing risk | High-priority support activity,Immediate Intervention,Billing intervention,1,24.0
486520,LaunchPad HQ Works,Manufacturing,Japan,Starter,active,36.0,3,3,1.0,4.0,3.67,30.07,0.0,0.0,3,50.0,At Risk,3,Low customer engagement | Lower commercial value | Unresolved support issues,High Priority,Product adoption / onboarding intervention,1,36.0
271695,HubStack Solutions,Manufacturing,Australia,Starter,active,48.0,4,4,1.0,6.0,4.0,46.92,45.21,0.0,4,33.0,Critical,4,Low customer engagement | Lower commercial value | Payment / billing risk | High-priority support activity,Immediate Intervention,Billing intervention,1,48.0
888943,CloudPeak Systems Industries,Healthcare,United States,Starter,churned,36.0,3,3,1.0,9.0,3.57,51.13,0.0,0.0,4,33.0,Critical,4,Low customer engagement | Lower commercial value | High-priority support activity | Unresolved support issues,Not Active,Historical customer — analyse churn reason,0,0.0
682986,InfraPoint Labs,Software,France,Starter,active,132.0,11,11,1.0,6.0,4.2,55.82,130.09,0.0,4,33.0,Critical,4,Lower commercial value | Payment / billing risk | High-priority support activity | Unresolved support issues,Immediate Intervention,Billing intervention,1,132.0
249013,WorksiteOS Digital,Retail,India,Business,active,4532.0,103,79,0.77,4.0,4.25,76.95,0.0,5036.85,1,83.0,Healthy,1,Payment / billing risk,Low Priority,Billing intervention,0,0.0
377997,JetMetrics Networks,Manufacturing,Japan,Growth,active,288.0,12,8,0.67,3.0,3.0,18.2,297.73,0.0,4,33.0,Critical,4,Payment / billing risk | High-priority support activity | Unresolved support issues | Low customer satisfaction,Immediate Intervention,Billing intervention,1,288.0
414766,FunnelSoft Solutions,Financial Services,Canada,Starter,active,60.0,5,4,0.8,5.0,4.2,14.04,59.58,0.0,4,33.0,Critical,4,Low customer engagement | Lower commercial value | Payment / billing risk | High-priority support activity,Immediate Intervention,Billing intervention,1,60.0
211956,Amplitude Corp Digital 1,Software,Netherlands,Growth,active,288.0,12,10,0.83,1.0,,,0.0,0.0,1,83.0,Healthy,1,Unresolved support issues,Low Priority,Resolve outstanding support issues,0,0.0
119546,NodeSync Works 2,Education,United States,Starter,active,72.0,6,4,0.67,3.0,3.5,33.45,70.48,0.0,5,17.0,Critical,5,Low customer engagement | Lower commercial value | Payment / billing risk | High-priority support activity | Unresolved support issues,Immediate Intervention,Billing intervention,1,72.0
400614,PipelineIO Collective 1,Logistics,Japan,Starter,churned,84.0,7,5,0.71,4.0,2.33,38.87,0.0,0.0,5,17.0,Critical,5,Low customer engagement | Lower commercial value | High-priority support activity | Unresolved support issues | Low customer satisfaction,Not Active,Historical customer — analyse churn reason,0,0.0
775696,FunnelSoft Works,Financial Services,Germany,Starter,active,60.0,5,3,0.6,2.0,3.0,42.4,0.0,0.0,3,50.0,At Risk,3,Low customer engagement | Lower commercial value | Low customer satisfaction,High Priority,Product adoption / onboarding intervention,1,60.0
248358,DataBridge Pro Solutions,Financial Services,Japan,Growth,active,552.0,23,20,0.87,1.0,4.0,61.4,0.0,0.0,0,100.0,Healthy,1,No major risk signal detected,Low Priority,Routine customer monitoring,0,0.0
412644,NexusOne Partners 1,Financial Services,Netherlands,Starter,active,60.0,5,5,1.0,7.0,4.2,57.82,0.0,0.0,4,33.0,Critical,4,Low customer engagement | Lower commercial value | High-priority support activity | Unresolved support issues,Immediate Intervention,Product adoption / onboarding intervention,1,60.0
228677,VaultStream Group,Healthcare,Australia,Starter,active,60.0,5,3,0.6,9.0,3.38,36.4,125.48,0.0,6,0.0,Critical,6,Low customer engagement | Lower commercial value | Payment / billing risk | High-priority support activity | Unresolved support issues | Low customer satisfaction,Immediate Intervention,Billing intervention,1,60.0
960588,Kinetic AI Analytics 1,Software,Germany,Starter,active,48.0,4,3,0.75,8.0,4.13,46.83,0.0,0.0,3,50.0,At Risk,3,Low customer engagement | Lower commercial value | High-priority support activity,High Priority,Product adoption / onboarding intervention,1,48.0
269785,GridLogic Software,Logistics,Australia,Growth,active,672.0,28,25,0.89,4.0,4.0,33.2,0.0,0.0,1,83.0,Healthy,1,High-priority support activity,Low Priority,Support escalation,0,0.0
423101,Keystroke AI,Software,Brazil,Business,active,4620.0,105,74,0.7,2.0,1.0,40.2,0.0,0.0,2,67.0,Watch,2,Unresolved support issues | Low customer satisfaction,Monitor,Customer success follow-up,1,4620.0
173985,Lattice HQ Labs,Retail,Germany,Starter,active,48.0,4,3,0.75,9.0,4.5,33.65,0.0,51.06,5,17.0,Critical,5,Low customer engagement | Lower commercial value | Payment / billing risk | High-priority support activity | Unresolved support issues,Immediate Intervention,Billing intervention,1,48.0
329586,JetMetrics Partners 1,Retail,United Kingdom,Growth,active,600.0,25,20,0.8,4.0,4.25,8.03,0.0,551.93,2,67.0,Watch,2,Payment / billing risk | High-priority support activity,Monitor,Billing intervention,1,600.0
140321,Deployly Networks 1,Software,United States,Growth,active,432.0,18,18,1.0,7.0,4.0,47.6,405.69,0.0,1,83.0,Healthy,1,Payment / billing risk,Low Priority,Billing intervention,0,0.0
347163,Relay Systems Labs 1,Software,United Kingdom,Growth,active,312.0,13,11,0.85,4.0,3.0,19.43,0.0,0.0,3,50.0,At Risk,3,High-priority support activity | Unresolved support issues | Low customer satisfaction,High Priority,Customer success follow-up,1,312.0
701732,Amplitude Corp Solutions,Manufacturing,Australia,Starter,active,36.0,3,2,0.67,2.0,4.5,38.4,71.17,35.65,3,50.0,At Risk,3,Low customer engagement | Lower commercial value | Payment / billing risk,High Priority,Billing intervention,1,36.0
618509,StackBase Holdings 1,Retail,Canada,Growth,active,600.0,25,24,0.96,2.0,5.0,20.2,605.42,0.0,1,83.0,Healthy,1,Payment / billing risk,Low Priority,Billing intervention,0,0.0
978965,Xenon Analytics Works 2,Software,France,Growth,active,624.0,26,23,0.88,6.0,3.67,30.28,0.0,644.63,2,67.0,Watch,2,Payment / billing risk | High-priority support activity,Monitor,Billing intervention,1,624.0
555768,VaultStream Partners 1,Logistics,India,Growth,active,600.0,25,22,0.88,10.0,4.1,49.23,1167.94,579.62,2,67.0,Watch,2,Payment / billing risk | High-priority support activity,Monitor,Billing intervention,1,600.0
428057,Axiom Labs Solutions,Retail,France,Starter,active,48.0,4,4,1.0,5.0,3.2,48.96,0.0,0.0,3,50.0,At Risk,3,Low customer engagement | Lower commercial value | Low customer satisfaction,High Priority,Product adoption / onboarding intervention,1,48.0
435506,HorizonSaaS Industries 1,Software,United Kingdom,Growth,active,432.0,18,11,0.61,5.0,3.0,37.04,0.0,0.0,2,67.0,Watch,2,High-priority support activity | Low customer satisfaction,Monitor,Customer success follow-up,1,432.0
298901,Xenon Analytics Works,Healthcare,Australia,Starter,active,60.0,5,3,0.6,3.0,4.5,36.75,0.0,0.0,4,33.0,Critical,4,Low customer engagement | Lower commercial value | High-priority support activity | Unresolved support issues,Immediate Intervention,Product adoption / onboarding intervention,1,60.0
353111,LaunchPad HQ Networks 1,Retail,Brazil,Growth,active,576.0,24,15,0.63,5.0,4.2,31.48,0.0,0.0,1,83.0,Healthy,1,High-priority support activity,Low Priority,Support escalation,0,0.0
225784,DataBridge Pro Networks,Software,Netherlands,Business,active,4796.0,109,94,0.86,10.0,3.0,28.01,5103.58,9789.72,4,33.0,Critical,4,Payment / billing risk | High-priority support activity | Unresolved support issues | Low customer satisfaction,Immediate Intervention,Billing intervention,1,4796.0
493074,YieldMetrics Group,Healthcare,United Kingdom,Starter,active,60.0,5,5,1.0,5.0,3.5,70.7,60.38,55.71,4,33.0,Critical,4,Low customer engagement | Lower commercial value | Payment / billing risk | Unresolved support issues,Immediate Intervention,Billing intervention,1,60.0
178553,Momentum Tools Systems 1,Education,United States,Starter,active,36.0,3,2,0.67,4.0,3.25,40.7,0.0,0.0,3,50.0,At Risk,3,Low customer engagement | Lower commercial value | Low customer satisfaction,High Priority,Product adoption / onboarding intervention,1,36.0
288150,FlowState Systems,Retail,United Kingdom,Growth,active,336.0,14,8,0.57,9.0,3.89,34.57,0.0,0.0,1,83.0,Healthy,1,High-priority support activity,Low Priority,Support escalation,0,0.0
201820,YieldMetrics Industries 1,Retail,India,Business,active,3300.0,75,73,0.97,5.0,4.8,40.42,0.0,3528.16,2,67.0,Watch,2,Payment / billing risk | High-priority support activity,Monitor,Billing intervention,1,3300.0
362499,InfraPoint Partners,Retail,Netherlands,Growth,active,576.0,24,16,0.67,2.0,4.0,35.5,0.0,0.0,1,83.0,Healthy,1,High-priority support activity,Low Priority,Support escalation,0,0.0
649261,Beacon Software Works,Healthcare,France,Growth,active,552.0,23,21,0.91,4.0,3.5,36.15,0.0,0.0,1,83.0,Healthy,1,High-priority support activity,Low Priority,Support escalation,0,0.0
680171,Momentum Tools Analytics,Education,Japan,Starter,active,72.0,6,3,0.5,8.0,4.38,28.03,145.58,71.33,4,33.0,Critical,4,Low customer engagement | Lower commercial value | Payment / billing risk | High-priority support activity,Immediate Intervention,Billing intervention,1,72.0
597746,Unified Ops Systems 2,Education,United Kingdom,Starter,active,72.0,6,4,0.67,1.0,3.0,89.2,73.28,0.0,4,33.0,Critical,4,Low customer engagement | Lower commercial value | Payment / billing risk | Low customer satisfaction,Immediate Intervention,Billing intervention,1,72.0
256019,Deployly Software 1,Healthcare,India,Growth,past_due,648.0,27,17,0.63,3.0,4.0,36.3,0.0,0.0,1,83.0,Healthy,1,High-priority support activity,Not Active,Historical customer — analyse churn reason,0,0.0
909042,NodeSync Digital 2,Education,United States,Starter,active,48.0,4,3,0.75,7.0,3.67,18.7,46.57,0.0,5,17.0,Critical,5,Low customer engagement | Lower commercial value | Payment / billing risk | High-priority support activity | Unresolved support issues,Immediate Intervention,Billing intervention,1,48.0
909740,CloudPeak Systems,Education,Japan,Growth,trialing,240.0,10,8,0.8,10.0,4.1,43.74,0.0,230.12,3,50.0,At Risk,3,Lower commercial value | Payment / billing risk | High-priority support activity,Not Active,Historical customer — analyse churn reason,0,0.0
511879,Momentum Tools Software,Manufacturing,France,Growth,active,696.0,29,26,0.9,6.0,4.0,46.58,0.0,0.0,2,67.0,Watch,2,High-priority support activity | Unresolved support issues,Monitor,Support escalation,1,696.0
291773,Unified Ops Digital,Software,Brazil,Starter,active,72.0,6,6,1.0,4.0,4.33,37.5,77.85,0.0,3,50.0,At Risk,3,Lower commercial value | Payment / billing risk | Unresolved support issues,High Priority,Billing intervention,1,72.0
662390,FlowState Group 1,Financial Services,France,Starter,active,132.0,11,10,0.91,4.0,3.75,25.35,0.0,0.0,2,67.0,Watch,2,Lower commercial value | High-priority support activity,Monitor,Support escalation,1,132.0
310019,YieldMetrics Group 1,Manufacturing,Germany,Business,active,2288.0,52,40,0.77,6.0,3.17,29.3,0.0,0.0,2,67.0,Watch,2,High-priority support activity | Low customer satisfaction,Monitor,Customer success follow-up,1,2288.0
443384,Momentum Tools Group,Healthcare,United Kingdom,Starter,active,84.0,7,5,0.71,7.0,3.5,43.82,82.91,0.0,5,17.0,Critical,5,Low customer engagement | Lower commercial value | Payment / billing risk | High-priority support activity | Unresolved support issues,Immediate Intervention,Billing intervention,1,84.0
629748,NodeSync Industries,Logistics,United Kingdom,Starter,active,84.0,7,7,1.0,5.0,4.0,27.25,0.0,0.0,3,50.0,At Risk,3,Lower commercial value | High-priority support activity | Unresolved support issues,High Priority,Support escalation,1,84.0
323646,TriggerPoint Holdings 1,Software,Netherlands,Growth,active,696.0,29,19,0.66,4.0,5.0,69.75,0.0,0.0,2,67.0,Watch,2,High-priority support activity | Unresolved support issues,Monitor,Support escalation,1,696.0
363319,LaunchPad HQ Solutions,Manufacturing,India,Starter,active,36.0,3,2,0.67,2.0,4.0,33.65,0.0,37.12,3,50.0,At Risk,3,Low customer engagement | Lower commercial value | Payment / billing risk,High Priority,Billing intervention,1,36.0
687117,Unified Ops Solutions,Software,France,Starter,trialing,48.0,4,3,0.75,7.0,3.67,38.5,0.0,0.0,3,50.0,At Risk,3,Low customer engagement | Lower commercial value | Unresolved support issues,Not Active,Historical customer — analyse churn reason,0,0.0
967279,LaunchPad HQ Technologies,Healthcare,Brazil,Starter,active,108.0,9,8,0.89,5.0,4.0,32.88,0.0,0.0,3,50.0,At Risk,3,Lower commercial value | High-priority support activity | Unresolved support issues,High Priority,Support escalation,1,108.0
785078,JetMetrics Technologies 1,Retail,Canada,Starter,active,72.0,6,5,0.83,6.0,3.5,26.12,75.14,73.93,4,33.0,Critical,4,Low customer engagement | Lower commercial value | Payment / billing risk | High-priority support activity,Immediate Intervention,Billing intervention,1,72.0
466636,Junction Cloud Software 1,Software,Japan,Starter,trialing,132.0,11,8,0.73,7.0,4.29,61.87,139.74,0.0,3,50.0,At Risk,3,Lower commercial value | Payment / billing risk | High-priority support activity,Not Active,Historical customer — analyse churn reason,0,0.0
290620,Kinetic AI Technologies,Retail,Canada,Starter,past_due,84.0,7,6,0.86,5.0,4.0,37.58,73.58,0.0,3,50.0,At Risk,3,Lower commercial value | Payment / billing risk | High-priority support activity,Not Active,Historical customer — analyse churn reason,0,0.0
196541,Amplitude Corp Solutions 1,Logistics,Japan,Starter,active,36.0,3,2,0.67,3.0,4.5,13.75,32.67,0.0,5,17.0,Critical,5,Low customer engagement | Lower commercial value | Payment / billing risk | High-priority support activity | Unresolved support issues,Immediate Intervention,Billing intervention,1,36.0
691555,Basecamp Analytics Networks,Logistics,United States,Growth,active,600.0,25,24,0.96,3.0,4.0,19.0,1211.7,0.0,2,67.0,Watch,2,Payment / billing risk | High-priority support activity,Monitor,Billing intervention,1,600.0
954668,Deployly Partners 1,Retail,Japan,Growth,active,432.0,18,15,0.83,8.0,4.29,37.97,0.0,428.39,3,50.0,At Risk,3,Payment / billing risk | High-priority support activity | Unresolved support issues,High Priority,Billing intervention,1,432.0
498799,GridLogic Holdings,Software,Brazil,Growth,active,432.0,18,14,0.78,0.0,,,460.17,0.0,1,83.0,Healthy,1,Payment / billing risk,Low Priority,Billing intervention,0,0.0
916616,Amplitude Corp Group,Healthcare,Japan,Growth,active,1176.0,49,39,0.8,6.0,4.33,13.55,0.0,0.0,1,83.0,Healthy,1,High-priority support activity,Low Priority,Support escalation,0,0.0
260885,Beacon Software Group 1,Education,Japan,Starter,active,36.0,3,3,1.0,4.0,4.25,58.43,34.09,0.0,4,33.0,Critical,4,Low customer engagement | Lower commercial value | Payment / billing risk | High-priority support activity,Immediate Intervention,Billing intervention,1,36.0
515850,Amplitude Corp Works 2,Manufacturing,Brazil,Starter,active,60.0,5,4,0.8,4.0,4.33,19.43,0.0,0.0,4,33.0,Critical,4,Low customer engagement | Lower commercial value | High-priority support activity | Unresolved support issues,Immediate Intervention,Product adoption / onboarding intervention,1,60.0
866791,LaunchPad HQ Networks,Logistics,Australia,Starter,active,36.0,3,2,0.67,2.0,4.0,66.5,0.0,0.0,2,67.0,Watch,2,Low customer engagement | Lower commercial value,Monitor,Product adoption / onboarding intervention,1,36.0
575382,PipelineIO Digital 1,Manufacturing,Japan,Growth,active,816.0,34,27,0.79,4.0,3.5,63.1,904.65,0.0,1,83.0,Healthy,1,Payment / billing risk,Low Priority,Billing intervention,0,0.0
604137,StackBase Collective,Manufacturing,India,Starter,active,60.0,5,3,0.6,4.0,4.5,31.3,62.04,59.61,4,33.0,Critical,4,Low customer engagement | Lower commercial value | Payment / billing risk | High-priority support activity,Immediate Intervention,Billing intervention,1,60.0
686117,Relay Systems Systems,Retail,Germany,Starter,active,84.0,7,6,0.86,8.0,4.13,44.46,165.16,0.0,3,50.0,At Risk,3,Lower commercial value | Payment / billing risk | High-priority support activity,High Priority,Billing intervention,1,84.0
200865,Deployly Networks,Healthcare,United Kingdom,Growth,active,264.0,11,10,0.91,4.0,3.75,28.58,795.83,0.0,2,67.0,Watch,2,Payment / billing risk | High-priority support activity,Monitor,Billing intervention,1,264.0
232159,Gradient Labs Works 2,Retail,Germany,Business,active,2948.0,67,51,0.76,8.0,4.13,31.78,0.0,0.0,1,83.0,Healthy,1,High-priority support activity,Low Priority,Support escalation,0,0.0
667992,Relay Systems Industries,Software,Japan,Business,active,4796.0,109,80,0.73,8.0,4.14,37.11,0.0,0.0,2,67.0,Watch,2,High-priority support activity | Unresolved support issues,Monitor,Support escalation,1,4796.0
271150,WorksiteOS Labs,Software,Netherlands,Growth,active,312.0,13,11,0.85,4.0,4.25,40.9,0.0,286.89,2,67.0,Watch,2,Payment / billing risk | High-priority support activity,Monitor,Billing intervention,1,312.0
379292,NexusOne Works 2,Manufacturing,Canada,Business,active,3344.0,76,68,0.89,6.0,4.33,20.73,0.0,0.0,1,83.0,Healthy,1,High-priority support activity,Low Priority,Support escalation,0,0.0
631393,NodeSync Collective,Financial Services,Canada,Starter,active,36.0,3,3,1.0,2.0,4.5,31.9,39.38,0.0,4,33.0,Critical,4,Low customer engagement | Lower commercial value | Payment / billing risk | High-priority support activity,Immediate Intervention,Billing intervention,1,36.0
684498,Gradient Labs Software,Software,India,Business,active,2024.0,46,28,0.61,4.0,2.33,64.57,0.0,0.0,3,50.0,At Risk,3,High-priority support activity | Unresolved support issues | Low customer satisfaction,High Priority,Customer success follow-up,1,2024.0
114128,WorksiteOS Solutions 1,Financial Services,United Kingdom,Starter,active,36.0,3,2,0.67,2.0,4.5,69.85,70.61,0.0,3,50.0,At Risk,3,Low customer engagement | Lower commercial value | Payment / billing risk,High Priority,Billing intervention,1,36.0
938137,CloudPeak Systems Solutions 1,Software,Japan,Growth,active,744.0,31,28,0.9,3.0,3.67,65.83,0.0,0.0,0,100.0,Healthy,1,No major risk signal detected,Low Priority,Routine customer monitoring,0,0.0
695044,Catalyst CRM Systems 2,Financial Services,France,Business,active,3652.0,83,47,0.57,7.0,4.0,30.77,0.0,3733.74,3,50.0,At Risk,3,Payment / billing risk | High-priority support activity | Unresolved support issues,High Priority,Billing intervention,1,3652.0
371569,Unified Ops Partners 2,Financial Services,France,Growth,active,792.0,33,26,0.79,2.0,4.5,26.85,0.0,0.0,0,100.0,Healthy,1,No major risk signal detected,Low Priority,Routine customer monitoring,0,0.0
621112,Deployly Digital 1,Financial Services,Brazil,Business,active,4444.0,101,83,0.82,4.0,4.67,30.1,4685.38,0.0,3,50.0,At Risk,3,Payment / billing risk | High-priority support activity | Unresolved support issues,High Priority,Billing intervention,1,4444.0
430826,StackBase Digital 1,Manufacturing,Brazil,Business,active,4488.0,102,58,0.57,4.0,4.0,20.8,3770.78,0.0,2,67.0,Watch,2,Payment / billing risk | Unresolved support issues,Monitor,Billing intervention,1,4488.0
221718,TriggerPoint Group 1,Financial Services,Canada,Starter,active,48.0,4,4,1.0,4.0,3.33,49.3,0.0,0.0,4,33.0,Critical,4,Low customer engagement | Lower commercial value | Unresolved support issues | Low customer satisfaction,Immediate Intervention,Product adoption / onboarding intervention,1,48.0
744444,Kinetic AI Software,Manufacturing,India,Business,active,2508.0,57,47,0.82,6.0,2.83,28.4,0.0,0.0,2,67.0,Watch,2,High-priority support activity | Low customer satisfaction,Monitor,Customer success follow-up,1,2508.0
751178,StackBase Industries 1,Software,Australia,Business,active,2112.0,48,42,0.88,7.0,3.71,43.49,0.0,0.0,1,83.0,Healthy,1,High-priority support activity,Low Priority,Support escalation,0,0.0
208743,Unified Ops Technologies 1,Retail,Australia,Growth,active,552.0,23,17,0.74,6.0,3.17,45.28,542.69,0.0,3,50.0,At Risk,3,Payment / billing risk | High-priority support activity | Low customer satisfaction,High Priority,Billing intervention,1,552.0
317879,LaunchPad HQ Collective,Financial Services,Brazil,Starter,churned,60.0,5,4,0.8,3.0,4.0,63.7,0.0,60.11,3,50.0,At Risk,3,Low customer engagement | Lower commercial value | Payment / billing risk,Not Active,Historical customer — analyse churn reason,0,0.0
142260,HubStack Works 2,Retail,India,Business,active,5896.0,134,88,0.66,3.0,4.33,42.73,0.0,0.0,1,83.0,Healthy,1,High-priority support activity,Low Priority,Support escalation,0,0.0
742834,Beacon Software Partners,Education,France,Starter,active,96.0,8,7,0.88,6.0,4.6,43.48,0.0,105.54,4,33.0,Critical,4,Lower commercial value | Payment / billing risk | High-priority support activity | Unresolved support issues,Immediate Intervention,Billing intervention,1,96.0
265989,ZeroFriction Labs 1,Software,Japan,Starter,active,48.0,4,2,0.5,5.0,4.2,41.48,47.52,0.0,3,50.0,At Risk,3,Low customer engagement | Lower commercial value | Payment / billing risk,High Priority,Billing intervention,1,48.0
163603,Omnisend Labs 1,Healthcare,Netherlands,Starter,active,36.0,3,2,0.67,6.0,3.17,19.6,0.0,0.0,4,33.0,Critical,4,Low customer engagement | Lower commercial value | High-priority support activity | Low customer satisfaction,Immediate Intervention,Product adoption / onboarding intervention,1,36.0
288798,Omnisend Systems 1,Healthcare,United States,Starter,active,72.0,6,4,0.67,7.0,3.57,37.5,0.0,0.0,3,50.0,At Risk,3,Low customer engagement | Lower commercial value | High-priority support activity,High Priority,Product adoption / onboarding intervention,1,72.0
989157,HorizonSaaS Labs 1,Logistics,Canada,Starter,active,96.0,8,5,0.63,8.0,4.14,55.31,189.17,0.0,5,17.0,Critical,5,Low customer engagement | Lower commercial value | Payment / billing risk | High-priority support activity | Unresolved support issues,Immediate Intervention,Billing intervention,1,96.0
885767,FlowState Software 1,Software,France,Growth,active,288.0,12,12,1.0,2.0,4.0,6.9,290.08,0.0,2,67.0,Watch,2,Payment / billing risk | Unresolved support issues,Monitor,Billing intervention,1,288.0
827874,Xenon Analytics Systems 2,Logistics,India,Starter,active,60.0,5,5,1.0,5.0,3.4,29.02,113.5,0.0,5,17.0,Critical,5,Low customer engagement | Lower commercial value | Payment / billing risk | High-priority support activity | Low customer satisfaction,Immediate Intervention,Billing intervention,1,60.0
201370,Keystroke AI Partners,Software,United States,Growth,active,984.0,41,26,0.63,8.0,4.38,37.9,0.0,0.0,1,83.0,Healthy,1,High-priority support activity,Low Priority,Support escalation,0,0.0
366471,Beacon Software Partners 1,Healthcare,Canada,Growth,active,504.0,21,16,0.76,4.0,5.0,44.75,500.23,0.0,2,67.0,Watch,2,Payment / billing risk | Unresolved support issues,Monitor,Billing intervention,1,504.0
739213,NodeSync Software 1,Manufacturing,Netherlands,Starter,active,72.0,6,5,0.83,2.0,4.0,53.6,69.51,0.0,3,50.0,At Risk,3,Low customer engagement | Lower commercial value | Payment / billing risk,High Priority,Billing intervention,1,72.0
739777,Gradient Labs Group 1,Software,Netherlands,Business,active,1276.0,29,28,0.97,0.0,,,0.0,1289.86,1,83.0,Healthy,1,Payment / billing risk,Low Priority,Billing intervention,0,0.0
380513,Deployly Group,Healthcare,Germany,Starter,active,84.0,7,6,0.86,4.0,4.0,30.33,0.0,79.74,3,50.0,At Risk,3,Lower commercial value | Payment / billing risk | High-priority support activity,High Priority,Billing intervention,1,84.0
242324,StackBase Industries,Financial Services,Japan,Starter,active,36.0,3,2,0.67,4.0,4.75,41.1,36.73,40.13,3,50.0,At Risk,3,Low customer engagement | Lower commercial value | Payment / billing risk,High Priority,Billing intervention,1,36.0
537263,Catalyst CRM Labs 2,Logistics,United Kingdom,Growth,active,696.0,29,25,0.86,10.0,4.78,75.08,0.0,0.0,1,83.0,Healthy,1,Unresolved support issues,Low Priority,Resolve outstanding support issues,0,0.0
113224,Xenon Analytics Technologies 1,Healthcare,Japan,Business,active,2772.0,63,54,0.86,2.0,5.0,60.25,0.0,0.0,1,83.0,Healthy,1,High-priority support activity,Low Priority,Support escalation,0,0.0
343808,TriggerPoint Works 2,Manufacturing,Netherlands,Starter,active,72.0,6,5,0.83,3.0,3.67,58.67,0.0,0.0,2,67.0,Watch,2,Low customer engagement | Lower commercial value,Monitor,Product adoption / onboarding intervention,1,72.0
561350,Junction Cloud Works,Software,India,Growth,active,528.0,22,18,0.82,4.0,4.67,31.43,0.0,0.0,2,67.0,Watch,2,High-priority support activity | Unresolved support issues,Monitor,Support escalation,1,528.0
870519,Inline Systems Collective,Logistics,India,Starter,active,24.0,2,2,1.0,3.0,2.67,58.0,46.11,0.0,5,17.0,Critical,5,Low customer engagement | Lower commercial value | Payment / billing risk | High-priority support activity | Low customer satisfaction,Immediate Intervention,Billing intervention,1,24.0
451436,PipelineIO Technologies,Retail,United Kingdom,Starter,active,36.0,3,2,0.67,5.0,4.0,31.74,0.0,71.96,4,33.0,Critical,4,Low customer engagement | Lower commercial value | Payment / billing risk | High-priority support activity,Immediate Intervention,Billing intervention,1,36.0
260951,LaunchPad HQ Software,Software,Canada,Business,active,3036.0,69,56,0.81,5.0,4.2,31.7,0.0,3427.71,2,67.0,Watch,2,Payment / billing risk | High-priority support activity,Monitor,Billing intervention,1,3036.0
334270,Omnisend Software 1,Manufacturing,United States,Business,active,2816.0,64,44,0.69,5.0,4.4,67.46,2949.44,0.0,1,83.0,Healthy,1,Payment / billing risk,Low Priority,Billing intervention,0,0.0
869256,FlowState Holdings,Retail,Canada,Starter,active,72.0,6,6,1.0,1.0,4.0,13.8,0.0,0.0,2,67.0,Watch,2,Lower commercial value | High-priority support activity,Monitor,Support escalation,1,72.0
935611,FlowState Digital,Retail,Netherlands,Starter,active,36.0,3,3,1.0,7.0,4.29,55.26,66.44,0.0,4,33.0,Critical,4,Low customer engagement | Lower commercial value | Payment / billing risk | High-priority support activity,Immediate Intervention,Billing intervention,1,36.0
301353,FlowState Systems 1,Manufacturing,Japan,Starter,churned,72.0,6,5,0.83,3.0,4.67,52.17,74.24,0.0,3,50.0,At Risk,3,Low customer engagement | Lower commercial value | Payment / billing risk,Not Active,Historical customer — analyse churn reason,0,0.0
750386,Xenon Analytics Industries 1,Manufacturing,United Kingdom,Starter,active,48.0,4,3,0.75,5.0,3.8,49.64,47.27,0.0,3,50.0,At Risk,3,Low customer engagement | Lower commercial value | Payment / billing risk,High Priority,Billing intervention,1,48.0
169880,StackBase Partners,Healthcare,Germany,Starter,active,96.0,8,7,0.88,5.0,4.4,17.42,0.0,0.0,2,67.0,Watch,2,Lower commercial value | High-priority support activity,Monitor,Support escalation,1,96.0
931016,Catalyst CRM,Retail,Germany,Growth,active,264.0,11,10,0.91,5.0,4.0,76.08,0.0,0.0,2,67.0,Watch,2,High-priority support activity | Unresolved support issues,Monitor,Support escalation,1,264.0
314615,NodeSync Solutions 2,Education,United Kingdom,Starter,active,72.0,6,4,0.67,6.0,3.0,46.4,0.0,0.0,5,17.0,Critical,5,Low customer engagement | Lower commercial value | High-priority support activity | Unresolved support issues | Low customer satisfaction,Immediate Intervention,Product adoption / onboarding intervention,1,72.0
141893,Omnisend,Software,United Kingdom,Starter,active,60.0,5,5,1.0,4.0,4.25,55.0,0.0,0.0,3,50.0,At Risk,3,Low customer engagement | Lower commercial value | High-priority support activity,High Priority,Product adoption / onboarding intervention,1,60.0
899024,Gradient Labs Holdings 1,Software,France,Starter,active,72.0,6,6,1.0,7.0,4.29,59.6,0.0,0.0,2,67.0,Watch,2,Lower commercial value | High-priority support activity,Monitor,Support escalation,1,72.0
734042,Lattice HQ Industries,Software,Canada,Starter,active,60.0,5,5,1.0,2.0,4.5,29.1,58.78,0.0,4,33.0,Critical,4,Low customer engagement | Lower commercial value | Payment / billing risk | High-priority support activity,Immediate Intervention,Billing intervention,1,60.0
893855,LaunchPad HQ Industries,Software,France,Starter,active,36.0,3,3,1.0,3.0,4.5,16.55,0.0,34.1,5,17.0,Critical,5,Low customer engagement | Lower commercial value | Payment / billing risk | High-priority support activity | Unresolved support issues,Immediate Intervention,Billing intervention,1,36.0
227569,Inline Systems Partners,Software,Brazil,Growth,active,288.0,12,9,0.75,4.0,3.0,49.55,0.0,0.0,2,67.0,Watch,2,High-priority support activity | Low customer satisfaction,Monitor,Customer success follow-up,1,288.0
395222,DataBridge Pro Digital 1,Financial Services,Germany,Growth,active,192.0,8,5,0.63,2.0,4.5,37.6,203.21,396.98,3,50.0,At Risk,3,Low customer engagement | Lower commercial value | Payment / billing risk,High Priority,Billing intervention,1,192.0
301735,NodeSync Digital 1,Manufacturing,Canada,Starter,active,36.0,3,2,0.67,0.0,,,0.0,35.0,3,50.0,At Risk,3,Low customer engagement | Lower commercial value | Payment / billing risk,High Priority,Billing intervention,1,36.0
900536,Basecamp Analytics Systems,Healthcare,Brazil,Starter,active,48.0,4,2,0.5,4.0,4.5,33.15,0.0,0.0,3,50.0,At Risk,3,Low customer engagement | Lower commercial value | High-priority support activity,High Priority,Product adoption / onboarding intervention,1,48.0
508782,FlowState Holdings 1,Education,Japan,Starter,active,72.0,6,5,0.83,6.0,3.83,16.87,0.0,0.0,3,50.0,At Risk,3,Low customer engagement | Lower commercial value | High-priority support activity,High Priority,Product adoption / onboarding intervention,1,72.0
606408,Relay Systems Group,Manufacturing,India,Starter,active,36.0,3,2,0.67,5.0,3.75,60.53,37.67,0.0,5,17.0,Critical,5,Low customer engagement | Lower commercial value | Payment / billing risk | High-priority support activity | Unresolved support issues,Immediate Intervention,Billing intervention,1,36.0
540233,Xenon Analytics Software 1,Software,India,Starter,active,24.0,2,2,1.0,5.0,4.5,40.63,0.0,0.0,4,33.0,Critical,4,Low customer engagement | Lower commercial value | High-priority support activity | Unresolved support issues,Immediate Intervention,Product adoption / onboarding intervention,1,24.0
158251,Inline Systems Works 2,Manufacturing,United States,Growth,active,648.0,27,16,0.59,5.0,3.75,36.43,654.06,0.0,3,50.0,At Risk,3,Payment / billing risk | High-priority support activity | Unresolved support issues,High Priority,Billing intervention,1,648.0
156588,EdgeFlow Technologies Labs 1,Education,Brazil,Growth,active,312.0,13,11,0.85,2.0,2.0,37.8,0.0,0.0,1,83.0,Healthy,1,Low customer satisfaction,Low Priority,Customer success follow-up,0,0.0
651891,Lattice HQ Networks,Logistics,Canada,Enterprise,active,12166.0,154,144,0.94,12.0,4.55,37.83,0.0,12702.08,3,50.0,At Risk,3,Payment / billing risk | High-priority support activity | Unresolved support issues,High Priority,Billing intervention,1,12166.0
811779,HubStack Group 2,Healthcare,France,Starter,churned,84.0,7,4,0.57,5.0,4.67,59.6,0.0,86.13,4,33.0,Critical,4,Low customer engagement | Lower commercial value | Payment / billing risk | Unresolved support issues,Not Active,Historical customer — analyse churn reason,0,0.0
142057,NexusOne Solutions,Healthcare,Netherlands,Growth,active,408.0,17,12,0.71,6.0,4.5,95.93,415.91,415.98,1,83.0,Healthy,1,Payment / billing risk,Low Priority,Billing intervention,0,0.0
544253,VaultStream Solutions 1,Software,Germany,Starter,active,132.0,11,7,0.64,4.0,4.5,58.03,0.0,0.0,1,83.0,Healthy,1,Lower commercial value,Low Priority,Engagement and value review,0,0.0
118279,HubStack,Healthcare,India,Growth,active,576.0,24,19,0.79,6.0,4.25,39.25,1116.78,0.0,3,50.0,At Risk,3,Payment / billing risk | High-priority support activity | Unresolved support issues,High Priority,Billing intervention,1,576.0
540498,FlowState Works 2,Healthcare,India,Growth,active,696.0,29,21,0.72,4.0,4.33,21.6,0.0,0.0,2,67.0,Watch,2,High-priority support activity | Unresolved support issues,Monitor,Support escalation,1,696.0
452461,Inline Systems,Financial Services,Canada,Growth,active,576.0,24,15,0.63,7.0,3.83,52.63,0.0,0.0,1,83.0,Healthy,1,Unresolved support issues,Low Priority,Resolve outstanding support issues,0,0.0
110220,VaultStream Technologies 1,Financial Services,Netherlands,Starter,active,60.0,5,3,0.6,3.0,2.67,29.23,63.06,57.95,5,17.0,Critical,5,Low customer engagement | Lower commercial value | Payment / billing risk | High-priority support activity | Low customer satisfaction,Immediate Intervention,Billing intervention,1,60.0
644475,DataBridge Pro Networks 1,Retail,Germany,Starter,active,60.0,5,4,0.8,3.0,4.0,43.03,58.28,0.0,4,33.0,Critical,4,Low customer engagement | Lower commercial value | Payment / billing risk | High-priority support activity,Immediate Intervention,Billing intervention,1,60.0
558269,Unified Ops Digital 1,Software,Germany,Enterprise,churned,15010.0,190,137,0.72,3.0,4.0,30.5,0.0,0.0,1,83.0,Healthy,1,High-priority support activity,Not Active,Historical customer — analyse churn reason,0,0.0
968217,LaunchPad HQ Industries 1,Financial Services,Netherlands,Starter,active,84.0,7,5,0.71,2.0,4.0,19.25,0.0,0.0,3,50.0,At Risk,3,Low customer engagement | Lower commercial value | High-priority support activity,High Priority,Product adoption / onboarding intervention,1,84.0
987167,StackBase Solutions 1,Retail,Netherlands,Growth,active,504.0,21,18,0.86,4.0,4.67,46.13,0.0,0.0,2,67.0,Watch,2,High-priority support activity | Unresolved support issues,Monitor,Support escalation,1,504.0
782825,Axiom Labs Holdings,Manufacturing,Germany,Business,active,6688.0,152,117,0.77,9.0,4.13,66.65,0.0,6304.02,2,67.0,Watch,2,Payment / billing risk | Unresolved support issues,Monitor,Billing intervention,1,6688.0
839782,DataBridge Pro Holdings,Software,Netherlands,Business,churned,1804.0,41,40,0.98,9.0,3.38,31.9,1726.07,1717.32,4,33.0,Critical,4,Payment / billing risk | High-priority support activity | Unresolved support issues | Low customer satisfaction,Not Active,Historical customer — analyse churn reason,0,0.0
889010,MeshWorks Systems 1,Software,Canada,Growth,active,240.0,10,6,0.6,5.0,4.0,59.28,0.0,0.0,3,50.0,At Risk,3,Lower commercial value | High-priority support activity | Unresolved support issues,High Priority,Support escalation,1,240.0
108606,MeshWorks Digital 1,Software,India,Growth,active,600.0,25,18,0.72,3.0,4.67,23.23,1195.84,0.0,1,83.0,Healthy,1,Payment / billing risk,Low Priority,Billing intervention,0,0.0
309198,NodeSync Technologies 2,Software,Australia,Starter,active,36.0,3,3,1.0,4.0,3.0,33.5,0.0,0.0,4,33.0,Critical,4,Low customer engagement | Lower commercial value | Unresolved support issues | Low customer satisfaction,Immediate Intervention,Product adoption / onboarding intervention,1,36.0
282693,HubStack Systems 1,Software,Canada,Starter,active,36.0,3,3,1.0,2.0,3.0,31.15,73.88,0.0,4,33.0,Critical,4,Low customer engagement | Lower commercial value | Payment / billing risk | Low customer satisfaction,Immediate Intervention,Billing intervention,1,36.0
961918,Unified Ops Analytics 1,Software,Canada,Starter,active,48.0,4,4,1.0,7.0,4.14,31.57,0.0,0.0,3,50.0,At Risk,3,Low customer engagement | Lower commercial value | High-priority support activity,High Priority,Product adoption / onboarding intervention,1,48.0
917801,Xenon Analytics Collective,Education,India,Business,trialing,3828.0,87,77,0.89,7.0,4.57,51.2,0.0,0.0,0,100.0,Healthy,1,No major risk signal detected,Not Active,Historical customer — analyse churn reason,0,0.0
516809,Lattice HQ Technologies 1,Manufacturing,Germany,Growth,active,648.0,27,24,0.89,1.0,5.0,34.0,0.0,0.0,0,100.0,Healthy,1,No major risk signal detected,Low Priority,Routine customer monitoring,0,0.0
217404,Deployly Industries 1,Financial Services,Australia,Starter,active,48.0,4,3,0.75,5.0,2.25,16.73,48.52,91.79,6,0.0,Critical,6,Low customer engagement | Lower commercial value | Payment / billing risk | High-priority support activity | Unresolved support issues | Low customer satisfaction,Immediate Intervention,Billing intervention,1,48.0
133440,Beacon Software Digital 1,Software,Australia,Starter,churned,84.0,7,7,1.0,5.0,4.0,45.55,173.09,87.75,4,33.0,Critical,4,Lower commercial value | Payment / billing risk | High-priority support activity | Unresolved support issues,Not Active,Historical customer — analyse churn reason,0,0.0
265516,DataBridge Pro Digital,Logistics,India,Starter,active,156.0,13,12,0.92,5.0,4.0,28.83,146.55,0.0,4,33.0,Critical,4,Lower commercial value | Payment / billing risk | High-priority support activity | Unresolved support issues,Immediate Intervention,Billing intervention,1,156.0
481953,InfraPoint Holdings 1,Financial Services,United States,Business,active,6468.0,147,111,0.76,7.0,4.67,49.95,6248.11,0.0,3,50.0,At Risk,3,Payment / billing risk | High-priority support activity | Unresolved support issues,High Priority,Billing intervention,1,6468.0
861107,NexusOne Analytics 1,Healthcare,Australia,Growth,active,552.0,23,18,0.78,5.0,4.5,25.05,553.98,539.94,3,50.0,At Risk,3,Payment / billing risk | High-priority support activity | Unresolved support issues,High Priority,Billing intervention,1,552.0
593883,Inline Systems Solutions 1,Retail,United States,Starter,active,36.0,3,2,0.67,5.0,3.5,45.83,0.0,0.0,4,33.0,Critical,4,Low customer engagement | Lower commercial value | High-priority support activity | Unresolved support issues,Immediate Intervention,Product adoption / onboarding intervention,1,36.0
910761,Momentum Tools Technologies 1,Retail,Canada,Business,active,2992.0,68,54,0.79,10.0,4.2,30.06,3103.87,0.0,2,67.0,Watch,2,Payment / billing risk | High-priority support activity,Monitor,Billing intervention,1,2992.0
890103,Xenon Analytics Systems 1,Education,Canada,Starter,active,96.0,8,6,0.75,5.0,4.2,13.42,210.54,98.29,3,50.0,At Risk,3,Lower commercial value | Payment / billing risk | High-priority support activity,High Priority,Billing intervention,1,96.0
412468,Catalyst CRM Systems 1,Manufacturing,Canada,Starter,active,48.0,4,3,0.75,3.0,4.67,9.4,0.0,99.77,4,33.0,Critical,4,Low customer engagement | Lower commercial value | Payment / billing risk | High-priority support activity,Immediate Intervention,Billing intervention,1,48.0
232216,Keystroke AI Industries 1,Manufacturing,Germany,Starter,churned,36.0,3,2,0.67,4.0,4.5,25.4,34.02,0.0,4,33.0,Critical,4,Low customer engagement | Lower commercial value | Payment / billing risk | High-priority support activity,Not Active,Historical customer — analyse churn reason,0,0.0
326211,HubStack Solutions 1,Financial Services,Netherlands,Growth,active,720.0,30,17,0.57,2.0,5.0,11.1,767.49,0.0,2,67.0,Watch,2,Payment / billing risk | High-priority support activity,Monitor,Billing intervention,1,720.0
865765,NexusOne Group 1,Software,Japan,Starter,active,120.0,10,6,0.6,2.0,4.5,24.5,221.46,0.0,3,50.0,At Risk,3,Lower commercial value | Payment / billing risk | High-priority support activity,High Priority,Billing intervention,1,120.0
269054,JetMetrics Collective,Manufacturing,Germany,Starter,churned,84.0,7,6,0.86,6.0,4.33,30.45,76.04,0.0,2,67.0,Watch,2,Lower commercial value | Payment / billing risk,Not Active,Historical customer — analyse churn reason,0,0.0
377902,NodeSync Labs 1,Healthcare,France,Business,active,3960.0,90,88,0.98,5.0,4.2,21.8,7551.64,3428.5,2,67.0,Watch,2,Payment / billing risk | High-priority support activity,Monitor,Billing intervention,1,3960.0
440025,DataBridge Pro Partners,Education,France,Growth,active,864.0,36,23,0.64,4.0,2.5,18.6,0.0,0.0,2,67.0,Watch,2,Unresolved support issues | Low customer satisfaction,Monitor,Customer success follow-up,1,864.0
682864,Deployly Holdings,Software,Netherlands,Growth,active,1152.0,48,37,0.77,3.0,4.67,31.23,0.0,1300.97,1,83.0,Healthy,1,Payment / billing risk,Low Priority,Billing intervention,0,0.0
278077,Amplitude Corp Networks,Education,United States,Growth,active,240.0,10,9,0.9,6.0,3.5,56.73,723.7,0.0,3,50.0,At Risk,3,Lower commercial value | Payment / billing risk | High-priority support activity,High Priority,Billing intervention,1,240.0
892300,InfraPoint Systems,Retail,France,Growth,active,792.0,33,23,0.7,6.0,3.6,53.72,0.0,0.0,1,83.0,Healthy,1,Unresolved support issues,Low Priority,Resolve outstanding support issues,0,0.0
821114,VaultStream,Software,Germany,Growth,active,456.0,19,16,0.84,5.0,4.8,25.08,0.0,0.0,1,83.0,Healthy,1,High-priority support activity,Low Priority,Support escalation,0,0.0
832207,JetMetrics Digital,Software,Netherlands,Growth,active,696.0,29,22,0.76,2.0,4.0,15.2,0.0,661.14,3,50.0,At Risk,3,Payment / billing risk | High-priority support activity | Unresolved support issues,High Priority,Billing intervention,1,696.0
228567,GridLogic Industries,Education,United States,Growth,churned,648.0,27,27,1.0,5.0,3.4,50.26,0.0,0.0,2,67.0,Watch,2,High-priority support activity | Low customer satisfaction,Not Active,Historical customer — analyse churn reason,0,0.0
691462,Momentum Tools Partners,Software,Japan,Starter,active,120.0,10,6,0.6,5.0,3.75,50.7,0.0,0.0,3,50.0,At Risk,3,Lower commercial value | High-priority support activity | Unresolved support issues,High Priority,Support escalation,1,120.0
236900,ZeroFriction Solutions 1,Healthcare,India,Growth,active,384.0,16,12,0.75,4.0,3.0,39.9,0.0,400.12,3,50.0,At Risk,3,Payment / billing risk | High-priority support activity | Low customer satisfaction,High Priority,Billing intervention,1,384.0
893484,NodeSync Networks 2,Software,France,Growth,active,480.0,20,16,0.8,6.0,4.33,70.68,438.34,497.12,1,83.0,Healthy,1,Payment / billing risk,Low Priority,Billing intervention,0,0.0
278618,CloudPeak Systems Partners,Software,Germany,Growth,churned,648.0,27,26,0.96,3.0,4.67,42.67,0.0,709.85,2,67.0,Watch,2,Payment / billing risk | High-priority support activity,Not Active,Historical customer — analyse churn reason,0,0.0
766913,Catalyst CRM Labs 1,Financial Services,India,Growth,active,456.0,19,11,0.58,7.0,3.86,65.04,0.0,0.0,1,83.0,Healthy,1,High-priority support activity,Low Priority,Support escalation,0,0.0
826663,Keystroke AI Systems 2,Software,Japan,Business,active,2464.0,56,51,0.91,3.0,4.0,18.83,0.0,0.0,1,83.0,Healthy,1,High-priority support activity,Low Priority,Support escalation,0,0.0
565930,JetMetrics Group 1,Financial Services,United Kingdom,Growth,active,672.0,28,20,0.71,1.0,5.0,9.1,0.0,0.0,1,83.0,Healthy,1,High-priority support activity,Low Priority,Support escalation,0,0.0
443866,Lattice HQ Networks 1,Education,Canada,Starter,active,36.0,3,3,1.0,5.0,4.8,44.9,71.4,39.25,3,50.0,At Risk,3,Low customer engagement | Lower commercial value | Payment / billing risk,High Priority,Billing intervention,1,36.0
537536,Momentum Tools Solutions 1,Software,United States,Growth,active,336.0,14,12,0.86,5.0,4.0,51.44,329.5,0.0,2,67.0,Watch,2,Payment / billing risk | High-priority support activity,Monitor,Billing intervention,1,336.0
700790,FlowState Works,Software,United Kingdom,Starter,active,48.0,4,4,1.0,4.0,4.0,46.78,101.23,97.93,4,33.0,Critical,4,Low customer engagement | Lower commercial value | Payment / billing risk | High-priority support activity,Immediate Intervention,Billing intervention,1,48.0
457669,Unified Ops Partners,Software,France,Enterprise,active,25122.0,318,313,0.98,2.0,1.0,53.3,0.0,0.0,2,67.0,Watch,2,High-priority support activity | Low customer satisfaction,Monitor,Customer success follow-up,1,25122.0
450789,Inline Systems Labs,Healthcare,France,Business,active,2596.0,59,57,0.97,4.0,4.0,54.25,2707.8,2450.66,1,83.0,Healthy,1,Payment / billing risk,Low Priority,Billing intervention,0,0.0
339830,Catalyst CRM Technologies,Healthcare,Netherlands,Business,churned,2948.0,67,38,0.57,4.0,4.33,28.97,0.0,0.0,2,67.0,Watch,2,High-priority support activity | Unresolved support issues,Not Active,Historical customer — analyse churn reason,0,0.0
511107,Deployly Analytics,Financial Services,India,Starter,active,60.0,5,4,0.8,2.0,5.0,26.85,56.19,0.0,4,33.0,Critical,4,Low customer engagement | Lower commercial value | Payment / billing risk | High-priority support activity,Immediate Intervention,Billing intervention,1,60.0
256231,Relay Systems Technologies 2,Logistics,United Kingdom,Growth,active,888.0,37,34,0.92,8.0,4.14,20.23,973.94,0.0,3,50.0,At Risk,3,Payment / billing risk | High-priority support activity | Unresolved support issues,High Priority,Billing intervention,1,888.0
404631,Lattice HQ Holdings 1,Retail,Germany,Growth,active,336.0,14,10,0.71,5.0,4.6,40.96,0.0,0.0,1,83.0,Healthy,1,High-priority support activity,Low Priority,Support escalation,0,0.0
975689,PipelineIO Software,Healthcare,Australia,Growth,active,384.0,16,10,0.63,5.0,3.0,35.38,0.0,0.0,3,50.0,At Risk,3,High-priority support activity | Unresolved support issues | Low customer satisfaction,High Priority,Customer success follow-up,1,384.0
999282,Gradient Labs Partners 1,Healthcare,France,Starter,active,36.0,3,3,1.0,4.0,4.0,48.0,0.0,0.0,3,50.0,At Risk,3,Low customer engagement | Lower commercial value | High-priority support activity,High Priority,Product adoption / onboarding intervention,1,36.0
379248,Inline Systems Networks,Healthcare,Netherlands,Business,active,3036.0,69,64,0.93,4.0,4.75,34.08,3333.26,0.0,2,67.0,Watch,2,Payment / billing risk | High-priority support activity,Monitor,Billing intervention,1,3036.0
147475,StackBase Solutions,Manufacturing,Brazil,Starter,active,36.0,3,3,1.0,5.0,4.0,39.76,0.0,35.2,4,33.0,Critical,4,Low customer engagement | Lower commercial value | Payment / billing risk | High-priority support activity,Immediate Intervention,Billing intervention,1,36.0
376354,PipelineIO Works 2,Healthcare,Germany,Starter,active,84.0,7,4,0.57,5.0,4.75,41.8,0.0,83.25,5,17.0,Critical,5,Low customer engagement | Lower commercial value | Payment / billing risk | High-priority support activity | Unresolved support issues,Immediate Intervention,Billing intervention,1,84.0
565218,Gradient Labs Systems,Education,Germany,Business,active,2728.0,62,57,0.92,1.0,5.0,40.7,0.0,2845.78,1,83.0,Healthy,1,Payment / billing risk,Low Priority,Billing intervention,0,0.0
356711,Xenon Analytics Labs 2,Retail,Germany,Business,active,1848.0,42,27,0.64,4.0,4.67,68.9,1929.99,0.0,2,67.0,Watch,2,Payment / billing risk | Unresolved support issues,Monitor,Billing intervention,1,1848.0
969635,HorizonSaaS Labs,Healthcare,Japan,Starter,past_due,96.0,8,6,0.75,5.0,4.2,31.12,0.0,0.0,2,67.0,Watch,2,Lower commercial value | High-priority support activity,Not Active,Historical customer — analyse churn reason,0,0.0
749734,VaultStream Digital 1,Software,Canada,Starter,trialing,60.0,5,5,1.0,8.0,4.14,45.61,57.02,57.58,5,17.0,Critical,5,Low customer engagement | Lower commercial value | Payment / billing risk | High-priority support activity | Unresolved support issues,Not Active,Historical customer — analyse churn reason,0,0.0
754948,MeshWorks Networks,Software,Netherlands,Business,active,2904.0,66,47,0.71,2.0,4.5,85.5,0.0,0.0,0,100.0,Healthy,1,No major risk signal detected,Low Priority,Routine customer monitoring,0,0.0
374056,Omnisend Collective 1,Retail,India,Growth,past_due,456.0,19,15,0.79,4.0,4.5,14.8,493.4,0.0,3,50.0,At Risk,3,Payment / billing risk | High-priority support activity | Unresolved support issues,Not Active,Historical customer — analyse churn reason,0,0.0
376850,Beacon Software Works 2,Software,United Kingdom,Starter,active,48.0,4,4,1.0,4.0,4.0,31.23,0.0,0.0,3,50.0,At Risk,3,Low customer engagement | Lower commercial value | High-priority support activity,High Priority,Product adoption / onboarding intervention,1,48.0
641328,Deployly Labs,Healthcare,India,Starter,active,24.0,2,2,1.0,3.0,5.0,64.73,0.0,0.0,3,50.0,At Risk,3,Low customer engagement | Lower commercial value | High-priority support activity,High Priority,Product adoption / onboarding intervention,1,24.0
632926,FunnelSoft Industries,Manufacturing,Australia,Growth,active,1056.0,44,25,0.57,3.0,3.67,67.27,0.0,0.0,0,100.0,Healthy,1,No major risk signal detected,Low Priority,Routine customer monitoring,0,0.0
654271,StackBase Systems 1,Retail,France,Growth,active,528.0,22,14,0.64,8.0,4.0,31.65,0.0,0.0,2,67.0,Watch,2,High-priority support activity | Unresolved support issues,Monitor,Support escalation,1,528.0
599502,NodeSync Solutions,Software,France,Starter,active,60.0,5,3,0.6,4.0,3.25,29.18,0.0,0.0,4,33.0,Critical,4,Low customer engagement | Lower commercial value | High-priority support activity | Low customer satisfaction,Immediate Intervention,Product adoption / onboarding intervention,1,60.0
511241,Omnisend Technologies 1,Financial Services,Australia,Starter,active,108.0,9,6,0.67,4.0,4.0,29.98,0.0,0.0,2,67.0,Watch,2,Lower commercial value | High-priority support activity,Monitor,Support escalation,1,108.0
365756,ZeroFriction Networks,Manufacturing,Netherlands,Starter,active,48.0,4,4,1.0,4.0,4.5,38.55,47.03,0.0,3,50.0,At Risk,3,Low customer engagement | Lower commercial value | Payment / billing risk,High Priority,Billing intervention,1,48.0
246475,NexusOne Networks 1,Retail,France,Starter,active,84.0,7,6,0.86,2.0,4.0,46.5,83.97,0.0,2,67.0,Watch,2,Lower commercial value | Payment / billing risk,Monitor,Billing intervention,1,84.0
281254,StackBase Holdings,Retail,Japan,Growth,active,336.0,14,10,0.71,1.0,3.0,13.8,0.0,0.0,1,83.0,Healthy,1,Low customer satisfaction,Low Priority,Customer success follow-up,0,0.0
125160,QueryForge Group 1,Manufacturing,United States,Starter,trialing,84.0,7,5,0.71,4.0,4.25,54.0,80.73,0.0,3,50.0,At Risk,3,Low customer engagement | Lower commercial value | Payment / billing risk,Not Active,Historical customer — analyse churn reason,0,0.0
976274,PipelineIO Solutions 1,Financial Services,United Kingdom,Growth,active,864.0,36,22,0.61,3.0,3.33,60.07,862.17,0.0,3,50.0,At Risk,3,Payment / billing risk | High-priority support activity | Low customer satisfaction,High Priority,Billing intervention,1,864.0
627910,Inline Systems Partners 1,Education,United Kingdom,Growth,active,96.0,4,4,1.0,7.0,3.29,21.51,97.87,0.0,5,17.0,Critical,5,Low customer engagement | Lower commercial value | Payment / billing risk | High-priority support activity | Low customer satisfaction,Immediate Intervention,Billing intervention,1,96.0
733368,GridLogic Networks 1,Software,Germany,Starter,active,48.0,4,3,0.75,5.0,3.8,57.54,0.0,43.4,4,33.0,Critical,4,Low customer engagement | Lower commercial value | Payment / billing risk | High-priority support activity,Immediate Intervention,Billing intervention,1,48.0
358368,TriggerPoint Analytics,Healthcare,France,Starter,active,48.0,4,2,0.5,8.0,3.25,53.16,47.02,0.0,5,17.0,Critical,5,Low customer engagement | Lower commercial value | Payment / billing risk | High-priority support activity | Low customer satisfaction,Immediate Intervention,Billing intervention,1,48.0
942582,EdgeFlow Technologies Collective,Healthcare,Netherlands,Starter,active,24.0,2,2,1.0,3.0,3.33,37.07,0.0,0.0,3,50.0,At Risk,3,Low customer engagement | Lower commercial value | Low customer satisfaction,High Priority,Product adoption / onboarding intervention,1,24.0
416704,Envoy Platforms Group 1,Retail,France,Starter,churned,84.0,7,6,0.86,3.0,4.33,71.37,90.11,0.0,2,67.0,Watch,2,Lower commercial value | Payment / billing risk,Not Active,Historical customer — analyse churn reason,0,0.0
206487,Unified Ops,Software,Australia,Starter,active,72.0,6,5,0.83,3.0,4.0,90.83,73.68,0.0,3,50.0,At Risk,3,Low customer engagement | Lower commercial value | Payment / billing risk,High Priority,Billing intervention,1,72.0
845929,Deployly Works,Financial Services,India,Starter,active,48.0,4,3,0.75,5.0,4.2,45.88,47.84,0.0,4,33.0,Critical,4,Low customer engagement | Lower commercial value | Payment / billing risk | High-priority support activity,Immediate Intervention,Billing intervention,1,48.0
705149,Kinetic AI Group 1,Healthcare,Australia,Starter,churned,96.0,8,7,0.88,6.0,3.83,48.72,0.0,0.0,2,67.0,Watch,2,Lower commercial value | High-priority support activity,Not Active,Historical customer — analyse churn reason,0,0.0
558167,StackBase Analytics 1,Software,India,Business,active,1716.0,39,39,1.0,6.0,5.0,21.18,0.0,0.0,2,67.0,Watch,2,High-priority support activity | Unresolved support issues,Monitor,Support escalation,1,1716.0
665391,Unified Ops Analytics,Manufacturing,United Kingdom,Starter,active,24.0,2,2,1.0,4.0,3.5,31.98,0.0,0.0,3,50.0,At Risk,3,Low customer engagement | Lower commercial value | High-priority support activity,High Priority,Product adoption / onboarding intervention,1,24.0
419173,Amplitude Corp Collective,Healthcare,Brazil,Business,active,3916.0,89,79,0.89,8.0,3.29,28.89,7812.25,0.0,4,33.0,Critical,4,Payment / billing risk | High-priority support activity | Unresolved support issues | Low customer satisfaction,Immediate Intervention,Billing intervention,1,3916.0
661816,Xenon Analytics Collective 1,Financial Services,United States,Growth,active,384.0,16,13,0.81,3.0,3.5,71.05,390.67,0.0,3,50.0,At Risk,3,Payment / billing risk | High-priority support activity | Unresolved support issues,High Priority,Billing intervention,1,384.0
280034,Keystroke AI Partners 1,Software,Netherlands,Starter,active,96.0,8,7,0.88,1.0,1.0,37.5,94.56,0.0,3,50.0,At Risk,3,Lower commercial value | Payment / billing risk | Low customer satisfaction,High Priority,Billing intervention,1,96.0
516677,EdgeFlow Technologies Works,Logistics,Netherlands,Growth,active,240.0,10,9,0.9,5.0,3.6,57.52,227.41,0.0,3,50.0,At Risk,3,Lower commercial value | Payment / billing risk | High-priority support activity,High Priority,Billing intervention,1,240.0
513477,Amplitude Corp Holdings 1,Financial Services,United Kingdom,Growth,active,792.0,33,21,0.64,3.0,2.5,32.3,787.41,0.0,3,50.0,At Risk,3,Payment / billing risk | Unresolved support issues | Low customer satisfaction,High Priority,Billing intervention,1,792.0
757526,CloudPeak Systems Technologies 1,Retail,Netherlands,Starter,active,48.0,4,3,0.75,6.0,4.5,28.27,0.0,43.75,4,33.0,Critical,4,Low customer engagement | Lower commercial value | Payment / billing risk | High-priority support activity,Immediate Intervention,Billing intervention,1,48.0
641547,MeshWorks Networks 1,Software,India,Growth,churned,720.0,30,29,0.97,9.0,3.78,40.61,0.0,775.43,2,67.0,Watch,2,Payment / billing risk | High-priority support activity,Not Active,Historical customer — analyse churn reason,0,0.0
349634,ZeroFriction Technologies 2,Manufacturing,United States,Business,active,4048.0,92,55,0.6,7.0,4.14,51.86,0.0,0.0,1,83.0,Healthy,1,High-priority support activity,Low Priority,Support escalation,0,0.0
416815,Momentum Tools Works,Logistics,Japan,Growth,active,576.0,24,23,0.96,1.0,5.0,59.9,0.0,0.0,0,100.0,Healthy,1,No major risk signal detected,Low Priority,Routine customer monitoring,0,0.0
897529,JetMetrics Systems,Education,United States,Starter,active,24.0,2,2,1.0,2.0,4.0,15.8,0.0,0.0,3,50.0,At Risk,3,Low customer engagement | Lower commercial value | Unresolved support issues,High Priority,Product adoption / onboarding intervention,1,24.0
663216,Lattice HQ Software 1,Healthcare,Australia,Growth,active,408.0,17,12,0.71,5.0,4.2,54.36,439.96,0.0,2,67.0,Watch,2,Payment / billing risk | High-priority support activity,Monitor,Billing intervention,1,408.0
716836,QueryForge Holdings,Financial Services,Australia,Starter,active,96.0,8,7,0.88,4.0,5.0,13.53,0.0,0.0,3,50.0,At Risk,3,Lower commercial value | High-priority support activity | Unresolved support issues,High Priority,Support escalation,1,96.0
301631,JetMetrics Technologies,Retail,Canada,Growth,active,432.0,18,10,0.56,7.0,4.0,50.19,430.26,444.85,1,83.0,Healthy,1,Payment / billing risk,Low Priority,Billing intervention,0,0.0
617749,Junction Cloud Labs 1,Software,Germany,Starter,active,84.0,7,4,0.57,7.0,3.0,47.88,165.11,165.5,6,0.0,Critical,6,Low customer engagement | Lower commercial value | Payment / billing risk | High-priority support activity | Unresolved support issues | Low customer satisfaction,Immediate Intervention,Billing intervention,1,84.0
692337,WorksiteOS Holdings,Retail,United Kingdom,Growth,active,672.0,28,26,0.93,6.0,3.83,67.62,640.62,0.0,1,83.0,Healthy,1,Payment / billing risk,Low Priority,Billing intervention,0,0.0
359909,ZeroFriction Digital 2,Software,France,Growth,active,648.0,27,17,0.63,3.0,3.67,38.13,661.33,0.0,1,83.0,Healthy,1,Payment / billing risk,Low Priority,Billing intervention,0,0.0
242844,Basecamp Analytics Collective 1,Software,United Kingdom,Business,active,1980.0,45,30,0.67,5.0,4.2,44.7,0.0,0.0,1,83.0,Healthy,1,High-priority support activity,Low Priority,Support escalation,0,0.0
599218,Envoy Platforms Holdings,Healthcare,India,Business,active,5544.0,126,95,0.75,5.0,4.2,22.28,5254.64,0.0,2,67.0,Watch,2,Payment / billing risk | High-priority support activity,Monitor,Billing intervention,1,5544.0
956011,Unified Ops Labs,Financial Services,Germany,Growth,active,432.0,18,13,0.72,2.0,4.5,13.75,0.0,0.0,1,83.0,Healthy,1,High-priority support activity,Low Priority,Support escalation,0,0.0
896894,Relay Systems Software 1,Software,Japan,Business,active,1584.0,36,30,0.83,4.0,3.5,54.08,0.0,0.0,1,83.0,Healthy,1,High-priority support activity,Low Priority,Support escalation,0,0.0
512181,NodeSync Partners 1,Healthcare,Japan,Growth,active,504.0,21,15,0.71,10.0,3.1,45.66,0.0,0.0,2,67.0,Watch,2,High-priority support activity | Low customer satisfaction,Monitor,Customer success follow-up,1,504.0
372540,YieldMetrics Holdings,Retail,United States,Business,active,1672.0,38,25,0.66,3.0,4.33,46.67,3515.25,1647.11,2,67.0,Watch,2,Payment / billing risk | High-priority support activity,Monitor,Billing intervention,1,1672.0
310258,Keystroke AI Analytics 2,Software,United States,Starter,active,48.0,4,3,0.75,9.0,4.25,50.03,51.61,50.42,5,17.0,Critical,5,Low customer engagement | Lower commercial value | Payment / billing risk | High-priority support activity | Unresolved support issues,Immediate Intervention,Billing intervention,1,48.0
912127,TriggerPoint Collective,Software,Netherlands,Business,active,1804.0,41,36,0.88,5.0,4.0,63.8,5369.03,1646.18,2,67.0,Watch,2,Payment / billing risk | High-priority support activity,Monitor,Billing intervention,1,1804.0
848451,WorksiteOS Analytics 1,Software,India,Growth,active,552.0,23,20,0.87,3.0,4.33,35.57,0.0,0.0,0,100.0,Healthy,1,No major risk signal detected,Low Priority,Routine customer monitoring,0,0.0
228499,NexusOne Partners,Retail,India,Starter,churned,36.0,3,2,0.67,9.0,3.5,67.81,33.94,69.33,5,17.0,Critical,5,Low customer engagement | Lower commercial value | Payment / billing risk | High-priority support activity | Unresolved support issues,Not Active,Historical customer — analyse churn reason,0,0.0
230161,WorksiteOS,Financial Services,Canada,Growth,active,456.0,19,12,0.63,1.0,5.0,51.4,0.0,0.0,0,100.0,Healthy,1,No major risk signal detected,Low Priority,Routine customer monitoring,0,0.0
839821,WorksiteOS Technologies,Software,United Kingdom,Growth,active,600.0,25,24,0.96,3.0,3.33,71.03,571.5,0.0,2,67.0,Watch,2,Payment / billing risk | Low customer satisfaction,Monitor,Billing intervention,1,600.0
895559,QueryForge Systems 1,Software,United States,Growth,active,720.0,30,25,0.83,6.0,3.83,29.65,0.0,1407.46,2,67.0,Watch,2,Payment / billing risk | High-priority support activity,Monitor,Billing intervention,1,720.0
541269,JetMetrics Industries 1,Software,India,Growth,churned,216.0,9,7,0.78,2.0,4.0,9.9,214.0,0.0,3,50.0,At Risk,3,Lower commercial value | Payment / billing risk | High-priority support activity,Not Active,Historical customer — analyse churn reason,0,0.0
259726,HorizonSaaS Holdings,Retail,Japan,Starter,active,48.0,4,4,1.0,4.0,4.25,33.83,0.0,0.0,2,67.0,Watch,2,Low customer engagement | Lower commercial value,Monitor,Product adoption / onboarding intervention,1,48.0
566579,Kinetic AI Group,Education,Canada,Business,active,2288.0,52,37,0.71,2.0,3.0,35.2,0.0,0.0,1,83.0,Healthy,1,Low customer satisfaction,Low Priority,Customer success follow-up,0,0.0
550912,HubStack Digital 1,Education,Germany,Starter,active,60.0,5,3,0.6,6.0,4.0,53.85,0.0,0.0,4,33.0,Critical,4,Low customer engagement | Lower commercial value | High-priority support activity | Unresolved support issues,Immediate Intervention,Product adoption / onboarding intervention,1,60.0
104172,YieldMetrics Works,Logistics,Germany,Starter,active,24.0,2,2,1.0,10.0,4.3,39.78,26.42,0.0,4,33.0,Critical,4,Low customer engagement | Lower commercial value | Payment / billing risk | High-priority support activity,Immediate Intervention,Billing intervention,1,24.0
671372,Xenon Analytics Holdings 1,Education,India,Starter,active,72.0,6,5,0.83,4.0,3.75,23.28,0.0,0.0,3,50.0,At Risk,3,Low customer engagement | Lower commercial value | High-priority support activity,High Priority,Product adoption / onboarding intervention,1,72.0
445354,Inline Systems Holdings 1,Software,Netherlands,Starter,active,72.0,6,5,0.83,8.0,3.88,34.1,152.6,0.0,4,33.0,Critical,4,Low customer engagement | Lower commercial value | Payment / billing risk | High-priority support activity,Immediate Intervention,Billing intervention,1,72.0
590704,InfraPoint Digital,Software,Japan,Growth,active,576.0,24,16,0.67,7.0,3.83,42.72,628.62,520.28,3,50.0,At Risk,3,Payment / billing risk | High-priority support activity | Unresolved support issues,High Priority,Billing intervention,1,576.0
287710,Xenon Analytics Networks 1,Healthcare,United States,Business,active,3916.0,89,81,0.91,2.0,2.5,75.3,0.0,0.0,2,67.0,Watch,2,High-priority support activity | Low customer satisfaction,Monitor,Customer success follow-up,1,3916.0
713907,FlowState Labs,Retail,India,Starter,churned,48.0,4,2,0.5,3.0,5.0,64.43,201.88,55.41,4,33.0,Critical,4,Low customer engagement | Lower commercial value | Payment / billing risk | High-priority support activity,Not Active,Historical customer — analyse churn reason,0,0.0
604851,Catalyst CRM Group 2,Software,United States,Starter,past_due,36.0,3,3,1.0,8.0,3.75,33.3,37.33,0.0,4,33.0,Critical,4,Low customer engagement | Lower commercial value | Payment / billing risk | High-priority support activity,Not Active,Historical customer — analyse churn reason,0,0.0
600525,Relay Systems Digital 2,Manufacturing,Japan,Growth,active,1224.0,51,32,0.63,6.0,4.33,49.5,1358.77,1303.97,1,83.0,Healthy,1,Payment / billing risk,Low Priority,Billing intervention,0,0.0
938120,Unified Ops Works 2,Healthcare,Brazil,Growth,active,216.0,9,9,1.0,7.0,4.0,20.36,0.0,0.0,3,50.0,At Risk,3,Lower commercial value | High-priority support activity | Unresolved support issues,High Priority,Support escalation,1,216.0
165982,Envoy Platforms Software,Manufacturing,Brazil,Growth,active,360.0,15,15,1.0,6.0,3.83,47.03,696.06,0.0,2,67.0,Watch,2,Payment / billing risk | High-priority support activity,Monitor,Billing intervention,1,360.0
646333,GridLogic Labs 1,Education,United Kingdom,Starter,active,60.0,5,4,0.8,6.0,4.5,48.57,0.0,0.0,3,50.0,At Risk,3,Low customer engagement | Lower commercial value | High-priority support activity,High Priority,Product adoption / onboarding intervention,1,60.0
116626,Keystroke AI Industries,Software,Japan,Business,trialing,3652.0,83,74,0.89,1.0,5.0,10.7,7689.18,0.0,2,67.0,Watch,2,Payment / billing risk | High-priority support activity,Not Active,Historical customer — analyse churn reason,0,0.0
451238,MeshWorks Digital,Financial Services,United States,Growth,active,768.0,32,29,0.91,4.0,3.67,42.5,743.37,0.0,3,50.0,At Risk,3,Payment / billing risk | High-priority support activity | Unresolved support issues,High Priority,Billing intervention,1,768.0
365660,TriggerPoint Networks 1,Software,Australia,Growth,churned,312.0,13,13,1.0,4.0,4.5,26.38,0.0,0.0,1,83.0,Healthy,1,High-priority support activity,Not Active,Historical customer — analyse churn reason,0,0.0
247003,VaultStream Collective,Financial Services,Brazil,Growth,active,672.0,28,22,0.79,8.0,3.86,49.49,0.0,707.14,3,50.0,At Risk,3,Payment / billing risk | High-priority support activity | Unresolved support issues,High Priority,Billing intervention,1,672.0
918643,Inline Systems Industries,Software,United States,Growth,active,624.0,26,20,0.77,5.0,3.4,32.04,618.66,0.0,3,50.0,At Risk,3,Payment / billing risk | High-priority support activity | Low customer satisfaction,High Priority,Billing intervention,1,624.0
149930,EdgeFlow Technologies Labs,Logistics,Brazil,Growth,active,960.0,40,29,0.73,5.0,4.0,39.6,2829.19,0.0,2,67.0,Watch,2,Payment / billing risk | High-priority support activity,Monitor,Billing intervention,1,960.0
962615,CloudPeak Systems Analytics,Software,Australia,Growth,active,792.0,33,29,0.88,5.0,3.6,32.16,0.0,0.0,1,83.0,Healthy,1,High-priority support activity,Low Priority,Support escalation,0,0.0
872833,DataBridge Pro Collective 1,Software,United States,Starter,active,36.0,3,3,1.0,5.0,4.2,27.48,0.0,0.0,3,50.0,At Risk,3,Low customer engagement | Lower commercial value | High-priority support activity,High Priority,Product adoption / onboarding intervention,1,36.0
729870,CloudPeak Systems Systems 1,Logistics,Brazil,Growth,active,264.0,11,10,0.91,4.0,4.33,44.53,0.0,0.0,1,83.0,Healthy,1,Unresolved support issues,Low Priority,Resolve outstanding support issues,0,0.0
196331,Lattice HQ Partners,Manufacturing,United States,Growth,active,1080.0,45,41,0.91,3.0,3.67,42.63,0.0,0.0,1,83.0,Healthy,1,High-priority support activity,Low Priority,Support escalation,0,0.0
278870,WorksiteOS Digital 1,Financial Services,Brazil,Starter,active,48.0,4,3,0.75,7.0,4.5,27.55,0.0,48.45,5,17.0,Critical,5,Low customer engagement | Lower commercial value | Payment / billing risk | High-priority support activity | Unresolved support issues,Immediate Intervention,Billing intervention,1,48.0
369202,Gradient Labs Technologies,Retail,Canada,Growth,active,576.0,24,15,0.63,1.0,5.0,132.1,0.0,0.0,0,100.0,Healthy,1,No major risk signal detected,Low Priority,Routine customer monitoring,0,0.0
893066,DataBridge Pro Labs,Software,France,Starter,active,84.0,7,4,0.57,4.0,3.75,46.2,0.0,0.0,3,50.0,At Risk,3,Low customer engagement | Lower commercial value | High-priority support activity,High Priority,Product adoption / onboarding intervention,1,84.0
200830,Inline Systems Systems 1,Manufacturing,Canada,Growth,active,528.0,22,13,0.59,2.0,2.5,16.05,0.0,0.0,2,67.0,Watch,2,High-priority support activity | Low customer satisfaction,Monitor,Customer success follow-up,1,528.0
149920,Inline Systems Works,Software,Germany,Starter,active,48.0,4,3,0.75,6.0,4.0,56.38,97.42,0.0,4,33.0,Critical,4,Low customer engagement | Lower commercial value | Payment / billing risk | High-priority support activity,Immediate Intervention,Billing intervention,1,48.0
253221,Axiom Labs Digital,Manufacturing,Canada,Starter,active,120.0,10,7,0.7,8.0,3.71,60.71,0.0,0.0,3,50.0,At Risk,3,Lower commercial value | High-priority support activity | Unresolved support issues,High Priority,Support escalation,1,120.0
837734,ZeroFriction Labs,Logistics,United States,Growth,active,1176.0,49,45,0.92,11.0,4.09,47.53,1208.1,0.0,1,83.0,Healthy,1,Payment / billing risk,Low Priority,Billing intervention,0,0.0
996360,NodeSync,Financial Services,Brazil,Starter,active,96.0,8,6,0.75,2.0,4.0,7.2,0.0,0.0,2,67.0,Watch,2,Lower commercial value | High-priority support activity,Monitor,Support escalation,1,96.0
815721,YieldMetrics Analytics 1,Healthcare,Australia,Starter,active,36.0,3,3,1.0,6.0,4.17,51.77,33.25,0.0,4,33.0,Critical,4,Low customer engagement | Lower commercial value | Payment / billing risk | High-priority support activity,Immediate Intervention,Billing intervention,1,36.0
615864,Basecamp Analytics Software,Education,Netherlands,Growth,active,600.0,25,15,0.6,2.0,4.5,47.3,0.0,0.0,1,83.0,Healthy,1,High-priority support activity,Low Priority,Support escalation,0,0.0
673856,Beacon Software Solutions 1,Financial Services,Japan,Starter,active,60.0,5,4,0.8,6.0,3.83,28.87,0.0,0.0,3,50.0,At Risk,3,Low customer engagement | Lower commercial value | High-priority support activity,High Priority,Product adoption / onboarding intervention,1,60.0
252591,Catalyst CRM Solutions 1,Financial Services,France,Growth,active,408.0,17,12,0.71,5.0,2.8,48.46,0.0,0.0,2,67.0,Watch,2,High-priority support activity | Low customer satisfaction,Monitor,Customer success follow-up,1,408.0
316254,Inline Systems Group,Healthcare,Japan,Growth,active,696.0,29,20,0.69,7.0,4.71,76.67,1441.28,0.0,2,67.0,Watch,2,Payment / billing risk | High-priority support activity,Monitor,Billing intervention,1,696.0
213004,Axiom Labs Systems 1,Software,Australia,Starter,active,84.0,7,4,0.57,7.0,4.43,20.79,0.0,0.0,3,50.0,At Risk,3,Low customer engagement | Lower commercial value | High-priority support activity,High Priority,Product adoption / onboarding intervention,1,84.0
916037,YieldMetrics Technologies,Retail,United States,Starter,active,36.0,3,2,0.67,4.0,4.0,59.83,0.0,0.0,3,50.0,At Risk,3,Low customer engagement | Lower commercial value | High-priority support activity,High Priority,Product adoption / onboarding intervention,1,36.0
202107,InfraPoint Industries,Software,Germany,Growth,active,744.0,31,20,0.65,2.0,5.0,18.4,1381.13,0.0,3,50.0,At Risk,3,Payment / billing risk | High-priority support activity | Unresolved support issues,High Priority,Billing intervention,1,744.0
198116,YieldMetrics Holdings 1,Manufacturing,United States,Growth,active,840.0,35,20,0.57,6.0,4.8,44.86,0.0,0.0,1,83.0,Healthy,1,Unresolved support issues,Low Priority,Resolve outstanding support issues,0,0.0
649882,GridLogic,Software,Australia,Starter,trialing,84.0,7,6,0.86,4.0,4.5,49.73,0.0,0.0,2,67.0,Watch,2,Lower commercial value | High-priority support activity,Not Active,Historical customer — analyse churn reason,0,0.0
245270,Unified Ops Solutions 2,Healthcare,Australia,Starter,churned,24.0,2,1,0.5,5.0,3.6,58.2,0.0,0.0,3,50.0,At Risk,3,Low customer engagement | Lower commercial value | High-priority support activity,Not Active,Historical customer — analyse churn reason,0,0.0
775816,NodeSync Holdings,Manufacturing,France,Starter,active,48.0,4,3,0.75,1.0,3.0,39.8,47.95,48.89,4,33.0,Critical,4,Low customer engagement | Lower commercial value | Payment / billing risk | Low customer satisfaction,Immediate Intervention,Billing intervention,1,48.0
696918,ZeroFriction Technologies 1,Financial Services,Netherlands,Growth,active,312.0,13,10,0.77,6.0,4.0,35.13,0.0,310.72,2,67.0,Watch,2,Payment / billing risk | High-priority support activity,Monitor,Billing intervention,1,312.0
441926,TriggerPoint Partners 1,Financial Services,Germany,Starter,past_due,60.0,5,3,0.6,8.0,4.4,37.64,56.7,0.0,4,33.0,Critical,4,Low customer engagement | Lower commercial value | Payment / billing risk | Unresolved support issues,Not Active,Historical customer — analyse churn reason,0,0.0
436439,Relay Systems Networks,Manufacturing,Brazil,Starter,active,36.0,3,3,1.0,6.0,4.0,43.78,35.71,0.0,5,17.0,Critical,5,Low customer engagement | Lower commercial value | Payment / billing risk | High-priority support activity | Unresolved support issues,Immediate Intervention,Billing intervention,1,36.0
179746,Amplitude Corp Technologies 2,Healthcare,Japan,Starter,active,36.0,3,2,0.67,9.0,4.38,34.08,106.93,34.93,5,17.0,Critical,5,Low customer engagement | Lower commercial value | Payment / billing risk | High-priority support activity | Unresolved support issues,Immediate Intervention,Billing intervention,1,36.0
973361,Momentum Tools Digital,Education,United States,Growth,trialing,312.0,13,10,0.77,4.0,4.33,45.73,0.0,0.0,1,83.0,Healthy,1,Unresolved support issues,Not Active,Historical customer — analyse churn reason,0,0.0
980971,HorizonSaaS Networks,Retail,Germany,Growth,active,504.0,21,13,0.62,2.0,4.5,65.35,548.16,0.0,1,83.0,Healthy,1,Payment / billing risk,Low Priority,Billing intervention,0,0.0
259984,Unified Ops Technologies,Software,United States,Business,active,2068.0,47,41,0.87,3.0,4.33,38.97,2106.99,0.0,2,67.0,Watch,2,Payment / billing risk | High-priority support activity,Monitor,Billing intervention,1,2068.0
597040,Gradient Labs Digital 2,Healthcare,United States,Starter,active,72.0,6,5,0.83,8.0,4.29,35.4,0.0,0.0,4,33.0,Critical,4,Low customer engagement | Lower commercial value | High-priority support activity | Unresolved support issues,Immediate Intervention,Product adoption / onboarding intervention,1,72.0
586841,Lattice HQ Digital,Financial Services,Netherlands,Growth,active,216.0,9,7,0.78,2.0,3.5,9.3,218.3,227.45,3,50.0,At Risk,3,Lower commercial value | Payment / billing risk | High-priority support activity,High Priority,Billing intervention,1,216.0
925203,YieldMetrics Solutions,Logistics,United Kingdom,Starter,active,36.0,3,3,1.0,6.0,4.17,51.37,0.0,0.0,2,67.0,Watch,2,Low customer engagement | Lower commercial value,Monitor,Product adoption / onboarding intervention,1,36.0
263552,Keystroke AI Analytics,Financial Services,Canada,Starter,active,36.0,3,2,0.67,6.0,4.0,33.03,0.0,0.0,3,50.0,At Risk,3,Low customer engagement | Lower commercial value | High-priority support activity,High Priority,Product adoption / onboarding intervention,1,36.0
549691,FunnelSoft Collective,Logistics,Brazil,Growth,churned,600.0,25,21,0.84,5.0,4.75,28.65,0.0,0.0,2,67.0,Watch,2,High-priority support activity | Unresolved support issues,Not Active,Historical customer — analyse churn reason,0,0.0
990741,Keystroke AI Solutions 1,Software,United Kingdom,Starter,active,60.0,5,5,1.0,3.0,4.0,80.27,0.0,0.0,2,67.0,Watch,2,Low customer engagement | Lower commercial value,Monitor,Product adoption / onboarding intervention,1,60.0
572896,CloudPeak Systems Labs 2,Software,Canada,Starter,active,48.0,4,4,1.0,5.0,4.67,31.1,99.44,52.22,4,33.0,Critical,4,Low customer engagement | Lower commercial value | Payment / billing risk | Unresolved support issues,Immediate Intervention,Billing intervention,1,48.0
644079,PipelineIO,Manufacturing,Canada,Growth,active,360.0,15,14,0.93,5.0,3.5,36.83,0.0,0.0,2,67.0,Watch,2,High-priority support activity | Unresolved support issues,Monitor,Support escalation,1,360.0
392724,InfraPoint Solutions,Retail,Japan,Growth,active,360.0,15,11,0.73,6.0,4.2,25.34,0.0,1062.8,3,50.0,At Risk,3,Payment / billing risk | High-priority support activity | Unresolved support issues,High Priority,Billing intervention,1,360.0
583252,FunnelSoft Partners,Financial Services,France,Growth,past_due,480.0,20,18,0.9,6.0,3.67,41.72,931.05,0.0,2,67.0,Watch,2,Payment / billing risk | High-priority support activity,Not Active,Historical customer — analyse churn reason,0,0.0
454905,Relay Systems Technologies,Education,Germany,Starter,active,48.0,4,3,0.75,6.0,4.17,68.77,0.0,0.0,2,67.0,Watch,2,Low customer engagement | Lower commercial value,Monitor,Product adoption / onboarding intervention,1,48.0
304962,Beacon Software Labs 2,Logistics,France,Business,active,5544.0,126,113,0.9,8.0,3.75,37.95,5331.99,0.0,2,67.0,Watch,2,Payment / billing risk | High-priority support activity,Monitor,Billing intervention,1,5544.0
530957,PipelineIO Partners,Software,Japan,Growth,active,192.0,8,6,0.75,8.0,4.0,30.83,380.41,204.52,4,33.0,Critical,4,Lower commercial value | Payment / billing risk | High-priority support activity | Unresolved support issues,Immediate Intervention,Billing intervention,1,192.0
753247,MeshWorks,Manufacturing,United Kingdom,Growth,active,720.0,30,28,0.93,4.0,4.0,75.28,1462.65,744.08,1,83.0,Healthy,1,Payment / billing risk,Low Priority,Billing intervention,0,0.0
124942,MeshWorks Partners,Retail,France,Growth,churned,600.0,25,16,0.64,8.0,4.5,65.5,0.0,1170.95,3,50.0,At Risk,3,Payment / billing risk | High-priority support activity | Unresolved support issues,Not Active,Historical customer — analyse churn reason,0,0.0
209680,Xenon Analytics Networks 2,Healthcare,Brazil,Starter,active,36.0,3,2,0.67,3.0,3.0,23.83,0.0,0.0,3,50.0,At Risk,3,Low customer engagement | Lower commercial value | Low customer satisfaction,High Priority,Product adoption / onboarding intervention,1,36.0
672009,NexusOne Technologies 1,Healthcare,Brazil,Growth,churned,1152.0,48,36,0.75,5.0,3.4,28.88,1089.52,1096.75,3,50.0,At Risk,3,Payment / billing risk | High-priority support activity | Low customer satisfaction,Not Active,Historical customer — analyse churn reason,0,0.0
453260,Xenon Analytics Group 2,Healthcare,Australia,Growth,active,504.0,21,15,0.71,2.0,5.0,17.2,1060.15,0.0,2,67.0,Watch,2,Payment / billing risk | High-priority support activity,Monitor,Billing intervention,1,504.0
831195,Amplitude Corp Labs 2,Manufacturing,United States,Growth,active,936.0,39,30,0.77,5.0,3.75,36.58,1808.49,0.0,2,67.0,Watch,2,Payment / billing risk | Unresolved support issues,Monitor,Billing intervention,1,936.0
557608,Basecamp Analytics Labs 2,Software,United Kingdom,Growth,active,744.0,31,23,0.74,1.0,5.0,41.0,0.0,0.0,0,100.0,Healthy,1,No major risk signal detected,Low Priority,Routine customer monitoring,0,0.0
189198,QueryForge Software 1,Financial Services,Australia,Starter,active,12.0,1,1,1.0,2.0,4.0,29.45,0.0,11.61,4,33.0,Critical,4,Low customer engagement | Lower commercial value | Payment / billing risk | High-priority support activity,Immediate Intervention,Billing intervention,1,12.0
280156,Kinetic AI Systems,Healthcare,United States,Growth,active,744.0,31,30,0.97,5.0,4.4,33.84,772.1,0.0,2,67.0,Watch,2,Payment / billing risk | High-priority support activity,Monitor,Billing intervention,1,744.0
165039,Momentum Tools Partners 1,Financial Services,France,Business,active,3828.0,87,81,0.93,3.0,4.67,33.43,3604.9,3464.72,1,83.0,Healthy,1,Payment / billing risk,Low Priority,Billing intervention,0,0.0
902347,NodeSync Software 2,Logistics,United States,Business,active,3256.0,74,72,0.97,2.0,4.0,19.2,6367.71,0.0,1,83.0,Healthy,1,Payment / billing risk,Low Priority,Billing intervention,0,0.0
136409,NodeSync Systems,Manufacturing,Brazil,Starter,active,84.0,7,7,1.0,5.0,4.4,33.0,84.06,0.0,3,50.0,At Risk,3,Lower commercial value | Payment / billing risk | High-priority support activity,High Priority,Billing intervention,1,84.0
548818,NodeSync Group 2,Financial Services,Canada,Growth,active,408.0,17,12,0.71,2.0,5.0,29.7,0.0,0.0,1,83.0,Healthy,1,High-priority support activity,Low Priority,Support escalation,0,0.0
775527,Axiom Labs Systems,Software,France,Business,active,2288.0,52,42,0.81,6.0,3.67,29.1,4490.88,0.0,2,67.0,Watch,2,Payment / billing risk | High-priority support activity,Monitor,Billing intervention,1,2288.0
664752,InfraPoint Works,Education,Netherlands,Starter,active,84.0,7,5,0.71,3.0,3.67,27.0,89.57,84.45,3,50.0,At Risk,3,Low customer engagement | Lower commercial value | Payment / billing risk,High Priority,Billing intervention,1,84.0
868446,Envoy Platforms Group,Logistics,United States,Growth,active,768.0,32,30,0.94,2.0,4.5,60.45,0.0,0.0,1,83.0,Healthy,1,High-priority support activity,Low Priority,Support escalation,0,0.0
301959,JetMetrics Holdings 1,Software,Germany,Growth,active,888.0,37,25,0.68,4.0,3.33,58.27,951.61,0.0,4,33.0,Critical,4,Payment / billing risk | High-priority support activity | Unresolved support issues | Low customer satisfaction,Immediate Intervention,Billing intervention,1,888.0
513019,DataBridge Pro Technologies 2,Healthcare,Canada,Growth,active,240.0,10,6,0.6,3.0,4.33,75.4,0.0,0.0,1,83.0,Healthy,1,Lower commercial value,Low Priority,Engagement and value review,0,0.0
379610,StackBase Partners 1,Logistics,United Kingdom,Starter,active,24.0,2,1,0.5,6.0,3.4,34.0,0.0,25.56,6,0.0,Critical,6,Low customer engagement | Lower commercial value | Payment / billing risk | High-priority support activity | Unresolved support issues | Low customer satisfaction,Immediate Intervention,Billing intervention,1,24.0
301920,CloudPeak Systems Group 1,Software,France,Starter,active,36.0,3,3,1.0,6.0,4.4,42.5,35.13,0.0,4,33.0,Critical,4,Low customer engagement | Lower commercial value | Payment / billing risk | Unresolved support issues,Immediate Intervention,Billing intervention,1,36.0
579749,JetMetrics Collective 1,Education,Australia,Starter,active,60.0,5,4,0.8,10.0,3.4,34.27,65.43,0.0,5,17.0,Critical,5,Low customer engagement | Lower commercial value | Payment / billing risk | High-priority support activity | Low customer satisfaction,Immediate Intervention,Billing intervention,1,60.0
574882,FunnelSoft Group 1,Software,United Kingdom,Starter,active,72.0,6,6,1.0,8.0,4.43,30.99,71.06,0.0,4,33.0,Critical,4,Lower commercial value | Payment / billing risk | High-priority support activity | Unresolved support issues,Immediate Intervention,Billing intervention,1,72.0
314260,FunnelSoft Holdings,Software,United States,Business,active,2288.0,52,34,0.65,1.0,,,0.0,0.0,2,67.0,Watch,2,High-priority support activity | Unresolved support issues,Monitor,Support escalation,1,2288.0
681503,Kinetic AI Labs,Education,Netherlands,Starter,active,60.0,5,4,0.8,4.0,4.5,38.33,0.0,0.0,2,67.0,Watch,2,Low customer engagement | Lower commercial value,Monitor,Product adoption / onboarding intervention,1,60.0
575346,Lattice HQ Digital 1,Logistics,Canada,Growth,active,576.0,24,23,0.96,3.0,3.67,51.5,0.0,0.0,1,83.0,Healthy,1,High-priority support activity,Low Priority,Support escalation,0,0.0
961788,Junction Cloud Digital 1,Logistics,India,Starter,active,36.0,3,2,0.67,5.0,3.4,25.36,0.0,0.0,4,33.0,Critical,4,Low customer engagement | Lower commercial value | High-priority support activity | Low customer satisfaction,Immediate Intervention,Product adoption / onboarding intervention,1,36.0
948864,HorizonSaaS Digital,Financial Services,United States,Growth,active,528.0,22,14,0.64,4.0,4.0,26.87,539.75,0.0,3,50.0,At Risk,3,Payment / billing risk | High-priority support activity | Unresolved support issues,High Priority,Billing intervention,1,528.0
540115,JetMetrics Industries,Software,Netherlands,Growth,active,888.0,37,23,0.62,3.0,4.33,41.77,899.99,0.0,1,83.0,Healthy,1,Payment / billing risk,Low Priority,Billing intervention,0,0.0
284692,StackBase Digital 2,Software,France,Growth,active,864.0,36,35,0.97,4.0,4.5,42.23,842.53,0.0,2,67.0,Watch,2,Payment / billing risk | High-priority support activity,Monitor,Billing intervention,1,864.0
807582,Deployly Collective 1,Retail,Australia,Growth,trialing,336.0,14,11,0.79,4.0,4.25,46.8,317.38,0.0,2,67.0,Watch,2,Payment / billing risk | High-priority support activity,Not Active,Historical customer — analyse churn reason,0,0.0
424994,Axiom Labs Industries,Financial Services,Canada,Business,past_due,3212.0,73,45,0.62,7.0,3.0,60.33,3109.9,6780.73,4,33.0,Critical,4,Payment / billing risk | High-priority support activity | Unresolved support issues | Low customer satisfaction,Not Active,Historical customer — analyse churn reason,0,0.0
256035,Deployly Technologies,Healthcare,Germany,Starter,active,36.0,3,3,1.0,6.0,3.8,42.56,0.0,0.0,4,33.0,Critical,4,Low customer engagement | Lower commercial value | High-priority support activity | Unresolved support issues,Immediate Intervention,Product adoption / onboarding intervention,1,36.0
359178,NodeSync Holdings 1,Software,Germany,Growth,active,456.0,19,11,0.58,5.0,3.8,39.66,0.0,0.0,1,83.0,Healthy,1,High-priority support activity,Low Priority,Support escalation,0,0.0
742562,Junction Cloud Systems 1,Logistics,Japan,Business,active,1892.0,43,25,0.58,4.0,4.75,19.48,1672.62,0.0,2,67.0,Watch,2,Payment / billing risk | High-priority support activity,Monitor,Billing intervention,1,1892.0
132627,FlowState Collective 1,Financial Services,India,Starter,past_due,60.0,5,4,0.8,3.0,4.67,26.1,129.87,0.0,3,50.0,At Risk,3,Low customer engagement | Lower commercial value | Payment / billing risk,Not Active,Historical customer — analyse churn reason,0,0.0
461906,Basecamp Analytics Holdings 1,Software,Netherlands,Starter,active,48.0,4,3,0.75,2.0,4.5,39.3,88.33,0.0,3,50.0,At Risk,3,Low customer engagement | Lower commercial value | Payment / billing risk,High Priority,Billing intervention,1,48.0
197488,InfraPoint Group 2,Manufacturing,Japan,Growth,active,408.0,17,11,0.65,5.0,4.4,41.04,0.0,0.0,0,100.0,Healthy,1,No major risk signal detected,Low Priority,Routine customer monitoring,0,0.0
713583,FunnelSoft Systems,Retail,United Kingdom,Starter,active,60.0,5,4,0.8,5.0,4.6,31.96,0.0,0.0,3,50.0,At Risk,3,Low customer engagement | Lower commercial value | High-priority support activity,High Priority,Product adoption / onboarding intervention,1,60.0
624691,HorizonSaaS Partners 1,Healthcare,Brazil,Growth,active,696.0,29,26,0.9,4.0,3.25,43.58,0.0,0.0,1,83.0,Healthy,1,Low customer satisfaction,Low Priority,Customer success follow-up,0,0.0
465105,Gradient Labs Software 1,Retail,France,Starter,active,48.0,4,3,0.75,7.0,4.57,19.3,50.66,0.0,4,33.0,Critical,4,Low customer engagement | Lower commercial value | Payment / billing risk | High-priority support activity,Immediate Intervention,Billing intervention,1,48.0
973987,JetMetrics Solutions 1,Healthcare,Australia,Starter,active,24.0,2,2,1.0,5.0,3.0,79.83,25.91,0.0,5,17.0,Critical,5,Low customer engagement | Lower commercial value | Payment / billing risk | Unresolved support issues | Low customer satisfaction,Immediate Intervention,Billing intervention,1,24.0
741178,DataBridge Pro Software,Software,Japan,Growth,active,456.0,19,16,0.84,4.0,3.25,80.65,423.69,0.0,2,67.0,Watch,2,Payment / billing risk | Low customer satisfaction,Monitor,Billing intervention,1,456.0
563394,Junction Cloud Group 1,Software,Australia,Growth,active,888.0,37,24,0.65,3.0,3.5,16.55,860.38,782.93,3,50.0,At Risk,3,Payment / billing risk | High-priority support activity | Unresolved support issues,High Priority,Billing intervention,1,888.0
968396,Keystroke AI Digital,Retail,Australia,Starter,active,72.0,6,4,0.67,2.0,5.0,55.4,78.11,0.0,4,33.0,Critical,4,Low customer engagement | Lower commercial value | Payment / billing risk | Unresolved support issues,Immediate Intervention,Billing intervention,1,72.0
517368,Inline Systems Technologies 1,Logistics,Germany,Business,active,4532.0,103,87,0.84,1.0,2.0,24.7,4237.53,0.0,2,67.0,Watch,2,Payment / billing risk | Low customer satisfaction,Monitor,Billing intervention,1,4532.0
444888,Beacon Software Group,Education,France,Growth,active,744.0,31,30,0.97,6.0,4.8,45.46,0.0,0.0,2,67.0,Watch,2,High-priority support activity | Unresolved support issues,Monitor,Support escalation,1,744.0
794431,Lattice HQ Software,Financial Services,Germany,Growth,active,432.0,18,13,0.72,5.0,5.0,36.25,1249.92,434.75,3,50.0,At Risk,3,Payment / billing risk | High-priority support activity | Unresolved support issues,High Priority,Billing intervention,1,432.0
440806,YieldMetrics Collective,Financial Services,Netherlands,Starter,active,24.0,2,1,0.5,4.0,4.33,42.07,0.0,0.0,3,50.0,At Risk,3,Low customer engagement | Lower commercial value | Unresolved support issues,High Priority,Product adoption / onboarding intervention,1,24.0
449270,Gradient Labs Systems 2,Software,Netherlands,Starter,active,96.0,8,7,0.88,8.0,3.88,22.66,96.93,0.0,3,50.0,At Risk,3,Lower commercial value | Payment / billing risk | High-priority support activity,High Priority,Billing intervention,1,96.0
394508,StackBase,Software,Germany,Starter,active,36.0,3,3,1.0,4.0,4.25,26.5,114.01,0.0,3,50.0,At Risk,3,Low customer engagement | Lower commercial value | Payment / billing risk,High Priority,Billing intervention,1,36.0
170254,Unified Ops Labs 2,Manufacturing,India,Growth,active,648.0,27,19,0.7,5.0,4.0,65.33,0.0,0.0,2,67.0,Watch,2,High-priority support activity | Unresolved support issues,Monitor,Support escalation,1,648.0
983961,PipelineIO Industries 1,Software,India,Growth,active,480.0,20,14,0.7,5.0,5.0,48.58,0.0,0.0,0,100.0,Healthy,1,No major risk signal detected,Low Priority,Routine customer monitoring,0,0.0
143122,DataBridge Pro Works,Retail,France,Starter,active,36.0,3,2,0.67,3.0,4.67,63.77,71.2,40.24,3,50.0,At Risk,3,Low customer engagement | Lower commercial value | Payment / billing risk,High Priority,Billing intervention,1,36.0
970778,LaunchPad HQ Collective 1,Manufacturing,Japan,Growth,active,600.0,25,19,0.76,7.0,4.2,71.56,0.0,572.68,3,50.0,At Risk,3,Payment / billing risk | High-priority support activity | Unresolved support issues,High Priority,Billing intervention,1,600.0
383211,Basecamp Analytics Technologies 1,Education,United States,Growth,active,840.0,35,33,0.94,6.0,4.6,36.12,1663.12,0.0,3,50.0,At Risk,3,Payment / billing risk | High-priority support activity | Unresolved support issues,High Priority,Billing intervention,1,840.0
540382,Junction Cloud Software,Manufacturing,France,Growth,active,504.0,21,14,0.67,7.0,3.67,20.75,468.24,0.0,3,50.0,At Risk,3,Payment / billing risk | High-priority support activity | Unresolved support issues,High Priority,Billing intervention,1,504.0
473143,StackBase Collective 1,Software,France,Starter,active,108.0,9,8,0.89,4.0,4.33,52.87,107.86,0.0,3,50.0,At Risk,3,Lower commercial value | Payment / billing risk | Unresolved support issues,High Priority,Billing intervention,1,108.0
401402,Relay Systems Analytics,Retail,Canada,Growth,active,240.0,10,9,0.9,6.0,4.33,50.95,0.0,0.0,2,67.0,Watch,2,Lower commercial value | High-priority support activity,Monitor,Support escalation,1,240.0
119727,TriggerPoint Collective 1,Financial Services,Netherlands,Growth,active,312.0,13,10,0.77,1.0,5.0,63.8,310.91,307.49,1,83.0,Healthy,1,Payment / billing risk,Low Priority,Billing intervention,0,0.0
269555,Gradient Labs Digital,Retail,United Kingdom,Growth,active,240.0,10,7,0.7,3.0,4.67,69.17,222.63,0.0,3,50.0,At Risk,3,Lower commercial value | Payment / billing risk | High-priority support activity,High Priority,Billing intervention,1,240.0
250471,JetMetrics Analytics,Financial Services,Netherlands,Starter,active,108.0,9,6,0.67,3.0,4.0,26.9,0.0,101.79,3,50.0,At Risk,3,Lower commercial value | Payment / billing risk | High-priority support activity,High Priority,Billing intervention,1,108.0
105131,PipelineIO Labs 1,Financial Services,France,Starter,active,36.0,3,2,0.67,4.0,4.25,40.7,36.62,0.0,4,33.0,Critical,4,Low customer engagement | Lower commercial value | Payment / billing risk | High-priority support activity,Immediate Intervention,Billing intervention,1,36.0
505397,DataBridge Pro Collective,Software,Canada,Starter,trialing,108.0,9,6,0.67,4.0,2.5,22.25,336.96,0.0,4,33.0,Critical,4,Lower commercial value | Payment / billing risk | High-priority support activity | Low customer satisfaction,Not Active,Historical customer — analyse churn reason,0,0.0
155872,QueryForge Labs 1,Financial Services,India,Growth,active,648.0,27,17,0.63,0.0,,,0.0,0.0,0,100.0,Healthy,1,No major risk signal detected,Low Priority,Routine customer monitoring,0,0.0
850797,NexusOne Industries 1,Retail,Brazil,Starter,active,84.0,7,5,0.71,9.0,3.29,37.01,0.0,0.0,5,17.0,Critical,5,Low customer engagement | Lower commercial value | High-priority support activity | Unresolved support issues | Low customer satisfaction,Immediate Intervention,Product adoption / onboarding intervention,1,84.0
336415,GridLogic Analytics 1,Software,France,Starter,trialing,60.0,5,3,0.6,1.0,5.0,13.2,59.71,0.0,4,33.0,Critical,4,Low customer engagement | Lower commercial value | Payment / billing risk | High-priority support activity,Not Active,Historical customer — analyse churn reason,0,0.0
571416,Kinetic AI Digital,Financial Services,United Kingdom,Growth,active,216.0,9,8,0.89,3.0,4.0,36.5,0.0,424.77,3,50.0,At Risk,3,Lower commercial value | Payment / billing risk | Unresolved support issues,High Priority,Billing intervention,1,216.0
832722,HubStack Technologies,Retail,United Kingdom,Business,active,1804.0,41,39,0.95,1.0,4.0,104.3,3413.17,0.0,1,83.0,Healthy,1,Payment / billing risk,Low Priority,Billing intervention,0,0.0
735377,GridLogic Group 1,Manufacturing,Canada,Starter,past_due,24.0,2,1,0.5,6.0,5.0,38.73,23.3,0.0,5,17.0,Critical,5,Low customer engagement | Lower commercial value | Payment / billing risk | High-priority support activity | Unresolved support issues,Not Active,Historical customer — analyse churn reason,0,0.0
111936,HubStack Labs 1,Financial Services,Canada,Growth,churned,792.0,33,18,0.55,2.0,4.5,10.95,816.98,0.0,2,67.0,Watch,2,Payment / billing risk | High-priority support activity,Not Active,Historical customer — analyse churn reason,0,0.0
112414,Momentum Tools,Financial Services,Germany,Starter,active,36.0,3,2,0.67,3.0,5.0,39.83,0.0,0.0,3,50.0,At Risk,3,Low customer engagement | Lower commercial value | High-priority support activity,High Priority,Product adoption / onboarding intervention,1,36.0
449827,HorizonSaaS Group,Healthcare,Canada,Business,active,3168.0,72,61,0.85,9.0,4.5,36.64,2879.63,0.0,3,50.0,At Risk,3,Payment / billing risk | High-priority support activity | Unresolved support issues,High Priority,Billing intervention,1,3168.0
580725,CloudPeak Systems Collective 1,Education,Australia,Starter,active,36.0,3,2,0.67,2.0,4.5,17.85,36.37,36.54,4,33.0,Critical,4,Low customer engagement | Lower commercial value | Payment / billing risk | High-priority support activity,Immediate Intervention,Billing intervention,1,36.0
212090,Keystroke AI Networks 1,Retail,France,Growth,active,840.0,35,34,0.97,3.0,4.33,28.9,0.0,0.0,1,83.0,Healthy,1,High-priority support activity,Low Priority,Support escalation,0,0.0
283866,Omnisend Solutions,Software,Brazil,Business,active,3168.0,72,46,0.64,4.0,4.75,38.43,0.0,3350.37,2,67.0,Watch,2,Payment / billing risk | High-priority support activity,Monitor,Billing intervention,1,3168.0
646915,NodeSync Analytics,Retail,Germany,Growth,active,456.0,19,12,0.63,3.0,3.33,46.63,0.0,0.0,1,83.0,Healthy,1,Low customer satisfaction,Low Priority,Customer success follow-up,0,0.0
647019,GridLogic Digital,Education,Brazil,Growth,active,816.0,34,27,0.79,1.0,1.0,34.5,798.16,819.09,2,67.0,Watch,2,Payment / billing risk | Low customer satisfaction,Monitor,Billing intervention,1,816.0
171014,Basecamp Analytics Systems 1,Logistics,Australia,Starter,active,36.0,3,2,0.67,1.0,5.0,62.9,36.17,34.34,3,50.0,At Risk,3,Low customer engagement | Lower commercial value | Payment / billing risk,High Priority,Billing intervention,1,36.0
618342,Relay Systems Partners 1,Manufacturing,Canada,Business,active,3916.0,89,72,0.81,1.0,,,0.0,0.0,2,67.0,Watch,2,High-priority support activity | Unresolved support issues,Monitor,Support escalation,1,3916.0
289564,Catalyst CRM Networks,Retail,Australia,Growth,active,288.0,12,7,0.58,5.0,4.8,28.06,0.0,0.0,1,83.0,Healthy,1,High-priority support activity,Low Priority,Support escalation,0,0.0
219926,PipelineIO Software 1,Education,India,Business,active,3388.0,77,57,0.74,6.0,4.83,31.1,6898.04,0.0,2,67.0,Watch,2,Payment / billing risk | High-priority support activity,Monitor,Billing intervention,1,3388.0
574470,HorizonSaaS Software,Software,Japan,Growth,active,432.0,18,12,0.67,1.0,5.0,18.2,852.16,0.0,2,67.0,Watch,2,Payment / billing risk | High-priority support activity,Monitor,Billing intervention,1,432.0
619995,Inline Systems Technologies,Logistics,United States,Starter,active,36.0,3,2,0.67,6.0,3.5,21.37,35.56,0.0,4,33.0,Critical,4,Low customer engagement | Lower commercial value | Payment / billing risk | High-priority support activity,Immediate Intervention,Billing intervention,1,36.0
467235,FunnelSoft Group,Financial Services,Japan,Starter,active,96.0,8,4,0.5,3.0,5.0,36.45,0.0,0.0,3,50.0,At Risk,3,Low customer engagement | Lower commercial value | Unresolved support issues,High Priority,Product adoption / onboarding intervention,1,96.0
112651,FlowState Solutions 1,Education,United States,Starter,active,36.0,3,3,1.0,2.0,4.5,49.7,0.0,0.0,3,50.0,At Risk,3,Low customer engagement | Lower commercial value | High-priority support activity,High Priority,Product adoption / onboarding intervention,1,36.0
881378,Omnisend Labs 2,Retail,Canada,Starter,active,12.0,1,1,1.0,4.0,3.25,53.53,12.3,12.8,4,33.0,Critical,4,Low customer engagement | Lower commercial value | Payment / billing risk | Low customer satisfaction,Immediate Intervention,Billing intervention,1,12.0
574768,ZeroFriction Partners,Software,United Kingdom,Growth,active,864.0,36,23,0.64,6.0,4.0,32.67,1753.89,0.0,2,67.0,Watch,2,Payment / billing risk | High-priority support activity,Monitor,Billing intervention,1,864.0
722037,Junction Cloud Collective,Financial Services,Australia,Starter,active,144.0,12,9,0.75,4.0,3.0,38.33,0.0,0.0,3,50.0,At Risk,3,Lower commercial value | High-priority support activity | Low customer satisfaction,High Priority,Customer success follow-up,1,144.0
244780,Keystroke AI Works,Retail,Brazil,Business,active,5632.0,128,92,0.72,7.0,3.71,47.8,5344.43,0.0,2,67.0,Watch,2,Payment / billing risk | High-priority support activity,Monitor,Billing intervention,1,5632.0
331536,WorksiteOS Group 1,Manufacturing,Australia,Starter,churned,60.0,5,4,0.8,6.0,4.6,28.94,60.35,128.5,5,17.0,Critical,5,Low customer engagement | Lower commercial value | Payment / billing risk | High-priority support activity | Unresolved support issues,Not Active,Historical customer — analyse churn reason,0,0.0
285164,NodeSync Networks,Healthcare,Canada,Starter,active,84.0,7,6,0.86,3.0,4.33,38.07,89.91,0.0,3,50.0,At Risk,3,Lower commercial value | Payment / billing risk | High-priority support activity,High Priority,Billing intervention,1,84.0
241202,Unified Ops Systems,Logistics,Netherlands,Growth,active,1008.0,42,37,0.88,6.0,4.4,19.24,895.07,0.0,3,50.0,At Risk,3,Payment / billing risk | High-priority support activity | Unresolved support issues,High Priority,Billing intervention,1,1008.0
740617,VaultStream Partners,Healthcare,Germany,Business,active,1760.0,40,25,0.63,1.0,,,0.0,0.0,1,83.0,Healthy,1,Unresolved support issues,Low Priority,Resolve outstanding support issues,0,0.0
695829,GridLogic Networks,Manufacturing,Australia,Starter,active,48.0,4,3,0.75,5.0,3.5,36.68,0.0,0.0,4,33.0,Critical,4,Low customer engagement | Lower commercial value | High-priority support activity | Unresolved support issues,Immediate Intervention,Product adoption / onboarding intervention,1,48.0
775589,Axiom Labs Analytics 1,Software,Canada,Growth,active,840.0,35,24,0.69,4.0,4.0,54.27,823.13,0.0,3,50.0,At Risk,3,Payment / billing risk | High-priority support activity | Unresolved support issues,High Priority,Billing intervention,1,840.0
407884,MeshWorks Technologies 1,Manufacturing,India,Business,active,1012.0,23,20,0.87,5.0,4.25,59.13,0.0,0.0,2,67.0,Watch,2,High-priority support activity | Unresolved support issues,Monitor,Support escalation,1,1012.0
624539,Junction Cloud Analytics 1,Logistics,France,Starter,active,36.0,3,2,0.67,5.0,4.0,40.55,0.0,0.0,4,33.0,Critical,4,Low customer engagement | Lower commercial value | High-priority support activity | Unresolved support issues,Immediate Intervention,Product adoption / onboarding intervention,1,36.0
685576,TriggerPoint Digital,Education,Germany,Growth,active,264.0,11,8,0.73,7.0,3.83,67.32,0.0,0.0,1,83.0,Healthy,1,Unresolved support issues,Low Priority,Resolve outstanding support issues,0,0.0
819790,HorizonSaaS Works,Software,Germany,Growth,active,648.0,27,18,0.67,8.0,3.38,39.26,0.0,0.0,2,67.0,Watch,2,High-priority support activity | Low customer satisfaction,Monitor,Customer success follow-up,1,648.0
670699,Axiom Labs Networks,Logistics,Canada,Growth,active,744.0,31,18,0.58,6.0,3.8,25.84,1417.36,0.0,3,50.0,At Risk,3,Payment / billing risk | High-priority support activity | Unresolved support issues,High Priority,Billing intervention,1,744.0
515718,LaunchPad HQ Technologies 1,Healthcare,Germany,Growth,active,408.0,17,13,0.76,12.0,4.36,52.9,0.0,381.17,3,50.0,At Risk,3,Payment / billing risk | High-priority support activity | Unresolved support issues,High Priority,Billing intervention,1,408.0
207018,FlowState Partners 1,Manufacturing,Canada,Starter,active,36.0,3,2,0.67,10.0,3.9,26.83,0.0,0.0,3,50.0,At Risk,3,Low customer engagement | Lower commercial value | High-priority support activity,High Priority,Product adoption / onboarding intervention,1,36.0
830784,Unified Ops Systems 1,Healthcare,Netherlands,Growth,past_due,528.0,22,19,0.86,2.0,4.5,69.4,0.0,0.0,1,83.0,Healthy,1,High-priority support activity,Not Active,Historical customer — analyse churn reason,0,0.0
122331,InfraPoint Networks,Financial Services,India,Starter,active,36.0,3,2,0.67,8.0,3.75,28.03,34.7,0.0,4,33.0,Critical,4,Low customer engagement | Lower commercial value | Payment / billing risk | High-priority support activity,Immediate Intervention,Billing intervention,1,36.0
979522,Omnisend Partners,Logistics,France,Growth,trialing,72.0,3,3,1.0,7.0,3.67,79.95,144.08,0.0,5,17.0,Critical,5,Low customer engagement | Lower commercial value | Payment / billing risk | High-priority support activity | Unresolved support issues,Not Active,Historical customer — analyse churn reason,0,0.0
577783,Xenon Analytics Partners,Healthcare,Germany,Growth,active,720.0,30,19,0.63,5.0,4.0,43.6,0.0,0.0,1,83.0,Healthy,1,High-priority support activity,Low Priority,Support escalation,0,0.0
975101,Amplitude Corp Analytics 2,Financial Services,Japan,Starter,active,60.0,5,3,0.6,7.0,4.29,30.97,60.34,62.73,4,33.0,Critical,4,Low customer engagement | Lower commercial value | Payment / billing risk | High-priority support activity,Immediate Intervention,Billing intervention,1,60.0
359578,DataBridge Pro Systems 2,Retail,India,Starter,active,60.0,5,4,0.8,7.0,3.86,58.66,0.0,0.0,3,50.0,At Risk,3,Low customer engagement | Lower commercial value | High-priority support activity,High Priority,Product adoption / onboarding intervention,1,60.0
873644,InfraPoint Works 2,Healthcare,Japan,Growth,active,336.0,14,9,0.64,3.0,4.67,33.03,326.47,0.0,2,67.0,Watch,2,Payment / billing risk | High-priority support activity,Monitor,Billing intervention,1,336.0
498584,Basecamp Analytics Works,Software,Germany,Starter,active,72.0,6,4,0.67,1.0,2.0,3.0,230.25,0.0,5,17.0,Critical,5,Low customer engagement | Lower commercial value | Payment / billing risk | High-priority support activity | Low customer satisfaction,Immediate Intervention,Billing intervention,1,72.0
210309,Keystroke AI Group 1,Manufacturing,France,Starter,active,36.0,3,2,0.67,7.0,3.86,26.31,0.0,0.0,3,50.0,At Risk,3,Low customer engagement | Lower commercial value | High-priority support activity,High Priority,Product adoption / onboarding intervention,1,36.0
279735,VaultStream Industries,Healthcare,France,Starter,active,108.0,9,5,0.56,5.0,4.25,13.8,0.0,0.0,4,33.0,Critical,4,Low customer engagement | Lower commercial value | High-priority support activity | Unresolved support issues,Immediate Intervention,Product adoption / onboarding intervention,1,108.0
985138,Xenon Analytics Software,Software,India,Business,churned,1980.0,45,37,0.82,5.0,4.0,24.26,4197.09,0.0,2,67.0,Watch,2,Payment / billing risk | High-priority support activity,Not Active,Historical customer — analyse churn reason,0,0.0
907406,MeshWorks Labs,Manufacturing,Brazil,Starter,active,36.0,3,3,1.0,5.0,4.67,17.5,37.98,0.0,5,17.0,Critical,5,Low customer engagement | Lower commercial value | Payment / billing risk | High-priority support activity | Unresolved support issues,Immediate Intervention,Billing intervention,1,36.0
567592,Xenon Analytics Analytics 2,Software,Netherlands,Growth,churned,792.0,33,19,0.58,11.0,4.5,73.19,1453.62,0.0,2,67.0,Watch,2,Payment / billing risk | Unresolved support issues,Not Active,Historical customer — analyse churn reason,0,0.0
386921,QueryForge Software,Software,Canada,Business,active,2728.0,62,45,0.73,4.0,5.0,31.17,0.0,0.0,2,67.0,Watch,2,High-priority support activity | Unresolved support issues,Monitor,Support escalation,1,2728.0
140197,Amplitude Corp Industries 1,Healthcare,Japan,Business,active,1672.0,38,21,0.55,3.0,3.0,27.87,3298.87,0.0,2,67.0,Watch,2,Payment / billing risk | Low customer satisfaction,Monitor,Billing intervention,1,1672.0
129145,CloudPeak Systems Industries 1,Retail,Japan,Growth,active,744.0,31,20,0.65,5.0,4.2,19.84,0.0,0.0,1,83.0,Healthy,1,High-priority support activity,Low Priority,Support escalation,0,0.0
870271,Gradient Labs Systems 1,Financial Services,France,Starter,active,60.0,5,4,0.8,6.0,4.33,35.93,56.05,0.0,3,50.0,At Risk,3,Low customer engagement | Lower commercial value | Payment / billing risk,High Priority,Billing intervention,1,60.0
784693,Xenon Analytics Partners 1,Healthcare,Netherlands,Growth,active,288.0,12,11,0.92,4.0,4.5,30.93,244.43,0.0,2,67.0,Watch,2,Payment / billing risk | High-priority support activity,Monitor,Billing intervention,1,288.0
466834,DataBridge Pro Group 2,Retail,Australia,Growth,active,672.0,28,22,0.79,3.0,2.5,8.4,0.0,0.0,3,50.0,At Risk,3,High-priority support activity | Unresolved support issues | Low customer satisfaction,High Priority,Customer success follow-up,1,672.0
481016,Basecamp Analytics Group,Manufacturing,Germany,Growth,active,720.0,30,25,0.83,6.0,3.5,59.1,793.97,713.6,2,67.0,Watch,2,Payment / billing risk | High-priority support activity,Monitor,Billing intervention,1,720.0
778013,Unified Ops Solutions 1,Retail,Netherlands,Starter,active,108.0,9,6,0.67,3.0,3.33,71.6,104.82,0.0,3,50.0,At Risk,3,Lower commercial value | Payment / billing risk | Low customer satisfaction,High Priority,Billing intervention,1,108.0
236797,Envoy Platforms Systems 1,Healthcare,Canada,Starter,active,48.0,4,4,1.0,3.0,5.0,49.1,45.44,0.0,3,50.0,At Risk,3,Low customer engagement | Lower commercial value | Payment / billing risk,High Priority,Billing intervention,1,48.0
761986,TriggerPoint Group,Logistics,India,Business,active,3388.0,77,51,0.66,3.0,3.0,28.57,3313.69,0.0,3,50.0,At Risk,3,Payment / billing risk | High-priority support activity | Low customer satisfaction,High Priority,Billing intervention,1,3388.0
468400,Kinetic AI Systems 1,Software,United Kingdom,Business,past_due,4840.0,110,67,0.61,3.0,3.0,21.5,10023.17,4986.28,3,50.0,At Risk,3,Payment / billing risk | High-priority support activity | Low customer satisfaction,Not Active,Historical customer — analyse churn reason,0,0.0
539755,MeshWorks Technologies,Retail,Japan,Starter,active,24.0,2,1,0.5,7.0,4.17,27.5,24.49,20.67,5,17.0,Critical,5,Low customer engagement | Lower commercial value | Payment / billing risk | High-priority support activity | Unresolved support issues,Immediate Intervention,Billing intervention,1,24.0
224336,Momentum Tools Labs 1,Financial Services,United Kingdom,Starter,active,36.0,3,3,1.0,3.0,3.33,13.07,38.96,0.0,5,17.0,Critical,5,Low customer engagement | Lower commercial value | Payment / billing risk | High-priority support activity | Low customer satisfaction,Immediate Intervention,Billing intervention,1,36.0
723768,JetMetrics Solutions,Software,United States,Growth,active,408.0,17,10,0.59,4.0,4.0,96.45,0.0,0.0,0,100.0,Healthy,1,No major risk signal detected,Low Priority,Routine customer monitoring,0,0.0
943757,Catalyst CRM Partners,Financial Services,India,Growth,active,384.0,16,13,0.81,4.0,3.75,76.03,0.0,0.0,1,83.0,Healthy,1,High-priority support activity,Low Priority,Support escalation,0,0.0
841724,Momentum Tools Digital 1,Healthcare,France,Business,active,3080.0,70,43,0.61,4.0,3.5,11.83,2997.5,6029.9,2,67.0,Watch,2,Payment / billing risk | High-priority support activity,Monitor,Billing intervention,1,3080.0
554336,FlowState Industries 1,Logistics,Australia,Starter,active,36.0,3,2,0.67,5.0,4.4,40.52,38.62,0.0,4,33.0,Critical,4,Low customer engagement | Lower commercial value | Payment / billing risk | High-priority support activity,Immediate Intervention,Billing intervention,1,36.0
746335,Inline Systems Industries 1,Software,Canada,Starter,active,48.0,4,3,0.75,7.0,3.57,40.91,94.47,0.0,4,33.0,Critical,4,Low customer engagement | Lower commercial value | Payment / billing risk | High-priority support activity,Immediate Intervention,Billing intervention,1,48.0
961826,FunnelSoft Digital,Retail,United States,Starter,active,72.0,6,6,1.0,5.0,3.2,37.44,136.14,0.0,4,33.0,Critical,4,Lower commercial value | Payment / billing risk | High-priority support activity | Low customer satisfaction,Immediate Intervention,Billing intervention,1,72.0
504637,InfraPoint Digital 1,Software,United States,Starter,active,48.0,4,2,0.5,4.0,3.67,39.47,0.0,0.0,4,33.0,Critical,4,Low customer engagement | Lower commercial value | High-priority support activity | Unresolved support issues,Immediate Intervention,Product adoption / onboarding intervention,1,48.0
712131,Kinetic AI Software 1,Financial Services,India,Growth,active,984.0,41,37,0.9,2.0,4.5,37.0,915.33,0.0,2,67.0,Watch,2,Payment / billing risk | High-priority support activity,Monitor,Billing intervention,1,984.0
722460,Beacon Software Software,Manufacturing,United States,Starter,active,60.0,5,5,1.0,5.0,4.0,42.94,0.0,55.25,4,33.0,Critical,4,Low customer engagement | Lower commercial value | Payment / billing risk | High-priority support activity,Immediate Intervention,Billing intervention,1,60.0
486582,Inline Systems Digital,Manufacturing,Germany,Starter,churned,72.0,6,4,0.67,2.0,,,0.0,73.97,4,33.0,Critical,4,Low customer engagement | Lower commercial value | Payment / billing risk | Unresolved support issues,Not Active,Historical customer — analyse churn reason,0,0.0
759736,NexusOne Labs,Manufacturing,Canada,Growth,active,504.0,21,16,0.76,6.0,3.67,20.85,0.0,0.0,1,83.0,Healthy,1,High-priority support activity,Low Priority,Support escalation,0,0.0
110861,Deployly Collective,Retail,Canada,Starter,active,72.0,6,5,0.83,2.0,5.0,45.9,134.04,0.0,3,50.0,At Risk,3,Low customer engagement | Lower commercial value | Payment / billing risk,High Priority,Billing intervention,1,72.0
320794,QueryForge Technologies 1,Financial Services,India,Starter,active,60.0,5,5,1.0,6.0,4.67,66.07,0.0,119.89,3,50.0,At Risk,3,Low customer engagement | Lower commercial value | Payment / billing risk,High Priority,Billing intervention,1,60.0
490866,Catalyst CRM Industries 1,Education,Germany,Growth,churned,360.0,15,11,0.73,5.0,4.75,74.6,0.0,0.0,2,67.0,Watch,2,High-priority support activity | Unresolved support issues,Not Active,Historical customer — analyse churn reason,0,0.0
959623,VaultStream Networks,Retail,India,Starter,active,72.0,6,5,0.83,4.0,3.5,48.45,0.0,76.56,3,50.0,At Risk,3,Low customer engagement | Lower commercial value | Payment / billing risk,High Priority,Billing intervention,1,72.0
