account_id,company_name,industry,country,employee_count,signup_date,plan,user_count,admin_count,member_count,viewer_count,seats,subscription_status,mrr,started_on,ended_on,users_per_seat,subscription_duration,invoice_count,total_invoiced,avg_invoice_amount,paid_amount,open_amount,uncollectible_amount,ticket_count,high_priority_tickets,urgent_tickets,avg_satisfaction,avg_resolution_hours,unresolved_tickets
115359,JetMetrics Software,Financial Services,Netherlands,23,2023-06-21 10:57:18,Starter,3,0,3,0,3,active,36.0,2023-06-21 10:57:18,,1.0,,12,420.35,35.03,388.81,0.0,0.0,7.0,3.0,1.0,4.29,29.77,0.0
596031,LaunchPad HQ Holdings,Healthcare,Australia,12,2024-03-01 23:05:21,Growth,11,3,8,0,12,active,288.0,2024-03-01 23:05:21,,0.92,,14,4067.09,290.51,3485.67,294.63,286.79,6.0,3.0,0.0,5.0,24.74,1.0
550131,NodeSync Software,Retail,Germany,91,2024-06-13 00:12:52,Growth,35,3,23,9,35,active,840.0,2024-06-13 00:12:52,,1.0,,14,11752.19,839.44,8441.61,780.35,836.36,7.0,2.0,0.0,3.8,52.1,2.0
290736,Relay Systems,Manufacturing,Canada,188,2024-02-06 07:47:11,Enterprise,108,28,61,19,188,active,14852.0,2024-02-06 07:47:11,,0.57,,12,181785.6,15148.8,166649.47,15136.13,0.0,4.0,2.0,1.0,4.0,16.8,0.0
154626,EdgeFlow Technologies Systems 1,Healthcare,India,64,2023-12-09 14:44:55,Growth,20,7,12,1,27,active,648.0,2023-12-09 14:44:55,,0.74,,7,4603.62,657.66,3237.56,1366.06,0.0,2.0,1.0,0.0,5.0,68.7,0.0
697547,TriggerPoint,Software,Brazil,75,2025-02-08 13:10:44,Growth,9,1,4,4,15,active,360.0,2025-02-08 13:10:44,,0.6,,17,6155.36,362.08,5424.53,730.83,0.0,4.0,1.0,0.0,4.5,77.73,0.0
876549,Gradient Labs Analytics 1,Logistics,Netherlands,50,2023-03-21 23:55:11,Growth,27,3,22,2,29,active,696.0,2023-03-21 23:55:11,,0.93,,8,5723.19,715.4,5723.19,0.0,0.0,5.0,1.0,1.0,5.0,33.38,1.0
462096,Keystroke AI Collective 1,Manufacturing,Japan,389,2024-11-16 10:26:32,Business,68,8,48,12,81,active,3564.0,2024-11-16 10:26:32,,0.84,,7,24180.47,3454.35,24180.47,0.0,0.0,6.0,0.0,0.0,2.75,62.1,2.0
991572,Unified Ops Holdings 1,Education,India,100,2023-08-07 08:31:00,Growth,11,2,8,1,15,active,360.0,2023-08-07 08:31:00,,0.73,,14,5016.03,358.29,4288.47,346.4,381.16,6.0,2.0,0.0,4.4,51.34,1.0
150144,Relay Systems Group 1,Education,United Kingdom,12,2024-05-14 16:52:50,Starter,8,3,4,1,12,active,144.0,2024-05-14 16:52:50,,0.67,,9,1301.11,144.57,1301.11,0.0,0.0,11.0,3.0,0.0,4.6,20.37,1.0
344893,Beacon Software Software 1,Software,Canada,167,2025-03-16 08:59:27,Business,39,4,23,12,64,active,2816.0,2025-03-16 08:59:27,,0.61,,8,22826.79,2853.35,19927.78,2899.01,0.0,7.0,1.0,1.0,3.71,22.11,0.0
656283,InfraPoint Technologies 1,Financial Services,Japan,83,2024-01-27 17:16:01,Growth,22,1,14,7,35,active,840.0,2024-01-27 17:16:01,,0.63,,9,7229.09,803.23,4965.98,1468.22,794.89,6.0,2.0,0.0,4.2,22.48,1.0
373043,Keystroke AI Software 1,Retail,France,3,2023-11-16 09:19:34,Starter,2,1,0,1,3,active,36.0,2023-11-16 09:19:34,,0.67,,16,582.78,36.42,546.56,0.0,0.0,4.0,3.0,0.0,3.75,17.48,0.0
676614,VaultStream Labs,Retail,Australia,44,2025-07-16 12:38:09,Growth,10,5,4,1,17,active,408.0,2025-07-16 12:38:09,,0.59,,13,5273.26,405.64,4416.91,0.0,439.11,5.0,1.0,0.0,3.8,39.02,0.0
295334,MeshWorks Group 1,Healthcare,United States,66,2024-06-21 08:01:37,Growth,19,3,12,4,22,active,528.0,2024-06-21 08:01:37,,0.86,,9,4827.21,536.36,3780.04,1047.17,0.0,4.0,0.0,0.0,4.0,47.33,1.0
414105,Beacon Software,Logistics,Australia,12,2023-11-09 14:47:16,Starter,5,1,3,1,6,active,72.0,2023-11-09 14:47:16,,0.83,,13,966.21,74.32,893.46,72.75,0.0,10.0,0.0,2.0,3.88,59.29,2.0
872118,TriggerPoint Technologies,Financial Services,Japan,1043,2025-02-23 15:25:11,Enterprise,77,21,45,11,109,active,8611.0,2025-02-23 15:25:11,,0.71,,15,129647.03,8643.14,120715.15,0.0,8931.88,3.0,0.0,0.0,4.67,52.33,0.0
749288,ZeroFriction Works,Software,Brazil,200,2023-07-01 19:50:39,Business,36,14,16,6,42,churned,1848.0,2023-07-01 19:50:39,2024-03-18 19:50:39,0.86,261.0,11,20392.52,1853.87,20392.52,0.0,0.0,5.0,1.0,0.0,4.6,45.52,0.0
843432,Lattice HQ Systems,Healthcare,Japan,117,2023-01-10 06:07:31,Starter,1,0,1,0,2,past_due,24.0,2023-01-10 06:07:31,,0.5,,9,219.51,24.39,195.45,24.06,0.0,6.0,1.0,1.0,4.4,26.38,1.0
674609,GridLogic Industries 1,Retail,United States,6,2024-06-29 11:30:59,Starter,4,0,4,0,6,active,72.0,2024-06-29 11:30:59,,0.67,,14,1013.37,72.38,867.75,145.62,0.0,7.0,1.0,1.0,4.17,22.53,1.0
714944,Lattice HQ Collective,Education,Germany,31,2023-07-01 16:59:29,Growth,20,4,11,5,31,active,744.0,2023-07-01 16:59:29,,0.65,,15,11234.35,748.96,9701.4,818.41,714.54,5.0,2.0,0.0,4.4,46.28,0.0
284939,Envoy Platforms Digital 1,Software,France,21,2024-03-27 13:16:48,Starter,4,2,2,0,6,trialing,72.0,2024-03-27 13:16:48,,0.67,,12,850.85,70.9,772.57,78.28,0.0,6.0,0.0,0.0,4.6,35.6,1.0
810858,HubStack Works,Healthcare,United Kingdom,86,2025-01-14 07:28:44,Growth,8,0,4,4,11,active,264.0,2025-01-14 07:28:44,,0.73,,13,3403.11,261.78,3403.11,0.0,0.0,6.0,0.0,1.0,5.0,26.8,2.0
789095,Momentum Tools Solutions,Healthcare,Germany,14,2023-02-15 20:50:10,Starter,3,1,1,1,6,churned,72.0,2023-02-15 20:50:10,2024-02-12 20:50:10,0.5,362.0,17,1203.09,70.77,1133.27,69.82,0.0,5.0,2.0,0.0,4.4,26.58,0.0
822380,GridLogic Solutions,Retail,Brazil,70,2024-12-21 13:33:11,Growth,10,3,6,1,12,active,288.0,2024-12-21 13:33:11,,0.83,,11,3183.73,289.43,2262.41,921.32,0.0,2.0,0.0,0.0,4.0,48.7,0.0
143529,Deployly Solutions,Software,Netherlands,22,2025-03-20 12:27:00,Starter,4,0,3,1,7,active,84.0,2025-03-20 12:27:00,,0.57,,13,1078.83,82.99,989.73,0.0,0.0,6.0,1.0,2.0,4.5,19.85,0.0
734573,MeshWorks Solutions 1,Financial Services,India,73,2023-02-09 09:04:09,Growth,25,5,17,3,26,active,624.0,2023-02-09 09:04:09,,0.96,,9,5571.38,619.04,4949.87,621.51,0.0,3.0,0.0,0.0,4.33,42.8,0.0
259373,PipelineIO Labs,Software,United States,16,2024-08-27 19:41:43,Starter,5,1,3,1,6,active,72.0,2024-08-27 19:41:43,,0.83,,16,1164.94,72.81,1164.94,0.0,0.0,4.0,1.0,0.0,4.75,60.85,0.0
487099,YieldMetrics Systems 1,Manufacturing,Netherlands,9,2024-06-12 11:40:52,Starter,3,1,2,0,3,past_due,36.0,2024-06-12 11:40:52,,1.0,,8,276.94,34.62,243.76,33.18,0.0,6.0,1.0,1.0,4.8,49.16,1.0
875381,Junction Cloud Digital,Financial Services,Canada,51,2023-06-10 11:34:59,Growth,30,13,15,2,34,active,816.0,2023-06-10 11:34:59,,0.88,,20,16422.09,821.1,14942.64,731.34,748.11,4.0,0.0,1.0,3.0,36.23,1.0
644920,Junction Cloud Networks 1,Software,United States,25,2024-10-22 13:33:41,Growth,17,0,13,4,25,active,600.0,2024-10-22 13:33:41,,0.68,,15,8888.5,592.57,7130.19,1188.79,0.0,6.0,2.0,0.0,3.67,69.75,0.0
815996,Junction Cloud Networks,Manufacturing,Japan,114,2025-04-04 16:27:44,Growth,22,2,12,8,36,active,864.0,2025-04-04 16:27:44,,0.61,,15,12720.96,848.06,11832.37,888.59,0.0,7.0,1.0,1.0,4.8,32.48,2.0
481021,PipelineIO Digital,Logistics,United States,3,2024-07-16 16:40:33,Starter,1,0,1,0,2,active,24.0,2024-07-16 16:40:33,,0.5,,11,257.42,23.4,213.76,22.2,0.0,7.0,1.0,2.0,4.0,32.32,1.0
564779,Inline Systems Labs 1,Software,Netherlands,3,2025-04-09 21:02:20,Starter,2,0,2,0,3,active,36.0,2025-04-09 21:02:20,,0.67,,8,290.82,36.35,253.81,37.01,0.0,7.0,2.0,0.0,3.83,40.03,1.0
554320,Envoy Platforms Collective,Financial Services,Canada,340,2023-02-13 12:30:53,Business,60,13,38,9,82,active,3608.0,2023-02-13 12:30:53,,0.73,,17,59740.91,3514.17,52795.37,3257.59,3687.95,,,,,,
679023,HubStack Partners 1,Logistics,France,3,2024-06-25 16:50:00,Starter,2,0,2,0,3,active,36.0,2024-06-25 16:50:00,,0.67,,13,466.49,35.88,427.43,0.0,0.0,4.0,0.0,1.0,2.0,26.83,0.0
600507,Axiom Labs Analytics,Healthcare,Netherlands,84,2025-09-08 07:36:42,Growth,9,2,5,2,16,active,384.0,2025-09-08 07:36:42,,0.56,,7,2682.79,383.26,1924.49,758.3,0.0,4.0,0.0,1.0,3.5,27.2,0.0
445138,Momentum Tools Technologies,Manufacturing,Canada,23,2025-01-10 07:00:20,Starter,10,1,7,2,11,active,132.0,2025-01-10 07:00:20,,0.91,,11,1498.69,136.24,1353.93,144.76,0.0,5.0,2.0,0.0,4.0,20.33,1.0
928274,EdgeFlow Technologies Analytics 1,Software,Netherlands,30,2023-04-28 01:31:17,Growth,16,1,13,2,20,active,480.0,2023-04-28 01:31:17,,0.8,,12,5777.13,481.43,5777.13,0.0,0.0,3.0,0.0,1.0,5.0,58.93,0.0
950959,Omnisend Software,Education,Australia,51,2025-05-25 07:26:31,Growth,35,7,20,8,51,active,1224.0,2025-05-25 07:26:31,,0.69,,12,14604.26,1217.02,10992.77,3611.49,0.0,5.0,0.0,0.0,4.2,50.88,0.0
176018,CloudPeak Systems Works,Financial Services,Brazil,29,2024-10-03 16:55:34,Growth,24,2,17,5,29,active,696.0,2024-10-03 16:55:34,,0.83,,14,9477.79,676.99,8172.98,0.0,0.0,1.0,1.0,0.0,4.0,17.8,0.0
952105,DataBridge Pro Technologies,Manufacturing,United Kingdom,25,2024-09-26 10:39:55,Growth,18,1,12,5,25,active,600.0,2024-09-26 10:39:55,,0.72,,14,8265.64,590.4,7680.91,584.73,0.0,2.0,0.0,0.0,5.0,43.4,1.0
820834,StackBase Group 2,Retail,United States,55,2025-09-23 13:19:47,Growth,19,6,11,2,28,active,672.0,2025-09-23 13:19:47,,0.68,,16,10671.81,666.99,9378.64,0.0,668.35,5.0,0.0,0.0,4.5,48.45,1.0
149208,Relay Systems Analytics 1,Financial Services,Netherlands,4,2024-05-12 15:56:19,Starter,4,1,3,0,4,active,48.0,2024-05-12 15:56:19,,1.0,,15,727.2,48.48,629.2,0.0,48.23,4.0,1.0,0.0,5.0,37.7,0.0
865573,EdgeFlow Technologies Digital,Financial Services,Germany,24,2024-04-15 21:17:45,Starter,8,5,1,2,9,active,108.0,2024-04-15 21:17:45,,0.89,,11,1186.44,107.86,1186.44,0.0,0.0,8.0,1.0,0.0,4.14,35.97,1.0
783281,Junction Cloud Industries,Software,United States,3,2024-05-02 21:23:15,Starter,3,0,2,1,3,active,36.0,2024-05-02 21:23:15,,1.0,,9,316.59,35.18,316.59,0.0,0.0,4.0,2.0,1.0,3.75,19.3,0.0
664655,EdgeFlow Technologies Group,Retail,Germany,9,2023-09-10 15:30:58,Starter,6,0,3,3,6,active,72.0,2023-09-10 15:30:58,,1.0,,9,648.18,72.02,648.18,0.0,0.0,3.0,0.0,0.0,3.0,37.3,0.0
380284,Beacon Software Technologies 1,Retail,Japan,139,2024-04-10 11:35:05,Business,90,18,59,13,120,trialing,5280.0,2024-04-10 11:35:05,,0.75,,7,36081.61,5154.52,36081.61,0.0,0.0,11.0,3.0,1.0,4.2,37.09,1.0
661510,Axiom Labs Group 1,Financial Services,Japan,30,2025-08-29 21:12:24,Growth,15,3,9,3,22,active,528.0,2025-08-29 21:12:24,,0.68,,15,7829.39,521.96,7829.39,0.0,0.0,4.0,1.0,0.0,4.25,49.88,0.0
359748,InfraPoint Labs 2,Software,United Kingdom,72,2024-09-25 16:08:53,Growth,23,5,14,4,25,active,600.0,2024-09-25 16:08:53,,0.92,,16,9430.83,589.43,7113.69,1787.16,0.0,4.0,0.0,1.0,4.5,29.23,0.0
725693,HorizonSaaS Networks 1,Education,Netherlands,37,2024-01-01 15:19:56,Growth,8,1,7,0,12,active,288.0,2024-01-01 15:19:56,,0.67,,14,4000.94,285.78,3695.92,305.02,0.0,3.0,0.0,0.0,5.0,41.87,0.0
351485,NexusOne Solutions 1,Software,France,12,2023-08-25 14:25:55,Starter,1,1,0,0,1,active,12.0,2023-08-25 14:25:55,,1.0,,14,167.37,11.96,118.3,36.82,12.25,5.0,1.0,0.0,4.5,29.38,1.0
687763,QueryForge Networks,Education,Netherlands,25,2023-09-19 08:45:28,Growth,10,4,4,2,17,active,408.0,2023-09-19 08:45:28,,0.59,,13,5355.04,411.93,5355.04,0.0,0.0,2.0,0.0,0.0,4.5,32.2,0.0
216067,Kinetic AI Technologies 1,Retail,United States,55,2025-03-21 13:26:29,Growth,9,1,4,4,14,active,336.0,2025-03-21 13:26:29,,0.64,,7,2438.88,348.41,2438.88,0.0,0.0,7.0,4.0,0.0,3.71,32.24,0.0
919974,VaultStream Systems 1,Financial Services,Netherlands,224,2023-09-11 07:55:56,Business,39,9,24,6,64,active,2816.0,2023-09-11 07:55:56,,0.61,,11,31084.64,2825.88,28728.77,0.0,2355.87,5.0,1.0,1.0,4.0,24.4,0.0
535256,InfraPoint Industries 1,Software,Canada,35,2024-10-08 14:17:03,Growth,14,2,6,6,20,active,480.0,2024-10-08 14:17:03,,0.7,,14,6882.26,491.59,5879.09,0.0,484.54,5.0,0.0,1.0,3.8,38.04,0.0
679810,VaultStream Digital,Retail,Canada,44,2023-11-20 12:58:59,Growth,20,9,9,2,23,active,552.0,2023-11-20 12:58:59,,0.87,,13,7393.06,568.7,5137.63,545.35,579.27,12.0,0.0,1.0,4.0,50.75,0.0
972041,Xenon Analytics Industries,Software,India,39,2025-06-14 11:39:37,Growth,17,8,7,2,24,active,576.0,2025-06-14 11:39:37,,0.71,,9,5160.43,573.38,4560.0,600.43,0.0,4.0,1.0,0.0,4.5,23.53,0.0
823165,VaultStream Holdings,Software,France,17,2025-03-08 09:33:55,Starter,5,0,2,3,6,past_due,72.0,2025-03-08 09:33:55,,0.83,,8,585.75,73.22,517.58,68.17,0.0,6.0,0.0,0.0,4.25,34.25,2.0
734926,WorksiteOS Software,Education,Australia,10,2023-05-22 14:10:24,Starter,6,0,4,2,10,active,120.0,2023-05-22 14:10:24,,0.6,,15,1787.63,119.18,1661.48,126.15,0.0,5.0,1.0,0.0,3.75,32.28,1.0
802565,Omnisend Collective,Financial Services,Canada,560,2025-08-17 13:13:00,Business,63,8,42,13,67,active,2948.0,2025-08-17 13:13:00,,0.94,,16,47760.13,2985.01,42476.91,2646.33,2636.89,4.0,1.0,0.0,4.67,55.77,1.0
727732,LaunchPad HQ Digital,Retail,Brazil,19,2025-05-23 10:53:24,Starter,2,0,2,0,4,active,48.0,2025-05-23 10:53:24,,0.5,,13,652.46,50.19,555.02,0.0,0.0,6.0,2.0,0.0,4.17,30.92,0.0
580435,YieldMetrics Labs 1,Education,United States,49,2023-08-24 16:06:53,Growth,17,3,10,4,25,active,600.0,2023-08-24 16:06:53,,0.68,,18,10724.23,595.79,9601.77,562.47,559.99,7.0,2.0,0.0,3.83,41.8,1.0
588070,QueryForge Collective,Financial Services,Japan,48,2025-07-16 12:37:06,Growth,9,1,7,1,11,active,264.0,2025-07-16 12:37:06,,0.82,,11,2841.67,258.33,2841.67,0.0,0.0,7.0,1.0,2.0,3.86,28.2,0.0
727242,Deployly Digital,Education,Germany,9,2024-05-17 17:41:02,Starter,7,1,4,2,9,active,108.0,2024-05-17 17:41:02,,0.78,,15,1606.3,107.09,1502.04,0.0,0.0,7.0,2.0,0.0,4.2,50.58,2.0
155975,Relay Systems Networks 1,Software,Australia,103,2023-01-17 09:52:06,Growth,30,3,21,6,36,active,864.0,2023-01-17 09:52:06,,0.83,,10,8706.78,870.68,8706.78,0.0,0.0,8.0,4.0,1.0,4.29,25.73,1.0
631589,ZeroFriction Industries,Manufacturing,United Kingdom,215,2024-10-20 11:04:20,Growth,14,5,5,4,21,churned,504.0,2024-10-20 11:04:20,2025-04-06 11:04:20,0.67,168.0,17,8438.33,496.37,6933.76,1504.57,0.0,1.0,0.0,0.0,4.0,64.4,0.0
186866,StackBase Systems 2,Software,Canada,53,2023-10-08 08:03:59,Growth,14,3,10,1,17,active,408.0,2023-10-08 08:03:59,,0.82,,12,4856.57,404.71,4466.69,389.88,0.0,4.0,2.0,0.0,4.0,41.58,0.0
622939,Kinetic AI Networks 1,Software,India,27,2025-01-07 12:03:52,Growth,19,2,14,3,21,active,504.0,2025-01-07 12:03:52,,0.9,,10,5071.96,507.2,4596.91,475.05,0.0,5.0,1.0,0.0,4.25,50.03,1.0
621013,Gradient Labs Industries 1,Manufacturing,India,3,2025-09-25 11:24:38,Starter,3,1,2,0,3,active,36.0,2025-09-25 11:24:38,,1.0,,13,460.38,35.41,357.52,68.68,34.18,3.0,0.0,0.0,4.67,40.73,0.0
495640,MeshWorks Software,Financial Services,Germany,14,2024-03-01 16:18:36,Starter,5,2,3,0,8,active,96.0,2024-03-01 16:18:36,,0.63,,12,1158.71,96.56,758.96,303.47,0.0,3.0,2.0,0.0,4.0,29.47,0.0
787021,WorksiteOS Solutions,Software,Brazil,11,2024-05-13 09:14:46,Starter,5,1,2,2,6,active,72.0,2024-05-13 09:14:46,,0.83,,9,647.21,71.91,351.78,149.39,146.04,4.0,0.0,1.0,3.75,61.03,0.0
318162,Junction Cloud Systems,Logistics,Japan,48,2023-01-31 14:24:51,Growth,9,1,7,1,10,active,240.0,2023-01-31 14:24:51,,0.9,,14,3373.01,240.93,2386.9,254.91,731.2,5.0,1.0,0.0,2.5,58.73,1.0
606858,Axiom Labs Software 1,Manufacturing,India,19,2025-05-24 18:56:06,Starter,4,1,3,0,5,active,60.0,2025-05-24 18:56:06,,0.8,,7,431.77,61.68,431.77,0.0,0.0,5.0,0.0,0.0,3.8,48.08,0.0
139051,EdgeFlow Technologies Technologies,Software,Japan,47,2024-12-04 19:32:42,Starter,3,0,3,0,3,active,36.0,2024-12-04 19:32:42,,1.0,,11,393.54,35.78,356.57,36.97,0.0,3.0,0.0,0.0,4.5,53.1,1.0
911267,WorksiteOS Partners,Manufacturing,United Kingdom,378,2025-06-02 10:47:23,Business,36,8,26,2,62,active,2728.0,2025-06-02 10:47:23,,0.58,,15,40774.37,2718.29,32753.44,8020.93,0.0,7.0,1.0,1.0,3.71,50.41,0.0
942304,HubStack Holdings,Manufacturing,United Kingdom,141,2024-08-19 10:44:44,Business,94,14,58,22,117,active,5148.0,2024-08-19 10:44:44,,0.8,,13,66521.22,5117.02,61576.06,0.0,4945.16,7.0,0.0,0.0,4.67,62.75,1.0
567817,Axiom Labs Group,Financial Services,India,16,2024-08-29 11:35:07,Starter,3,0,3,0,4,churned,48.0,2024-08-29 11:35:07,2025-11-05 11:35:07,0.75,433.0,9,438.41,48.71,438.41,0.0,0.0,4.0,0.0,1.0,4.67,40.23,1.0
346678,StackBase Software 1,Education,Canada,106,2025-05-12 20:56:23,Growth,11,0,8,3,17,active,408.0,2025-05-12 20:56:23,,0.65,,17,6820.91,401.23,6030.83,361.59,0.0,5.0,0.0,0.0,4.6,52.14,0.0
600806,FunnelSoft Systems 1,Software,Netherlands,21,2024-07-29 15:44:56,Starter,5,0,3,2,6,active,72.0,2024-07-29 15:44:56,,0.83,,12,858.88,71.57,787.71,71.17,0.0,4.0,0.0,1.0,4.5,32.73,0.0
750844,MeshWorks Analytics 1,Logistics,Australia,29,2025-04-29 08:00:52,Growth,16,3,8,5,29,trialing,696.0,2025-04-29 08:00:52,,0.55,,11,7450.51,677.32,6784.44,0.0,0.0,2.0,0.0,1.0,4.0,34.35,0.0
725268,GridLogic Systems 1,Software,Japan,53,2023-02-01 16:13:08,Growth,10,1,4,5,11,active,264.0,2023-02-01 16:13:08,,0.91,,13,3418.56,262.97,3418.56,0.0,0.0,4.0,2.0,0.0,3.0,21.13,1.0
262660,Keystroke AI Digital 1,Financial Services,Germany,34,2023-03-06 18:54:29,Growth,6,1,4,1,8,active,192.0,2023-03-06 18:54:29,,0.75,,6,1146.69,191.12,1146.69,0.0,0.0,5.0,2.0,0.0,4.6,34.64,0.0
995264,Junction Cloud Solutions,Software,United States,18,2024-05-01 10:42:12,Starter,6,2,4,0,6,active,72.0,2024-05-01 10:42:12,,1.0,,9,639.47,71.05,639.47,0.0,0.0,4.0,0.0,1.0,3.5,28.78,0.0
511470,HubStack Labs 2,Manufacturing,Japan,205,2024-01-20 13:05:57,Business,61,15,29,17,97,trialing,4268.0,2024-01-20 13:05:57,,0.63,,6,25070.21,4178.37,20715.4,4354.81,0.0,4.0,1.0,0.0,3.75,35.83,0.0
271313,Envoy Platforms Technologies,Retail,India,82,2023-05-25 09:00:57,Growth,30,3,21,6,41,active,984.0,2023-05-25 09:00:57,,0.73,,14,14116.78,1008.34,11095.69,2042.82,978.27,8.0,2.0,3.0,4.0,34.74,1.0
378343,Relay Systems Collective,Software,France,38,2024-07-23 16:07:30,Growth,18,2,13,3,23,active,552.0,2024-07-23 16:07:30,,0.78,,13,7444.45,572.65,6792.9,651.55,0.0,6.0,2.0,0.0,3.83,36.03,0.0
870377,NexusOne Digital 1,Software,United States,3,2023-05-23 16:49:18,Starter,2,0,2,0,3,churned,36.0,2023-05-23 16:49:18,2025-04-15 16:49:18,0.67,693.0,15,545.13,36.34,545.13,0.0,0.0,1.0,0.0,1.0,5.0,5.5,0.0
380358,Relay Systems Digital,Retail,Canada,13,2023-04-03 23:09:26,Starter,6,1,3,2,7,active,84.0,2023-04-03 23:09:26,,0.86,,9,768.87,85.43,688.26,80.61,0.0,9.0,1.0,2.0,4.33,39.79,0.0
686916,Gradient Labs Industries,Financial Services,India,171,2025-05-28 10:09:31,Business,73,18,38,17,85,active,3740.0,2025-05-28 10:09:31,,0.86,,18,66677.81,3704.32,51765.67,7670.07,3696.84,4.0,3.0,1.0,4.5,12.75,0.0
901613,Basecamp Analytics Industries,Software,Germany,17,2024-11-27 13:23:58,Starter,4,1,2,1,5,past_due,60.0,2024-11-27 13:23:58,,0.8,,6,363.9,60.65,363.9,0.0,0.0,3.0,1.0,0.0,3.67,46.9,0.0
402163,Omnisend Digital,Financial Services,Brazil,8,2024-05-30 17:37:56,Starter,5,0,4,1,5,active,60.0,2024-05-30 17:37:56,,1.0,,11,681.18,61.93,681.18,0.0,0.0,4.0,1.0,1.0,4.0,21.7,1.0
262565,Gradient Labs Group,Healthcare,Germany,37,2023-03-08 11:28:24,Growth,18,2,11,5,23,active,552.0,2023-03-08 11:28:24,,0.78,,17,9377.09,551.59,8266.79,0.0,1110.3,10.0,0.0,1.0,3.1,41.02,0.0
363409,LaunchPad HQ,Financial Services,Canada,32,2025-01-08 10:51:45,Growth,17,5,9,3,28,active,672.0,2025-01-08 10:51:45,,0.61,,9,5958.93,662.1,5322.19,636.74,0.0,4.0,1.0,0.0,5.0,14.95,2.0
409157,Unified Ops Analytics 2,Healthcare,Brazil,19,2025-01-09 17:01:50,Starter,3,0,1,2,5,trialing,60.0,2025-01-09 17:01:50,,0.6,,17,1020.58,60.03,1020.58,0.0,0.0,9.0,1.0,1.0,4.25,40.43,1.0
847327,HubStack Networks,Healthcare,Germany,84,2023-03-09 11:24:19,Growth,23,4,13,6,34,active,816.0,2023-03-09 11:24:19,,0.68,,14,11523.28,823.09,9841.02,1682.26,0.0,3.0,3.0,0.0,3.33,12.27,0.0
382519,DataBridge Pro Solutions 1,Healthcare,India,17,2024-09-19 14:59:30,Starter,7,4,2,1,13,active,156.0,2024-09-19 14:59:30,,0.54,,6,926.22,154.37,926.22,0.0,0.0,2.0,0.0,0.0,5.0,69.65,0.0
520785,EdgeFlow Technologies Analytics,Manufacturing,Germany,14,2023-05-11 15:17:54,Starter,3,0,2,1,3,active,36.0,2023-05-11 15:17:54,,1.0,,8,289.37,36.17,289.37,0.0,0.0,4.0,0.0,0.0,5.0,49.13,1.0
676603,Keystroke AI Group 2,Software,India,11,2025-05-30 15:03:38,Growth,10,1,7,2,11,trialing,264.0,2025-05-30 15:03:38,,0.91,,17,4587.6,269.86,4338.89,248.71,0.0,7.0,1.0,0.0,4.43,41.97,0.0
372638,Omnisend Networks 1,Healthcare,Germany,11,2024-09-26 08:47:50,Starter,2,1,1,0,3,active,36.0,2024-09-26 08:47:50,,0.67,,17,617.5,36.32,577.06,0.0,0.0,2.0,0.0,0.0,4.0,47.0,0.0
139085,Omnisend Solutions 1,Education,Germany,6,2023-11-05 15:45:29,Starter,2,1,1,0,3,active,36.0,2023-11-05 15:45:29,,0.67,,8,298.52,37.32,224.09,40.0,34.43,2.0,0.0,0.0,5.0,39.9,0.0
782122,Catalyst CRM Digital 1,Logistics,France,3,2023-10-08 15:06:16,Starter,2,0,2,0,3,active,36.0,2023-10-08 15:06:16,,0.67,,13,461.18,35.48,461.18,0.0,0.0,6.0,1.0,1.0,4.33,18.4,0.0
862228,Relay Systems Systems 2,Healthcare,Brazil,7,2025-01-09 16:14:22,Starter,1,0,1,0,2,active,24.0,2025-01-09 16:14:22,,0.5,,9,220.38,24.49,195.44,24.94,0.0,4.0,2.0,0.0,4.5,17.4,2.0
553898,Amplitude Corp Labs 1,Software,United States,8,2023-09-20 09:14:17,Starter,6,1,4,1,8,active,96.0,2023-09-20 09:14:17,,0.75,,8,754.29,94.29,662.64,0.0,0.0,3.0,1.0,0.0,4.0,55.8,0.0
280961,NodeSync Technologies 1,Software,Brazil,32,2023-03-26 14:50:38,Growth,9,1,7,1,12,active,288.0,2023-03-26 14:50:38,,0.75,,9,2695.89,299.54,2414.56,0.0,0.0,3.0,0.0,0.0,3.5,31.0,1.0
364714,Momentum Tools Group 1,Financial Services,United States,8,2023-09-28 17:15:33,Starter,8,1,6,1,8,active,96.0,2023-09-28 17:15:33,,1.0,,13,1241.79,95.52,1150.85,90.94,0.0,6.0,1.0,0.0,4.67,48.1,0.0
670800,StackBase Group,Education,France,109,2023-09-14 10:11:17,Growth,8,2,4,2,12,active,288.0,2023-09-14 10:11:17,,0.67,,5,1511.63,302.33,1511.63,0.0,0.0,2.0,1.0,0.0,5.0,19.2,0.0
629593,PipelineIO Collective,Retail,United Kingdom,301,2025-06-05 06:37:27,Business,55,7,35,13,58,active,2552.0,2025-06-05 06:37:27,,0.95,,18,45948.19,2552.68,43316.84,2631.35,0.0,3.0,0.0,1.0,3.0,21.6,0.0
662010,QueryForge Partners 1,Education,Netherlands,14,2024-08-01 08:00:11,Starter,2,1,1,0,4,active,48.0,2024-08-01 08:00:11,,0.5,,20,967.87,48.39,872.94,94.93,0.0,6.0,1.0,1.0,4.25,43.53,2.0
358468,Relay Systems Collective 1,Healthcare,Germany,204,2023-01-13 09:26:52,Growth,14,3,10,1,16,active,384.0,2023-01-13 09:26:52,,0.88,,13,4976.59,382.81,4243.74,370.54,362.31,10.0,3.0,1.0,4.38,51.13,2.0
150235,VaultStream Works,Education,United Kingdom,10,2024-03-13 13:17:57,Starter,3,1,1,1,4,active,48.0,2024-03-13 13:17:57,,0.75,,12,550.67,45.89,510.79,39.88,0.0,4.0,1.0,0.0,4.0,42.88,0.0
339409,Amplitude Corp Works,Financial Services,Canada,11,2025-09-20 15:06:00,Starter,3,2,1,0,6,active,72.0,2025-09-20 15:06:00,,0.5,,15,1053.56,70.24,983.58,69.98,0.0,8.0,2.0,1.0,3.88,42.13,0.0
817805,TriggerPoint Networks,Retail,Japan,49,2023-05-16 13:20:21,Growth,21,5,12,4,22,active,528.0,2023-05-16 13:20:21,,0.95,,8,4315.03,539.38,3774.46,540.57,0.0,5.0,1.0,1.0,4.4,41.88,0.0
375756,ZeroFriction Collective 1,Logistics,Canada,47,2023-10-11 16:11:27,Growth,15,2,10,3,25,active,600.0,2023-10-11 16:11:27,,0.6,,10,6224.35,622.44,4995.8,1228.55,0.0,8.0,1.0,1.0,4.0,48.35,0.0
661655,InfraPoint,Retail,Netherlands,5,2023-03-27 11:20:52,Starter,4,0,4,0,5,past_due,60.0,2023-03-27 11:20:52,,0.8,,12,722.42,60.2,659.31,0.0,0.0,5.0,3.0,0.0,4.2,39.24,0.0
861636,Envoy Platforms Systems,Financial Services,Canada,30,2024-01-31 08:06:30,Growth,16,3,8,5,18,active,432.0,2024-01-31 08:06:30,,0.89,,9,4026.4,447.38,4026.4,0.0,0.0,2.0,0.0,0.0,4.0,32.5,0.0
705867,Relay Systems Holdings 1,Manufacturing,Canada,155,2023-09-23 08:27:47,Business,63,13,38,12,90,trialing,3960.0,2023-09-23 08:27:47,,0.7,,11,43510.96,3955.54,43510.96,0.0,0.0,9.0,2.0,0.0,3.75,45.21,1.0
831303,Unified Ops Holdings,Software,France,25,2024-05-19 13:26:45,Growth,7,1,4,2,9,active,216.0,2024-05-19 13:26:45,,0.78,,10,2160.32,216.03,2160.32,0.0,0.0,4.0,0.0,1.0,4.5,35.08,0.0
642899,PipelineIO Solutions,Financial Services,Germany,7,2023-07-06 15:58:13,Starter,4,3,1,0,6,active,72.0,2023-07-06 15:58:13,,0.67,,24,1727.72,71.99,1581.54,75.62,0.0,2.0,0.0,0.0,4.0,48.65,0.0
119663,Amplitude Corp Labs,Software,Brazil,122,2025-03-06 13:34:53,Business,59,7,40,12,77,active,3388.0,2025-03-06 13:34:53,,0.77,,14,47277.38,3376.96,47277.38,0.0,0.0,4.0,1.0,0.0,3.25,40.68,0.0
818984,Amplitude Corp Partners,Retail,Brazil,135,2023-10-10 14:54:28,Business,38,9,19,10,41,churned,1804.0,2023-10-10 14:54:28,2024-12-02 14:54:28,0.93,419.0,12,22378.4,1864.87,14901.51,3832.03,1868.3,4.0,1.0,0.0,4.0,30.05,0.0
148986,DataBridge Pro Labs 1,Healthcare,France,15,2024-11-23 14:40:06,Starter,11,0,10,1,14,active,168.0,2024-11-23 14:40:06,,0.79,,15,2532.88,168.86,2532.88,0.0,0.0,2.0,0.0,1.0,4.5,55.95,0.0
699585,Deployly,Logistics,Japan,7,2024-12-17 09:14:31,Growth,5,2,2,1,7,active,168.0,2024-12-17 09:14:31,,0.71,,7,1157.07,165.3,989.0,168.07,0.0,5.0,2.0,1.0,4.5,29.3,1.0
592127,Deployly Solutions 1,Software,Netherlands,3,2024-09-12 08:59:48,Starter,2,0,2,0,3,past_due,36.0,2024-09-12 08:59:48,,0.67,,3,103.6,34.53,103.6,0.0,0.0,3.0,1.0,0.0,4.5,29.7,1.0
260444,Catalyst CRM Software 1,Software,Germany,94,2024-02-24 18:58:27,Growth,29,5,16,8,32,active,768.0,2024-02-24 18:58:27,,0.91,,9,6786.95,754.11,6786.95,0.0,0.0,3.0,0.0,1.0,4.33,46.03,0.0
247268,Amplitude Corp Analytics,Manufacturing,France,41,2024-12-11 19:39:12,Growth,15,0,11,4,22,active,528.0,2024-12-11 19:39:12,,0.68,,14,7392.22,528.02,6313.39,0.0,514.99,4.0,2.0,0.0,4.75,12.28,0.0
696751,Amplitude Corp Systems 2,Financial Services,United States,14,2024-04-22 12:40:25,Starter,6,2,3,1,6,past_due,72.0,2024-04-22 12:40:25,,1.0,,8,574.76,71.85,357.77,0.0,151.28,6.0,3.0,0.0,4.17,29.18,0.0
436381,EdgeFlow Technologies Networks,Financial Services,France,15,2024-02-22 09:14:40,Starter,4,1,2,1,5,active,60.0,2024-02-22 09:14:40,,0.8,,13,784.61,60.35,724.34,60.27,0.0,8.0,1.0,1.0,4.29,41.79,1.0
335130,EdgeFlow Technologies Group 1,Financial Services,Australia,14,2023-05-10 08:47:25,Growth,5,0,3,2,7,churned,168.0,2023-05-10 08:47:25,2023-07-27 08:47:25,0.71,78.0,11,1834.15,166.74,1834.15,0.0,0.0,3.0,1.0,1.0,4.33,20.63,0.0
237614,ZeroFriction Networks 1,Healthcare,Australia,25,2024-06-01 17:16:46,Growth,14,2,11,1,25,churned,600.0,2024-06-01 17:16:46,2025-09-10 17:16:46,0.56,466.0,10,6088.91,608.89,5515.9,573.01,0.0,4.0,1.0,2.0,4.75,12.65,0.0
689786,HorizonSaaS Systems,Manufacturing,Japan,21,2023-04-05 09:19:16,Starter,4,1,2,1,4,active,48.0,2023-04-05 09:19:16,,1.0,,7,343.37,49.05,294.0,49.37,0.0,6.0,0.0,1.0,4.17,27.07,0.0
862941,StackBase Technologies 1,Software,France,36,2025-01-17 14:33:44,Growth,11,0,9,2,16,active,384.0,2025-01-17 14:33:44,,0.69,,14,5496.55,392.61,5496.55,0.0,0.0,1.0,1.0,0.0,5.0,15.9,0.0
269728,Inline Systems Software 1,Healthcare,United Kingdom,75,2023-05-30 11:08:18,Business,47,8,28,11,75,active,3300.0,2023-05-30 11:08:18,,0.63,,8,26570.97,3321.37,26570.97,0.0,0.0,8.0,2.0,0.0,4.5,32.3,0.0
791336,NexusOne Group 2,Healthcare,France,37,2023-12-08 11:40:55,Growth,18,6,11,1,21,active,504.0,2023-12-08 11:40:55,,0.86,,12,6037.16,503.1,5504.73,0.0,532.43,4.0,1.0,0.0,4.75,41.95,0.0
713866,NexusOne Systems 1,Manufacturing,Japan,43,2024-05-07 19:19:10,Growth,28,5,20,3,30,active,720.0,2024-05-07 19:19:10,,0.93,,15,10758.47,717.23,10758.47,0.0,0.0,3.0,1.0,0.0,4.0,41.13,0.0
493447,CloudPeak Systems Networks 1,Software,Canada,216,2023-05-06 12:51:11,Business,30,7,19,4,52,active,2288.0,2023-05-06 12:51:11,,0.58,,10,22710.56,2271.06,18400.23,2068.83,0.0,4.0,1.0,0.0,4.5,30.35,0.0
647876,YieldMetrics Digital,Retail,India,33,2024-06-12 01:06:52,Growth,10,3,4,3,11,active,264.0,2024-06-12 01:06:52,,0.91,,16,4133.87,258.37,3896.61,0.0,237.26,7.0,3.0,0.0,3.5,27.2,1.0
943067,Lattice HQ Group,Education,United States,50,2025-01-07 15:57:46,Growth,14,2,10,2,19,active,456.0,2025-01-07 15:57:46,,0.74,,9,4047.45,449.72,4047.45,0.0,0.0,5.0,0.0,0.0,3.6,59.04,0.0
966960,Amplitude Corp Group 2,Software,United Kingdom,36,2023-10-05 10:10:10,Growth,27,1,19,7,31,active,744.0,2023-10-05 10:10:10,,0.87,,15,10868.47,724.56,8683.29,711.8,0.0,6.0,0.0,2.0,4.0,32.3,2.0
200631,StackBase Networks,Education,Germany,46,2023-02-08 02:16:51,Growth,7,2,3,2,10,active,240.0,2023-02-08 02:16:51,,0.7,,12,2980.16,248.35,2980.16,0.0,0.0,3.0,0.0,0.0,4.0,25.57,0.0
962759,QueryForge Solutions,Retail,Germany,6,2024-10-19 19:23:02,Starter,4,0,3,1,6,churned,72.0,2024-10-19 19:23:02,2025-02-20 19:23:02,0.67,124.0,11,815.47,74.13,743.7,71.77,0.0,5.0,1.0,1.0,3.0,22.35,1.0
531456,FlowState Technologies,Healthcare,France,7,2024-05-20 20:10:33,Starter,4,2,2,0,7,active,84.0,2024-05-20 20:10:33,,0.57,,18,1520.78,84.49,1282.53,238.25,0.0,4.0,1.0,1.0,3.67,22.37,1.0
856439,HorizonSaaS Digital 1,Software,Australia,9,2023-06-13 16:45:21,Starter,5,1,4,0,6,active,72.0,2023-06-13 16:45:21,,0.83,,5,369.27,73.85,302.68,66.59,0.0,4.0,0.0,0.0,4.0,45.7,0.0
504630,Amplitude Corp Software 2,Software,Germany,11,2025-07-24 14:03:41,Growth,10,4,6,0,11,active,264.0,2025-07-24 14:03:41,,0.91,,6,1573.44,262.24,1047.98,267.49,0.0,2.0,1.0,0.0,4.0,22.0,0.0
729499,WorksiteOS Systems,Healthcare,United Kingdom,78,2024-04-28 08:34:22,Growth,15,3,9,3,17,active,408.0,2024-04-28 08:34:22,,0.88,,13,5199.09,399.93,5199.09,0.0,0.0,3.0,0.0,0.0,4.5,38.45,1.0
930786,InfraPoint Collective 1,Healthcare,Brazil,47,2023-04-28 08:57:49,Growth,16,3,11,2,24,active,576.0,2023-04-28 08:57:49,,0.67,,9,5054.89,561.65,3883.83,1171.06,0.0,5.0,2.0,0.0,3.5,42.68,1.0
975237,NexusOne Labs 2,Education,India,118,2023-01-09 11:08:18,Growth,19,3,12,4,19,churned,456.0,2023-01-09 11:08:18,2024-03-30 11:08:18,1.0,446.0,20,9225.27,461.26,8753.72,471.55,0.0,3.0,1.0,0.0,4.0,50.03,0.0
111647,TriggerPoint Software 1,Manufacturing,Canada,853,2023-02-09 10:12:57,Enterprise,55,7,36,12,100,active,7900.0,2023-02-09 10:12:57,,0.55,,15,117485.18,7832.35,108928.52,8556.66,0.0,3.0,1.0,0.0,4.67,28.03,0.0
805943,NexusOne Systems 2,Financial Services,Japan,23,2023-05-04 13:20:18,Starter,2,0,2,0,4,active,48.0,2023-05-04 13:20:18,,0.5,,12,581.26,48.44,581.26,0.0,0.0,3.0,1.0,1.0,4.67,18.83,0.0
349808,InfraPoint Solutions 1,Software,Japan,30,2024-01-26 14:23:34,Growth,16,4,10,2,17,active,408.0,2024-01-26 14:23:34,,0.94,,14,5678.35,405.6,4920.21,359.6,0.0,3.0,0.0,0.0,3.33,40.17,0.0
358134,YieldMetrics Software,Software,Germany,392,2023-07-21 19:50:15,Business,22,2,11,9,23,active,1012.0,2023-07-21 19:50:15,,0.96,,15,15072.21,1004.81,14129.14,0.0,943.07,4.0,0.0,0.0,4.0,39.43,0.0
989345,Relay Systems Solutions,Software,United States,72,2024-02-21 13:24:09,Growth,6,0,5,1,7,active,168.0,2024-02-21 13:24:09,,0.86,,15,2510.43,167.36,2168.22,0.0,172.83,5.0,1.0,0.0,4.4,60.3,0.0
203951,Unified Ops Industries 1,Software,United Kingdom,91,2023-08-04 03:24:54,Growth,18,1,13,4,23,active,552.0,2023-08-04 03:24:54,,0.78,,10,5528.61,552.86,5528.61,0.0,0.0,7.0,3.0,1.0,4.57,34.21,0.0
685200,Gradient Labs Digital 1,Healthcare,Germany,94,2025-03-16 14:36:11,Growth,13,2,8,3,20,active,480.0,2025-03-16 14:36:11,,0.65,,11,5278.44,479.86,4779.15,499.29,0.0,4.0,2.0,0.0,4.25,22.43,0.0
262678,Beacon Software Networks 1,Retail,Germany,13,2023-11-03 17:28:25,Starter,4,0,2,2,7,active,84.0,2023-11-03 17:28:25,,0.57,,10,829.93,82.99,577.83,166.36,0.0,6.0,1.0,1.0,4.5,39.15,0.0
399159,Junction Cloud Partners 1,Software,Germany,66,2025-06-17 16:01:47,Growth,6,1,3,2,8,active,192.0,2025-06-17 16:01:47,,0.75,,13,2498.06,192.16,2498.06,0.0,0.0,6.0,2.0,0.0,3.8,29.02,1.0
235164,Gradient Labs Collective 1,Financial Services,Netherlands,64,2024-02-09 17:07:40,Growth,39,3,28,8,55,trialing,1320.0,2024-02-09 17:07:40,,0.71,,15,19854.95,1323.66,18451.96,0.0,1402.99,6.0,2.0,0.0,4.6,38.74,1.0
225448,Kinetic AI Labs 2,Healthcare,Netherlands,220,2023-04-24 09:28:24,Business,64,13,42,9,80,churned,3520.0,2023-04-24 09:28:24,2025-05-10 09:28:24,0.8,747.0,11,37651.72,3422.88,34260.99,0.0,0.0,4.0,1.0,0.0,3.67,22.67,1.0
800274,DataBridge Pro Technologies 1,Healthcare,India,84,2024-04-08 20:22:12,Growth,24,4,15,5,26,active,624.0,2024-04-08 20:22:12,,0.92,,11,6899.49,627.23,6220.6,0.0,0.0,3.0,1.0,0.0,4.0,47.03,0.0
133243,Catalyst CRM Technologies 2,Healthcare,France,13,2025-09-21 20:50:11,Starter,1,0,1,0,2,active,24.0,2025-09-21 20:50:11,,0.5,,13,313.48,24.11,267.63,45.85,0.0,4.0,1.0,0.0,3.67,56.0,1.0
176599,YieldMetrics Systems,Manufacturing,Japan,5,2025-07-21 08:58:35,Starter,5,0,3,2,5,active,60.0,2025-07-21 08:58:35,,1.0,,12,731.53,60.96,731.53,0.0,0.0,6.0,1.0,0.0,4.0,43.82,0.0
302066,Basecamp Analytics Digital,Financial Services,Japan,15,2023-09-19 09:42:40,Starter,7,1,3,3,7,active,84.0,2023-09-19 09:42:40,,1.0,,15,1235.8,82.39,1154.24,81.56,0.0,5.0,2.0,0.0,4.2,27.34,0.0
704101,Inline Systems Analytics 1,Education,United Kingdom,28,2024-01-04 11:12:50,Growth,23,3,16,4,28,active,672.0,2024-01-04 11:12:50,,0.82,,6,4185.22,697.54,4185.22,0.0,0.0,6.0,1.0,0.0,4.6,49.88,1.0
298048,Relay Systems Software,Financial Services,Brazil,17,2024-04-04 07:19:17,Starter,5,0,5,0,5,active,60.0,2024-04-04 07:19:17,,1.0,,16,951.05,59.44,888.65,0.0,62.4,5.0,1.0,0.0,4.4,52.32,0.0
870010,Beacon Software Collective 1,Financial Services,France,60,2024-03-10 10:19:56,Growth,7,3,3,1,11,active,264.0,2024-03-10 10:19:56,,0.64,,12,3228.84,269.07,2669.91,558.93,0.0,5.0,2.0,0.0,4.4,16.64,0.0
731506,InfraPoint Systems 1,Software,Brazil,7,2025-02-03 08:07:21,Starter,1,1,0,0,1,active,12.0,2025-02-03 08:07:21,,1.0,,11,128.55,11.69,116.75,0.0,11.8,4.0,0.0,0.0,3.25,39.13,0.0
263501,JetMetrics Analytics 1,Manufacturing,United States,9,2025-04-23 18:42:17,Starter,4,3,1,0,4,active,48.0,2025-04-23 18:42:17,,1.0,,10,482.88,48.29,482.88,0.0,0.0,3.0,0.0,0.0,3.5,24.95,1.0
757349,Keystroke AI Digital 2,Manufacturing,Canada,164,2023-10-16 08:12:55,Enterprise,138,29,81,28,164,past_due,12956.0,2023-10-16 08:12:55,,0.84,,14,186181.73,13298.7,173035.31,13146.42,0.0,4.0,0.0,0.0,4.75,51.13,0.0
479390,FlowState Analytics,Healthcare,United States,13,2024-04-02 09:49:16,Starter,2,1,0,1,3,churned,36.0,2024-04-02 09:49:16,2025-06-17 09:49:16,0.67,441.0,16,585.48,36.59,546.45,39.03,0.0,3.0,1.0,0.0,3.33,29.8,0.0
295167,StackBase Technologies,Healthcare,Germany,4,2023-08-15 13:32:29,Starter,3,1,1,1,4,active,48.0,2023-08-15 13:32:29,,0.75,,12,570.63,47.55,526.6,0.0,44.03,5.0,1.0,1.0,4.2,39.24,0.0
286547,Gradient Labs Networks,Financial Services,United States,22,2024-04-15 10:10:30,Starter,3,0,3,0,3,active,36.0,2024-04-15 10:10:30,,1.0,,8,289.3,36.16,289.3,0.0,0.0,7.0,1.0,1.0,4.2,26.36,2.0
333795,HubStack Group,Financial Services,United States,103,2024-12-04 08:34:41,Growth,20,2,15,3,25,active,600.0,2024-12-04 08:34:41,,0.8,,11,6744.69,613.15,5545.33,1199.36,0.0,8.0,1.0,2.0,3.75,59.7,0.0
177341,QueryForge Analytics,Healthcare,Brazil,16,2024-12-22 11:23:47,Starter,8,2,6,0,10,active,120.0,2024-12-22 11:23:47,,0.8,,13,1516.98,116.69,1275.06,0.0,118.95,10.0,2.0,0.0,2.71,34.79,3.0
475777,Catalyst CRM Networks 1,Logistics,Canada,17,2025-08-09 15:42:10,Starter,3,1,2,0,4,active,48.0,2025-08-09 15:42:10,,0.75,,11,537.32,48.85,439.0,46.63,0.0,4.0,1.0,1.0,3.0,15.83,1.0
175483,EdgeFlow Technologies,Software,Australia,440,2024-02-10 20:08:46,Business,50,9,34,7,88,active,3872.0,2024-02-10 20:08:46,,0.57,,13,49758.53,3827.58,46053.34,3705.19,0.0,3.0,0.0,0.0,3.5,58.5,1.0
470193,Inline Systems Solutions,Healthcare,Netherlands,14,2023-08-30 07:44:30,Starter,4,1,2,1,6,active,72.0,2023-08-30 07:44:30,,0.67,,8,575.98,72.0,575.98,0.0,0.0,5.0,0.0,1.0,4.2,60.98,0.0
888218,ZeroFriction Analytics,Software,Australia,4,2025-02-14 10:01:03,Starter,4,0,1,3,4,active,48.0,2025-02-14 10:01:03,,1.0,,11,528.32,48.03,430.83,47.69,0.0,3.0,0.0,0.0,3.67,43.13,0.0
761571,PipelineIO Group,Logistics,Australia,23,2024-08-19 14:36:34,Starter,4,0,2,2,5,active,60.0,2024-08-19 14:36:34,,0.8,,15,877.26,58.48,758.7,58.93,0.0,3.0,0.0,0.0,4.0,26.6,1.0
854166,HorizonSaaS Technologies 1,Manufacturing,Australia,30,2024-06-04 08:38:36,Growth,14,2,11,1,22,active,528.0,2024-06-04 08:38:36,,0.64,,10,5408.49,540.85,5408.49,0.0,0.0,4.0,1.0,0.0,4.0,54.03,1.0
210552,EdgeFlow Technologies Digital 1,Financial Services,United Kingdom,334,2025-09-11 12:46:34,Business,54,11,29,14,79,active,3476.0,2025-09-11 12:46:34,,0.68,,14,48647.05,3474.79,38157.23,3580.29,3519.42,3.0,0.0,0.0,5.0,50.73,0.0
479649,MeshWorks Holdings,Financial Services,Brazil,5,2024-10-28 15:51:42,Starter,2,0,2,0,4,active,48.0,2024-10-28 15:51:42,,0.5,,13,631.18,48.55,584.3,46.88,0.0,2.0,1.0,1.0,4.0,4.45,0.0
511497,FlowState Labs 2,Manufacturing,United Kingdom,44,2023-11-20 17:48:52,Growth,30,3,19,8,38,active,912.0,2023-11-20 17:48:52,,0.79,,9,8084.35,898.26,4591.27,1735.42,897.69,6.0,2.0,1.0,4.0,20.6,1.0
967030,Keystroke AI Networks,Healthcare,Australia,79,2023-06-29 09:51:15,Growth,18,5,10,3,21,active,504.0,2023-06-29 09:51:15,,0.86,,9,4558.72,506.52,4558.72,0.0,0.0,7.0,0.0,2.0,4.57,38.99,0.0
381513,Kinetic AI Solutions,Manufacturing,United States,3,2023-12-24 11:05:04,Starter,3,1,2,0,3,active,36.0,2023-12-24 11:05:04,,1.0,,17,617.0,36.29,508.88,70.18,0.0,6.0,0.0,1.0,4.17,39.4,0.0
342116,HubStack Labs,Software,United States,16,2025-08-24 14:17:40,Starter,3,1,2,0,5,active,60.0,2025-08-24 14:17:40,,0.6,,10,596.52,59.65,537.16,59.36,0.0,2.0,1.0,1.0,4.5,8.35,0.0
141134,Kinetic AI Labs 1,Manufacturing,Australia,6,2023-03-17 16:50:59,Starter,6,1,5,0,6,active,72.0,2023-03-17 16:50:59,,1.0,,15,1078.84,71.92,934.92,77.82,0.0,4.0,1.0,0.0,4.75,26.95,0.0
550331,InfraPoint Software 1,Healthcare,Germany,21,2023-08-27 10:19:09,Starter,5,0,4,1,5,active,60.0,2023-08-27 10:19:09,,1.0,,10,612.09,61.21,612.09,0.0,0.0,5.0,0.0,1.0,4.75,37.08,1.0
209357,CloudPeak Systems Software 1,Manufacturing,France,3,2025-09-09 17:27:04,Starter,2,0,0,2,3,active,36.0,2025-09-09 17:27:04,,0.67,,21,735.12,35.01,626.84,34.5,33.5,9.0,1.0,0.0,4.44,39.8,0.0
262644,FunnelSoft Labs 1,Software,Japan,91,2023-11-06 10:05:44,Growth,30,5,19,6,50,churned,1200.0,2023-11-06 10:05:44,2024-06-24 10:05:44,0.6,231.0,11,13159.6,1196.33,11952.78,0.0,1206.82,2.0,0.0,0.0,4.5,41.75,0.0
157411,FunnelSoft Labs,Financial Services,Germany,129,2024-11-02 14:40:01,Business,108,18,73,17,113,active,4972.0,2024-11-02 14:40:01,,0.96,,20,99777.83,4988.89,85539.27,9367.53,0.0,5.0,1.0,0.0,3.5,27.98,1.0
398864,HorizonSaaS Group 1,Education,United States,42,2023-08-15 06:47:55,Growth,15,2,11,2,24,active,576.0,2023-08-15 06:47:55,,0.63,,5,2927.78,585.56,2927.78,0.0,0.0,3.0,2.0,0.0,3.0,15.6,0.0
634412,TriggerPoint Solutions 1,Software,Brazil,123,2024-06-13 07:31:36,Business,60,11,37,12,98,active,4312.0,2024-06-13 07:31:36,,0.61,,11,47633.02,4330.27,43212.64,0.0,0.0,3.0,0.0,0.0,3.67,108.0,0.0
981433,Beacon Software Collective,Software,Canada,147,2024-12-12 07:10:56,Business,33,7,18,8,37,active,1628.0,2024-12-12 07:10:56,,0.89,,11,18416.36,1674.21,15017.06,1705.37,0.0,3.0,0.0,0.0,4.67,76.5,0.0
662023,InfraPoint Systems 2,Software,Japan,18,2023-06-27 16:42:27,Starter,10,1,8,1,10,active,120.0,2023-06-27 16:42:27,,1.0,,8,963.46,120.43,849.45,0.0,0.0,4.0,0.0,1.0,4.25,61.58,0.0
169258,WorksiteOS Networks,Financial Services,India,38,2023-02-13 16:28:38,Growth,21,3,16,2,23,active,552.0,2023-02-13 16:28:38,,0.91,,8,4382.83,547.85,3859.39,0.0,0.0,4.0,2.0,0.0,3.33,77.9,1.0
487420,Unified Ops Software,Manufacturing,Australia,36,2023-01-25 17:35:47,Growth,24,6,13,5,25,active,600.0,2023-01-25 17:35:47,,0.96,,11,6471.0,588.27,4593.1,1237.99,0.0,6.0,0.0,1.0,4.67,51.3,0.0
556047,YieldMetrics Partners,Healthcare,Netherlands,32,2023-12-17 13:12:50,Growth,21,8,10,3,32,active,768.0,2023-12-17 13:12:50,,0.66,,22,17194.8,781.58,16351.49,843.31,0.0,3.0,0.0,0.0,4.5,48.0,1.0
284686,HubStack Technologies 1,Financial Services,India,14,2023-07-30 10:00:16,Starter,3,1,2,0,4,active,48.0,2023-07-30 10:00:16,,0.75,,9,438.68,48.74,438.68,0.0,0.0,4.0,0.0,0.0,3.0,41.83,0.0
184233,QueryForge Digital 1,Software,France,12,2024-11-14 07:30:46,Starter,1,1,0,0,2,active,24.0,2024-11-14 07:30:46,,0.5,,4,95.61,23.9,95.61,0.0,0.0,6.0,2.0,0.0,4.4,33.56,1.0
925364,HorizonSaaS Solutions 1,Financial Services,United Kingdom,26,2025-06-17 13:36:48,Growth,24,4,15,5,26,active,624.0,2025-06-17 13:36:48,,0.92,,7,4323.23,617.6,4323.23,0.0,0.0,7.0,1.0,0.0,4.83,54.8,1.0
662368,DataBridge Pro Industries 1,Healthcare,Australia,8,2023-11-10 09:37:21,Starter,5,0,5,0,5,active,60.0,2023-11-10 09:37:21,,1.0,,6,350.22,58.37,350.22,0.0,0.0,4.0,2.0,0.0,4.75,36.9,0.0
835797,Beacon Software Industries 1,Software,Canada,49,2024-02-18 10:40:04,Growth,19,2,12,5,25,active,600.0,2024-02-18 10:40:04,,0.76,,10,5977.9,597.79,5977.9,0.0,0.0,4.0,2.0,0.0,3.75,26.35,0.0
301410,InfraPoint Group 1,Retail,Japan,20,2024-02-24 09:58:29,Growth,6,1,2,3,10,active,240.0,2024-02-24 09:58:29,,0.6,,16,3843.67,240.23,3361.5,231.14,0.0,2.0,0.0,1.0,4.0,23.65,0.0
424962,CloudPeak Systems Labs,Financial Services,Brazil,32,2024-08-23 12:06:56,Growth,24,3,18,3,32,active,768.0,2024-08-23 12:06:56,,0.75,,11,8427.12,766.1,8427.12,0.0,0.0,4.0,1.0,0.0,4.75,42.95,0.0
437273,JetMetrics Software 1,Logistics,Canada,18,2024-01-11 08:48:02,Starter,2,1,0,1,3,active,36.0,2024-01-11 08:48:02,,0.67,,9,323.06,35.9,215.06,108.0,0.0,6.0,2.0,0.0,4.25,24.85,2.0
205373,YieldMetrics Software 1,Software,Brazil,35,2023-08-05 08:54:53,Business,34,8,17,9,35,past_due,1540.0,2023-08-05 08:54:53,,0.97,,12,18581.12,1548.43,13812.22,4768.9,0.0,5.0,0.0,0.0,3.0,109.68,1.0
684543,Beacon Software Technologies,Software,Australia,13,2024-08-15 13:57:25,Starter,6,2,4,0,8,active,96.0,2024-08-15 13:57:25,,0.75,,11,1066.81,96.98,775.03,291.78,0.0,4.0,0.0,1.0,4.25,49.85,0.0
400628,GridLogic Works 2,Software,Japan,3,2024-03-02 14:32:57,Starter,2,0,1,1,3,active,36.0,2024-03-02 14:32:57,,0.67,,22,815.06,37.05,781.38,33.68,0.0,7.0,0.0,0.0,3.2,59.14,2.0
179049,Axiom Labs Partners 1,Manufacturing,India,81,2025-04-22 08:38:10,Growth,14,4,7,3,15,active,360.0,2025-04-22 08:38:10,,0.93,,11,3916.49,356.04,3916.49,0.0,0.0,5.0,0.0,1.0,4.0,37.78,0.0
791209,Momentum Tools Industries,Manufacturing,United Kingdom,42,2025-05-09 17:09:31,Starter,6,3,2,1,7,active,84.0,2025-05-09 17:09:31,,0.86,,12,994.15,82.85,906.7,0.0,87.45,4.0,1.0,0.0,4.75,52.43,0.0
609487,Gradient Labs Technologies 2,Education,Australia,44,2023-04-29 07:06:17,Business,42,12,19,11,44,trialing,1936.0,2023-04-29 07:06:17,,0.95,,7,14084.64,2012.09,14084.64,0.0,0.0,5.0,2.0,0.0,3.5,44.05,1.0
416221,Catalyst CRM Holdings 1,Manufacturing,Australia,568,2023-05-16 02:28:53,Business,57,13,31,13,91,active,4004.0,2023-05-16 02:28:53,,0.63,,4,16257.46,4064.37,8260.03,3760.34,4237.09,5.0,1.0,0.0,3.4,34.22,0.0
944315,Deployly Analytics 1,Software,Germany,37,2023-09-25 17:42:40,Business,37,7,23,7,37,active,1628.0,2023-09-25 17:42:40,,1.0,,11,18182.05,1652.91,18182.05,0.0,0.0,4.0,0.0,2.0,2.25,16.73,0.0
143805,MeshWorks Collective,Healthcare,Australia,85,2025-05-04 15:55:59,Growth,14,5,8,1,22,trialing,528.0,2025-05-04 15:55:59,,0.64,,10,5233.05,523.31,5233.05,0.0,0.0,7.0,1.0,1.0,3.33,20.98,1.0
211058,Envoy Platforms Analytics,Retail,Brazil,31,2023-05-27 13:53:18,Growth,19,4,11,4,21,active,504.0,2023-05-27 13:53:18,,0.9,,12,5928.01,494.0,5928.01,0.0,0.0,4.0,2.0,0.0,3.75,68.85,0.0
995560,QueryForge Partners,Software,Canada,3,2025-02-21 04:31:28,Starter,2,0,1,1,3,active,36.0,2025-02-21 04:31:28,,0.67,,14,498.82,35.63,498.82,0.0,0.0,1.0,0.0,0.0,5.0,11.7,0.0
721049,WorksiteOS Group,Manufacturing,India,14,2024-06-26 07:32:04,Starter,7,2,4,1,9,active,108.0,2024-06-26 07:32:04,,0.78,,9,979.08,108.79,871.82,0.0,0.0,7.0,1.0,1.0,4.33,43.3,1.0
110911,Gradient Labs Collective,Healthcare,Brazil,20,2024-06-20 07:32:47,Starter,2,0,1,1,3,active,36.0,2024-06-20 07:32:47,,0.67,,12,435.66,36.31,435.66,0.0,0.0,2.0,0.0,0.0,4.0,37.1,0.0
431016,FlowState Systems 2,Logistics,India,16,2025-09-02 16:15:06,Starter,2,0,1,1,3,trialing,36.0,2025-09-02 16:15:06,,0.67,,11,404.81,36.8,404.81,0.0,0.0,4.0,0.0,0.0,3.0,53.43,1.0
805850,DataBridge Pro Labs 2,Software,Canada,57,2023-10-14 13:04:05,Growth,14,1,8,5,18,active,432.0,2023-10-14 13:04:05,,0.78,,12,5088.36,424.03,4226.84,442.3,419.22,6.0,0.0,1.0,3.4,39.44,1.0
640065,WorksiteOS Partners 1,Software,France,8,2023-08-31 11:52:58,Starter,3,0,3,0,4,active,48.0,2023-08-31 11:52:58,,0.75,,18,835.11,46.4,742.36,42.37,50.38,11.0,4.0,1.0,3.9,25.88,1.0
865183,CloudPeak Systems Solutions,Education,Australia,115,2023-09-26 15:19:08,Business,55,6,38,11,68,active,2992.0,2023-09-26 15:19:08,,0.81,,8,23781.78,2972.72,23781.78,0.0,0.0,1.0,0.0,0.0,3.0,30.4,0.0
591806,StackBase Labs,Retail,Japan,18,2024-11-20 14:26:23,Growth,11,1,9,1,18,active,432.0,2024-11-20 14:26:23,,0.61,,8,3390.89,423.86,2533.56,412.34,0.0,3.0,2.0,0.0,4.67,23.13,0.0
631003,FunnelSoft Analytics,Financial Services,Netherlands,105,2024-05-10 19:27:57,Growth,10,2,4,4,13,active,312.0,2024-05-10 19:27:57,,0.77,,20,6204.94,310.25,5270.04,598.57,0.0,2.0,0.0,0.0,3.0,114.3,0.0
361379,PipelineIO Labs 2,Healthcare,France,41,2024-01-17 08:00:39,Growth,29,7,17,5,35,active,840.0,2024-01-17 08:00:39,,0.83,,12,10166.61,847.22,10166.61,0.0,0.0,5.0,3.0,1.0,5.0,16.65,1.0
985162,CloudPeak Systems Labs 1,Manufacturing,France,14,2024-06-09 12:40:59,Starter,9,3,5,1,11,churned,132.0,2024-06-09 12:40:59,2025-02-28 12:40:59,0.82,264.0,9,1250.2,138.91,1119.03,131.17,0.0,4.0,1.0,0.0,4.75,31.23,0.0
694103,Basecamp Analytics Networks 1,Retail,Australia,20,2024-12-04 11:01:45,Starter,3,0,2,1,3,active,36.0,2024-12-04 11:01:45,,1.0,,15,536.57,35.77,536.57,0.0,0.0,2.0,1.0,0.0,5.0,30.2,1.0
982749,JetMetrics Digital 1,Manufacturing,Canada,6,2023-02-21 14:16:00,Starter,4,1,2,1,6,active,72.0,2023-02-21 14:16:00,,0.67,,8,585.48,73.19,585.48,0.0,0.0,8.0,1.0,1.0,3.25,24.66,0.0
480190,Beacon Software Systems 1,Manufacturing,France,3,2024-01-29 06:58:46,Starter,2,1,0,1,3,trialing,36.0,2024-01-29 06:58:46,,0.67,,17,611.76,35.99,536.68,0.0,0.0,5.0,1.0,0.0,4.0,26.08,0.0
564516,Amplitude Corp Networks 1,Education,Japan,29,2025-03-22 09:48:09,Growth,16,0,12,4,29,active,696.0,2025-03-22 09:48:09,,0.55,,9,6215.35,690.59,5551.58,663.77,0.0,3.0,2.0,0.0,3.67,58.4,0.0
848871,Relay Systems Digital 1,Financial Services,United States,13,2023-02-20 08:58:25,Starter,4,0,3,1,6,churned,72.0,2023-02-20 08:58:25,2024-01-21 08:58:25,0.67,335.0,10,709.86,70.99,637.89,0.0,0.0,5.0,1.0,0.0,4.8,27.72,0.0
626850,Keystroke AI Collective,Retail,France,6,2024-08-13 12:08:32,Starter,5,0,4,1,6,trialing,72.0,2024-08-13 12:08:32,,0.83,,2,131.12,65.56,73.27,57.85,0.0,2.0,0.0,0.0,4.5,53.95,0.0
467325,YieldMetrics Technologies 1,Healthcare,United States,102,2023-08-17 11:29:41,Growth,5,1,4,0,8,past_due,192.0,2023-08-17 11:29:41,,0.63,,12,2276.55,189.71,1696.81,377.93,0.0,5.0,1.0,0.0,3.75,25.58,1.0
211963,Gradient Labs Solutions,Financial Services,Canada,35,2023-07-18 11:05:21,Growth,11,1,7,3,19,churned,456.0,2023-07-18 11:05:21,2025-09-04 11:05:21,0.58,779.0,10,4561.77,456.18,4561.77,0.0,0.0,4.0,0.0,0.0,4.33,30.37,1.0
875061,Xenon Analytics Group,Retail,India,21,2024-10-20 11:17:40,Starter,8,0,5,3,9,active,108.0,2024-10-20 11:17:40,,0.89,,19,2082.21,109.59,1860.47,221.74,0.0,3.0,0.0,1.0,4.0,36.2,0.0
876153,DataBridge Pro Works 2,Software,Brazil,5,2025-03-09 16:09:37,Starter,3,0,3,0,5,active,60.0,2025-03-09 16:09:37,,0.6,,9,530.33,58.93,473.69,56.64,0.0,5.0,1.0,0.0,3.4,52.56,0.0
679825,Deployly Technologies 1,Retail,Germany,154,2023-10-18 08:36:11,Business,69,11,44,14,73,active,3212.0,2023-10-18 08:36:11,,0.95,,17,54098.45,3182.26,50980.06,0.0,0.0,5.0,2.0,0.0,4.75,60.33,1.0
243998,NexusOne Labs 1,Retail,Germany,3,2024-08-23 14:40:22,Starter,2,1,1,0,3,churned,36.0,2024-08-23 14:40:22,2025-01-07 14:40:22,0.67,137.0,7,266.77,38.11,228.86,37.91,0.0,1.0,0.0,0.0,5.0,29.1,0.0
519323,HubStack Analytics 1,Financial Services,Canada,7,2025-05-31 16:27:35,Starter,2,1,1,0,3,active,36.0,2025-05-31 16:27:35,,0.67,,13,467.67,35.97,430.05,0.0,0.0,3.0,1.0,0.0,3.67,14.5,0.0
201572,LaunchPad HQ Digital 1,Software,Brazil,38,2025-09-22 13:26:24,Growth,25,4,15,6,38,active,912.0,2025-09-22 13:26:24,,0.66,,14,12866.96,919.07,12866.96,0.0,0.0,7.0,3.0,0.0,4.43,17.06,0.0
700348,Keystroke AI Works 2,Healthcare,India,10,2025-06-23 15:16:53,Starter,3,0,2,1,4,churned,48.0,2025-06-23 15:16:53,2025-10-25 15:16:53,0.75,124.0,9,428.45,47.61,337.44,47.26,0.0,6.0,1.0,1.0,4.0,62.45,2.0
507445,NodeSync Labs 2,Software,India,56,2025-08-12 13:05:15,Growth,24,4,17,3,29,active,696.0,2025-08-12 13:05:15,,0.83,,12,8148.39,679.03,7440.44,707.95,0.0,4.0,0.0,1.0,4.5,10.25,2.0
751454,Basecamp Analytics Technologies,Healthcare,Germany,170,2025-06-24 12:35:37,Business,53,9,34,10,64,active,2816.0,2025-06-24 12:35:37,,0.83,,8,22046.19,2755.77,13557.92,2814.31,2763.34,2.0,1.0,0.0,4.0,10.55,0.0
676397,Keystroke AI Group,Software,Germany,68,2025-04-11 10:53:44,Growth,29,5,18,6,46,active,1104.0,2025-04-11 10:53:44,,0.63,,13,14291.38,1099.34,13156.91,1134.47,0.0,4.0,1.0,0.0,3.75,63.55,0.0
946742,Momentum Tools Networks,Financial Services,Germany,13,2024-10-10 07:59:55,Starter,4,2,1,1,5,active,60.0,2024-10-10 07:59:55,,0.8,,12,711.47,59.29,592.94,58.29,0.0,6.0,0.0,0.0,4.67,45.87,0.0
275252,NodeSync Labs,Logistics,Netherlands,51,2025-01-24 07:35:10,Growth,19,3,13,3,22,active,528.0,2025-01-24 07:35:10,,0.86,,8,4184.74,523.09,4184.74,0.0,0.0,9.0,2.0,1.0,4.0,53.22,0.0
462638,Axiom Labs Collective,Financial Services,United States,204,2023-08-28 12:44:22,Business,121,25,67,29,137,active,6028.0,2023-08-28 12:44:22,,0.88,,9,54284.6,6031.62,48613.33,0.0,0.0,2.0,0.0,0.0,3.0,77.45,0.0
911125,EdgeFlow Technologies Systems,Manufacturing,United States,86,2024-01-17 10:34:30,Growth,31,5,20,6,35,active,840.0,2024-01-17 10:34:30,,0.89,,5,4237.65,847.53,3352.97,884.68,0.0,11.0,2.0,2.0,3.88,20.15,3.0
668059,FunnelSoft Technologies 1,Retail,Germany,36,2025-03-26 16:04:02,Starter,5,1,2,2,5,active,60.0,2025-03-26 16:04:02,,1.0,,13,791.78,60.91,670.88,61.4,0.0,7.0,0.0,0.0,4.33,66.1,1.0
129289,PipelineIO Systems,Software,Brazil,20,2024-08-08 10:51:38,Starter,2,0,2,0,2,active,24.0,2024-08-08 10:51:38,,1.0,,16,371.26,23.2,348.17,23.09,0.0,5.0,1.0,1.0,3.0,26.76,0.0
383348,Kinetic AI Holdings,Logistics,France,41,2025-08-11 08:02:18,Growth,5,1,4,0,7,past_due,168.0,2025-08-11 08:02:18,,0.71,,7,1171.41,167.34,1015.27,0.0,0.0,1.0,0.0,0.0,4.0,70.6,0.0
603274,Deployly Works 2,Software,Brazil,3,2024-04-30 16:47:16,Starter,2,0,1,1,3,active,36.0,2024-04-30 16:47:16,,0.67,,11,401.8,36.53,401.8,0.0,0.0,3.0,1.0,0.0,4.0,51.55,1.0
706802,Unified Ops Collective 1,Healthcare,India,76,2023-01-14 08:33:47,Growth,27,3,17,7,28,active,672.0,2023-01-14 08:33:47,,0.96,,14,9322.87,665.92,8631.34,0.0,0.0,6.0,1.0,0.0,4.67,49.75,0.0
301501,PipelineIO Analytics 1,Software,Germany,65,2023-05-31 16:08:28,Growth,22,3,11,8,30,active,720.0,2023-05-31 16:08:28,,0.73,,15,10492.28,699.49,7840.21,1392.77,0.0,8.0,2.0,0.0,3.88,41.28,0.0
170902,JetMetrics Networks 1,Education,Netherlands,3,2023-05-29 09:15:11,Starter,3,1,1,1,3,active,36.0,2023-05-29 09:15:11,,1.0,,10,348.75,34.88,348.75,0.0,0.0,1.0,0.0,0.0,,,1.0
110840,Envoy Platforms Digital,Manufacturing,United Kingdom,205,2024-01-25 11:07:52,Business,49,5,36,8,64,active,2816.0,2024-01-25 11:07:52,,0.77,,9,25136.85,2792.98,22391.84,0.0,2745.01,3.0,0.0,1.0,4.33,21.03,0.0
553479,PipelineIO Technologies 1,Manufacturing,United States,76,2025-01-28 04:52:51,Business,40,8,23,9,71,trialing,3124.0,2025-01-28 04:52:51,,0.56,,10,31694.45,3169.45,25383.03,3102.35,0.0,4.0,0.0,0.0,2.5,53.6,0.0
941144,FlowState Labs 1,Software,Japan,26,2024-05-04 17:02:30,Growth,9,3,6,0,11,active,264.0,2024-05-04 17:02:30,,0.82,,12,3071.23,255.94,2822.17,249.06,0.0,2.0,1.0,0.0,3.0,108.5,1.0
575421,InfraPoint Software,Software,United States,8,2023-11-09 14:53:30,Starter,8,3,4,1,8,active,96.0,2023-11-09 14:53:30,,1.0,,10,959.21,95.92,864.07,0.0,95.14,5.0,0.0,1.0,4.67,34.13,2.0
200323,HubStack Industries 1,Manufacturing,Japan,11,2023-11-08 05:15:16,Starter,11,2,5,4,11,active,132.0,2023-11-08 05:15:16,,1.0,,12,1582.82,131.9,1320.09,127.45,0.0,5.0,2.0,0.0,4.4,41.68,0.0
819199,ZeroFriction Systems 1,Healthcare,United States,4,2023-07-15 09:03:37,Starter,3,0,2,1,3,past_due,36.0,2023-07-15 09:03:37,,1.0,,17,620.24,36.48,620.24,0.0,0.0,3.0,1.0,0.0,2.67,14.57,0.0
194570,Amplitude Corp,Logistics,United Kingdom,3,2023-07-23 14:21:51,Starter,3,1,1,1,3,active,36.0,2023-07-23 14:21:51,,1.0,,19,690.36,36.33,652.08,38.28,0.0,2.0,0.0,0.0,4.5,51.0,0.0
620725,JetMetrics Partners,Software,Netherlands,4,2024-07-14 11:53:09,Starter,3,0,3,0,4,active,48.0,2024-07-14 11:53:09,,0.75,,14,686.44,49.03,584.69,50.84,0.0,1.0,0.0,0.0,4.0,60.8,0.0
209127,LaunchPad HQ Partners 1,Manufacturing,United Kingdom,369,2025-06-05 16:53:36,Business,27,4,22,1,45,active,1980.0,2025-06-05 16:53:36,,0.6,,14,28424.76,2030.34,22094.58,0.0,0.0,4.0,1.0,1.0,4.25,23.55,0.0
174010,NodeSync Works,Healthcare,Germany,9,2023-04-26 15:41:43,Starter,8,2,5,1,8,churned,96.0,2023-04-26 15:41:43,2023-12-22 15:41:43,1.0,240.0,11,1040.64,94.6,951.43,0.0,89.21,6.0,3.0,1.0,4.83,44.25,0.0
675863,NodeSync Group 1,Education,France,52,2024-10-19 12:25:14,Growth,12,1,8,3,19,active,456.0,2024-10-19 12:25:14,,0.63,,12,5689.35,474.11,4786.92,902.43,0.0,5.0,1.0,0.0,4.0,43.9,0.0
894894,VaultStream Solutions,Software,Netherlands,65,2023-09-24 16:55:21,Growth,12,4,7,1,21,active,504.0,2023-09-24 16:55:21,,0.57,,15,7695.7,513.05,6148.77,510.61,499.21,5.0,0.0,1.0,2.75,43.88,1.0
757684,NodeSync Systems 1,Financial Services,Netherlands,8,2025-04-29 07:49:22,Starter,4,0,4,0,6,active,72.0,2025-04-29 07:49:22,,0.67,,16,1157.33,72.33,1091.16,66.17,0.0,4.0,1.0,0.0,3.75,36.08,0.0
182564,HorizonSaaS Analytics 1,Software,Netherlands,11,2023-05-29 19:25:32,Starter,5,2,1,2,5,active,60.0,2023-05-29 19:25:32,,1.0,,5,307.87,61.57,307.87,0.0,0.0,5.0,0.0,0.0,4.25,82.28,1.0
828822,Axiom Labs Technologies 1,Software,Canada,259,2023-06-12 17:52:25,Business,49,9,28,12,78,active,3432.0,2023-06-12 17:52:25,,0.63,,9,30598.5,3399.83,20554.45,3453.92,3315.16,9.0,1.0,1.0,3.88,37.58,1.0
290492,NexusOne Digital,Software,United States,9,2023-02-01 09:28:27,Starter,8,3,4,1,9,active,108.0,2023-02-01 09:28:27,,0.89,,13,1404.14,108.01,1175.27,115.16,0.0,8.0,2.0,1.0,3.86,43.14,1.0
315118,PipelineIO Holdings,Financial Services,Canada,196,2023-05-24 16:58:10,Business,47,11,30,6,78,active,3432.0,2023-05-24 16:58:10,,0.6,,15,52311.94,3487.46,34933.71,10190.93,3584.12,3.0,0.0,1.0,4.67,26.63,0.0
393626,NodeSync Partners 2,Manufacturing,Netherlands,65,2024-06-19 08:01:58,Growth,28,3,19,6,28,active,672.0,2024-06-19 08:01:58,,1.0,,9,6060.78,673.42,5410.85,649.93,0.0,9.0,4.0,1.0,3.5,56.61,1.0
633095,Relay Systems Labs,Education,Canada,58,2025-03-30 05:08:30,Growth,36,4,20,12,53,active,1272.0,2025-03-30 05:08:30,,0.68,,10,12627.72,1262.77,12627.72,0.0,0.0,5.0,2.0,0.0,4.2,72.38,0.0
470492,Basecamp Analytics Industries 1,Retail,Netherlands,394,2023-02-09 14:36:53,Growth,29,2,23,4,37,active,888.0,2023-02-09 14:36:53,,0.78,,8,7160.77,895.1,6237.16,0.0,923.61,1.0,1.0,0.0,5.0,8.9,0.0
302271,LaunchPad HQ Analytics 1,Manufacturing,United Kingdom,256,2025-03-20 14:52:58,Business,64,14,42,8,106,active,4664.0,2025-03-20 14:52:58,,0.6,,15,69159.65,4610.64,69159.65,0.0,0.0,1.0,0.0,0.0,4.0,13.3,0.0
663857,Kinetic AI Industries,Retail,Netherlands,278,2025-01-23 16:45:53,Business,52,10,32,10,57,active,2508.0,2025-01-23 16:45:53,,0.91,,16,39541.66,2471.35,37102.34,0.0,0.0,6.0,0.0,0.0,4.5,60.23,2.0
675202,NodeSync Collective 1,Software,Australia,701,2024-12-19 15:07:55,Enterprise,159,23,107,29,287,active,22673.0,2024-12-19 15:07:55,,0.55,,7,157655.13,22522.16,109894.65,23963.11,0.0,6.0,2.0,2.0,4.33,24.92,0.0
131876,Gradient Labs Networks 1,Software,Netherlands,9,2023-04-08 09:36:12,Starter,6,1,5,0,8,active,96.0,2023-04-08 09:36:12,,0.75,,4,377.5,94.38,279.35,0.0,98.15,3.0,0.0,0.0,4.33,33.0,0.0
950543,NodeSync Analytics 2,Financial Services,Netherlands,23,2024-03-16 07:04:04,Starter,2,0,2,0,3,active,36.0,2024-03-16 07:04:04,,0.67,,17,610.89,35.93,574.73,0.0,36.16,6.0,0.0,0.0,3.67,55.37,0.0
806501,Beacon Software Labs 1,Education,Germany,25,2024-05-03 11:11:56,Growth,13,3,7,3,17,active,408.0,2024-05-03 11:11:56,,0.76,,16,6568.31,410.52,5719.96,445.34,403.01,4.0,1.0,0.0,4.75,61.48,0.0
395913,Omnisend Systems,Software,Brazil,60,2024-02-15 15:42:09,Growth,12,0,7,5,15,active,360.0,2024-02-15 15:42:09,,0.8,,16,5756.18,359.76,5410.89,0.0,0.0,2.0,0.0,0.0,4.5,37.45,0.0
190126,Xenon Analytics Analytics 1,Manufacturing,Australia,13,2024-12-12 12:24:17,Starter,5,0,4,1,5,active,60.0,2024-12-12 12:24:17,,1.0,,17,1008.35,59.31,828.57,120.81,58.97,7.0,3.0,0.0,3.17,36.92,1.0
833504,Catalyst CRM Works 2,Manufacturing,India,122,2025-03-16 21:06:23,Business,63,17,38,8,76,active,3344.0,2025-03-16 21:06:23,,0.83,,17,58184.07,3422.59,54823.64,0.0,3360.43,2.0,0.0,0.0,4.0,37.5,0.0
353158,HubStack Collective,Retail,Canada,238,2025-04-25 09:28:47,Business,34,6,22,6,42,active,1848.0,2025-04-25 09:28:47,,0.81,,17,30651.52,1803.03,25256.29,1756.9,0.0,8.0,2.0,1.0,3.83,51.52,2.0
232421,YieldMetrics Partners 1,Software,Japan,63,2025-03-18 10:01:29,Growth,33,7,21,5,35,active,840.0,2025-03-18 10:01:29,,0.94,,9,7618.4,846.49,5905.81,891.13,0.0,3.0,1.0,1.0,3.67,59.57,0.0
997844,VaultStream Group 1,Education,Japan,222,2024-12-22 05:58:02,Business,101,17,64,20,142,trialing,6248.0,2024-12-22 05:58:02,,0.71,,22,137108.24,6232.19,105857.5,12514.37,18736.37,6.0,0.0,0.0,3.67,63.22,0.0
145787,Basecamp Analytics Solutions 1,Education,France,32,2023-10-22 14:13:27,Growth,24,3,14,7,27,active,648.0,2023-10-22 14:13:27,,0.89,,16,10310.41,644.4,10310.41,0.0,0.0,3.0,0.0,0.0,2.67,57.37,0.0
331311,Deployly Group 1,Retail,United Kingdom,99,2024-05-15 11:56:23,Growth,31,11,15,5,31,active,744.0,2024-05-15 11:56:23,,1.0,,12,9200.05,766.67,8484.15,715.9,0.0,3.0,0.0,1.0,3.67,50.87,0.0
557985,NexusOne Collective,Software,France,4,2023-11-18 18:33:27,Starter,2,0,1,1,4,active,48.0,2023-11-18 18:33:27,,0.5,,11,538.54,48.96,495.68,0.0,0.0,6.0,1.0,0.0,3.33,57.17,0.0
253647,Envoy Platforms Solutions,Manufacturing,France,8,2024-08-17 15:40:18,Starter,5,1,2,2,5,active,60.0,2024-08-17 15:40:18,,1.0,,13,786.75,60.52,786.75,0.0,0.0,2.0,0.0,0.0,4.5,73.55,0.0
517173,MeshWorks Works,Software,Germany,25,2023-09-08 08:17:27,Growth,7,3,3,1,8,active,192.0,2023-09-08 08:17:27,,0.88,,15,2827.05,188.47,2637.99,0.0,0.0,5.0,2.0,1.0,4.2,25.96,0.0
896132,TriggerPoint Solutions,Education,France,8,2024-02-25 15:55:26,Starter,6,2,4,0,8,active,96.0,2024-02-25 15:55:26,,0.75,,12,1164.09,97.01,959.66,97.71,106.72,3.0,0.0,0.0,4.67,32.73,0.0
732615,Amplitude Corp Systems 1,Retail,Germany,17,2024-04-23 15:57:17,Starter,3,0,3,0,4,active,48.0,2024-04-23 15:57:17,,0.75,,18,870.35,48.35,682.29,188.06,0.0,3.0,1.0,0.0,5.0,29.67,0.0
591371,NexusOne Technologies,Software,Japan,58,2025-08-30 14:43:05,Growth,11,2,5,4,11,active,264.0,2025-08-30 14:43:05,,1.0,,6,1581.99,263.67,1320.27,0.0,261.72,10.0,4.0,2.0,4.0,28.36,1.0
391958,Omnisend Analytics,Financial Services,Netherlands,3,2025-01-23 18:41:19,Starter,3,0,3,0,3,active,36.0,2025-01-23 18:41:19,,1.0,,8,292.78,36.6,252.86,39.92,0.0,2.0,0.0,0.0,3.0,78.55,0.0
364738,Omnisend Group,Financial Services,Brazil,55,2024-01-23 08:27:44,Growth,31,3,20,8,35,active,840.0,2024-01-23 08:27:44,,0.89,,12,9988.61,832.38,9071.89,0.0,916.72,8.0,2.0,0.0,4.13,34.4,0.0
787646,InfraPoint Partners 1,Logistics,India,36,2023-06-18 10:25:47,Growth,16,5,9,2,26,active,624.0,2023-06-18 10:25:47,,0.62,,13,8297.05,638.23,7669.83,0.0,0.0,2.0,0.0,0.0,4.0,103.85,0.0
417896,Amplitude Corp Digital 2,Retail,United States,33,2023-06-16 22:15:21,Growth,14,0,9,5,25,active,600.0,2023-06-16 22:15:21,,0.56,,11,6539.51,594.5,4175.74,1776.94,0.0,2.0,0.0,1.0,5.0,28.55,0.0
318214,Gradient Labs Labs 2,Software,Germany,14,2024-09-08 10:20:13,Starter,4,1,1,2,6,churned,72.0,2024-09-08 10:20:13,2025-06-07 10:20:13,0.67,272.0,13,945.42,72.72,740.28,70.44,0.0,6.0,3.0,0.0,4.5,37.18,2.0
245218,Gradient Labs Labs 1,Manufacturing,Canada,202,2024-03-08 15:44:50,Business,33,3,22,8,35,active,1540.0,2024-03-08 15:44:50,,0.94,,11,16976.72,1543.34,15337.61,1639.11,0.0,,,,,,
393542,VaultStream Labs 1,Software,France,16,2023-10-07 08:38:47,Starter,3,0,3,0,3,active,36.0,2023-10-07 08:38:47,,1.0,,9,329.41,36.6,291.52,0.0,0.0,4.0,1.0,0.0,4.25,65.8,0.0
691620,YieldMetrics Digital 1,Financial Services,Australia,3,2023-12-20 15:16:35,Starter,2,1,0,1,3,active,36.0,2023-12-20 15:16:35,,0.67,,11,408.9,37.17,339.43,33.89,0.0,6.0,2.0,0.0,4.8,36.32,1.0
723271,Kinetic AI Holdings 1,Financial Services,United States,106,2025-08-20 10:57:50,Growth,16,3,10,3,23,active,552.0,2025-08-20 10:57:50,,0.7,,11,6012.97,546.63,6012.97,0.0,0.0,5.0,1.0,0.0,3.4,24.86,0.0
799901,FunnelSoft,Manufacturing,Germany,84,2025-06-30 08:56:37,Growth,17,4,10,3,29,active,696.0,2025-06-30 08:56:37,,0.59,,9,6318.72,702.08,5622.85,0.0,695.87,3.0,1.0,0.0,4.67,34.87,0.0
479650,StackBase Digital,Healthcare,Japan,7,2024-06-28 13:39:26,Starter,6,2,4,0,7,active,84.0,2024-06-28 13:39:26,,0.86,,12,978.86,81.57,978.86,0.0,0.0,4.0,2.0,0.0,3.75,33.5,0.0
901602,DataBridge Pro Partners 1,Software,France,47,2023-11-11 13:19:04,Growth,30,4,19,7,40,past_due,960.0,2023-11-11 13:19:04,,0.75,,12,11679.08,973.26,10674.64,1004.44,0.0,3.0,0.0,0.0,3.33,68.3,0.0
208561,ZeroFriction Holdings 1,Financial Services,Japan,24,2023-01-09 09:07:09,Starter,6,1,4,1,8,active,96.0,2023-01-09 09:07:09,,0.75,,10,999.44,99.94,999.44,0.0,0.0,6.0,0.0,0.0,4.2,37.64,1.0
537253,HubStack Software 1,Healthcare,Brazil,3,2025-08-27 08:44:39,Starter,3,0,2,1,3,active,36.0,2025-08-27 08:44:39,,1.0,,14,501.48,35.82,393.97,72.63,0.0,3.0,0.0,0.0,4.33,48.63,0.0
482349,Amplitude Corp Collective 1,Education,Germany,24,2023-03-02 17:31:57,Starter,5,2,3,0,7,active,84.0,2023-03-02 17:31:57,,0.71,,16,1374.71,85.92,1374.71,0.0,0.0,4.0,0.0,0.0,4.5,29.65,0.0
991768,Basecamp Analytics Analytics 1,Logistics,United States,15,2025-07-15 08:50:13,Starter,4,0,2,2,6,active,72.0,2025-07-15 08:50:13,,0.67,,8,575.34,71.92,575.34,0.0,0.0,10.0,0.0,0.0,4.44,35.71,1.0
809176,YieldMetrics Networks,Healthcare,Japan,35,2025-03-18 10:44:31,Growth,20,4,9,7,27,active,648.0,2025-03-18 10:44:31,,0.74,,16,10535.57,658.47,9231.22,1304.35,0.0,3.0,0.0,0.0,3.5,41.65,1.0
656281,Keystroke AI Holdings,Healthcare,France,98,2025-05-30 13:29:56,Growth,8,1,3,4,10,active,240.0,2025-05-30 13:29:56,,0.8,,19,4584.75,241.3,4107.2,0.0,0.0,3.0,1.0,0.0,4.33,18.8,0.0
485273,HubStack Networks 1,Software,Germany,74,2023-03-23 16:49:43,Growth,12,3,8,1,17,trialing,408.0,2023-03-23 16:49:43,,0.71,,7,2783.98,397.71,1947.89,392.86,443.23,4.0,1.0,0.0,3.67,45.9,1.0
166599,YieldMetrics,Software,Brazil,52,2023-08-05 15:45:36,Growth,17,5,9,3,29,active,696.0,2023-08-05 15:45:36,,0.59,,14,9672.73,690.91,9672.73,0.0,0.0,4.0,1.0,1.0,4.0,34.85,0.0
769811,StackBase Systems,Financial Services,Canada,34,2024-08-05 09:00:08,Business,31,5,21,5,34,active,1496.0,2024-08-05 09:00:08,,0.91,,16,23745.33,1484.08,19177.4,1601.6,2966.33,6.0,0.0,0.0,4.5,63.55,0.0
774503,FunnelSoft Networks,Retail,Germany,5,2025-05-29 00:55:29,Starter,3,0,3,0,5,active,60.0,2025-05-29 00:55:29,,0.6,,17,1012.4,59.55,828.67,0.0,183.73,5.0,2.0,0.0,3.6,34.88,0.0
527428,TriggerPoint Systems,Financial Services,Australia,304,2025-08-21 15:08:18,Business,121,25,75,21,131,active,5764.0,2025-08-21 15:08:18,,0.92,,13,75352.34,5796.33,69140.76,0.0,6211.58,3.0,3.0,0.0,4.33,13.3,0.0
488457,Axiom Labs Labs 1,Financial Services,India,17,2025-05-02 12:34:40,Starter,4,1,2,1,6,past_due,72.0,2025-05-02 12:34:40,,0.67,,12,860.73,71.73,713.39,76.57,70.77,7.0,2.0,1.0,3.57,25.4,0.0
958517,Catalyst CRM Holdings,Financial Services,Netherlands,28,2025-01-29 04:10:35,Growth,21,2,16,3,28,active,672.0,2025-01-29 04:10:35,,0.75,,15,10241.98,682.8,9542.89,699.09,0.0,5.0,1.0,0.0,4.0,55.73,1.0
250089,ZeroFriction Software 1,Healthcare,United States,3,2023-04-05 11:23:45,Starter,2,0,0,2,3,active,36.0,2023-04-05 11:23:45,,0.67,,15,545.35,36.36,472.74,37.31,35.3,2.0,0.0,0.0,3.0,72.3,0.0
267533,NodeSync Systems 2,Retail,Netherlands,52,2024-10-05 08:09:41,Growth,28,6,15,7,35,active,840.0,2024-10-05 08:09:41,,0.8,,7,6068.43,866.92,6068.43,0.0,0.0,3.0,1.0,0.0,4.33,28.33,0.0
474120,DataBridge Pro Software 1,Software,India,27,2023-02-05 15:49:18,Growth,17,1,10,6,27,active,648.0,2023-02-05 15:49:18,,0.63,,11,7154.14,650.38,5813.1,0.0,1341.04,3.0,2.0,0.0,4.0,57.8,0.0
560307,QueryForge Industries 1,Retail,Netherlands,3,2024-05-31 09:44:59,Starter,2,0,0,2,3,active,36.0,2024-05-31 09:44:59,,0.67,,10,356.06,35.61,321.33,34.73,0.0,8.0,0.0,3.0,4.14,43.17,1.0
117687,TriggerPoint Holdings,Logistics,France,1247,2024-03-15 20:17:50,Enterprise,104,20,63,21,173,active,13667.0,2024-03-15 20:17:50,,0.6,,7,93827.64,13403.95,67983.38,12663.79,0.0,3.0,0.0,0.0,4.0,37.8,1.0
551545,Momentum Tools Systems,Logistics,India,3,2023-01-03 07:38:41,Starter,2,0,2,0,3,churned,36.0,2023-01-03 07:38:41,2024-03-13 07:38:41,0.67,435.0,14,507.51,36.25,432.11,0.0,0.0,4.0,0.0,0.0,4.0,81.27,1.0
950873,LaunchPad HQ Solutions 1,Healthcare,France,26,2023-09-04 10:33:22,Growth,23,3,11,9,26,active,624.0,2023-09-04 10:33:22,,0.88,,16,9889.72,618.11,8666.23,1223.49,0.0,2.0,1.0,0.0,4.5,15.45,0.0
370589,NodeSync Partners,Education,United Kingdom,118,2025-02-04 14:36:30,Growth,14,1,11,2,25,active,600.0,2025-02-04 14:36:30,,0.56,,14,8450.95,603.64,7233.88,1217.07,0.0,4.0,1.0,0.0,4.5,28.65,0.0
929449,Axiom Labs Digital 1,Healthcare,Australia,339,2023-02-18 21:40:58,Growth,23,4,14,5,39,active,936.0,2023-02-18 21:40:58,,0.59,,11,10516.3,956.03,8529.39,0.0,1986.91,4.0,1.0,0.0,4.0,40.18,0.0
124161,Envoy Platforms Industries,Financial Services,Netherlands,11,2024-08-28 13:51:18,Starter,7,0,3,4,11,active,132.0,2024-08-28 13:51:18,,0.64,,12,1599.51,133.29,1457.53,0.0,0.0,6.0,1.0,0.0,4.0,76.5,0.0
390602,Axiom Labs Works,Education,United States,31,2024-02-08 21:43:27,Growth,12,2,6,4,18,active,432.0,2024-02-08 21:43:27,,0.67,,9,3892.66,432.52,3892.66,0.0,0.0,4.0,2.0,0.0,3.0,58.7,0.0
321951,YieldMetrics Networks 1,Education,United Kingdom,3,2023-05-14 09:06:26,Starter,2,0,2,0,3,active,36.0,2023-05-14 09:06:26,,0.67,,11,387.8,35.25,387.8,0.0,0.0,10.0,1.0,1.0,4.5,58.25,0.0
112840,StackBase Labs 2,Software,Brazil,11,2024-08-01 11:08:57,Starter,3,0,3,0,4,churned,48.0,2024-08-01 11:08:57,2025-02-27 11:08:57,0.75,210.0,11,528.19,48.02,427.71,48.41,0.0,3.0,0.0,0.0,4.0,11.9,1.0
260118,NexusOne,Software,Canada,231,2025-01-15 08:30:47,Business,64,15,35,14,85,active,3740.0,2025-01-15 08:30:47,,0.75,,12,44560.18,3713.35,40491.67,4068.51,0.0,4.0,0.0,0.0,4.25,35.53,0.0
157478,HubStack Digital,Healthcare,United States,15,2025-08-05 14:53:20,Starter,4,2,1,1,4,active,48.0,2025-08-05 14:53:20,,1.0,,14,682.49,48.75,629.42,0.0,53.07,7.0,2.0,0.0,3.0,32.87,1.0
245051,FlowState Technologies 1,Manufacturing,Brazil,28,2025-06-05 08:11:05,Growth,8,1,5,2,13,active,312.0,2025-06-05 08:11:05,,0.62,,11,3477.16,316.11,3477.16,0.0,0.0,6.0,3.0,0.0,4.25,31.33,2.0
105266,Axiom Labs Labs,Education,Canada,7,2024-04-28 17:20:43,Starter,5,0,5,0,6,active,72.0,2024-04-28 17:20:43,,0.83,,14,980.5,70.04,704.85,145.41,62.87,3.0,0.0,1.0,4.67,28.8,0.0
625558,TriggerPoint Labs 1,Education,Germany,7,2023-09-21 03:32:34,Starter,3,1,2,0,6,active,72.0,2023-09-21 03:32:34,,0.5,,13,917.66,70.59,779.02,65.77,0.0,7.0,1.0,0.0,4.29,59.13,0.0
435261,FlowState Collective,Retail,France,52,2023-04-07 14:11:47,Growth,33,3,20,10,42,active,1008.0,2023-04-07 14:11:47,,0.79,,15,14775.34,985.02,12749.62,2025.72,0.0,4.0,0.0,0.0,3.33,49.07,1.0
798586,ZeroFriction Systems 2,Manufacturing,United States,190,2024-10-15 12:41:06,Business,65,23,31,11,103,active,4532.0,2024-10-15 12:41:06,,0.63,,12,53265.63,4438.8,49103.01,4162.62,0.0,6.0,3.0,0.0,4.5,17.98,2.0
558918,MeshWorks Analytics,Logistics,India,106,2024-02-05 09:53:10,Growth,33,5,13,15,35,active,840.0,2024-02-05 09:53:10,,0.94,,15,12903.08,860.21,12903.08,0.0,0.0,4.0,2.0,0.0,4.0,36.83,0.0
491474,ZeroFriction Digital 1,Healthcare,Australia,65,2025-05-02 09:29:56,Business,48,6,29,13,61,active,2684.0,2025-05-02 09:29:56,,0.79,,16,42234.64,2639.67,42234.64,0.0,0.0,7.0,2.0,0.0,4.43,44.97,0.0
713834,Xenon Analytics Digital,Retail,United Kingdom,7,2024-08-16 10:23:26,Starter,3,1,1,1,4,active,48.0,2024-08-16 10:23:26,,0.75,,24,1142.79,47.62,994.73,52.33,95.73,5.0,1.0,0.0,2.75,44.3,1.0
877896,Relay Systems Labs 2,Logistics,Japan,7,2023-12-20 04:58:53,Starter,5,2,1,2,6,churned,72.0,2023-12-20 04:58:53,2025-10-04 04:58:53,0.83,654.0,12,867.3,72.28,795.91,0.0,0.0,11.0,2.0,0.0,4.1,38.81,1.0
406745,Keystroke AI Analytics 1,Logistics,Netherlands,13,2023-04-04 08:47:37,Starter,2,1,1,0,4,trialing,48.0,2023-04-04 08:47:37,,0.5,,8,367.03,45.88,367.03,0.0,0.0,2.0,0.0,0.0,5.0,16.75,0.0
704625,WorksiteOS Systems 1,Financial Services,Germany,47,2024-10-05 15:18:45,Growth,20,3,8,9,25,active,600.0,2024-10-05 15:18:45,,0.8,,12,7361.49,613.46,6188.08,1173.41,0.0,11.0,1.0,1.0,4.0,60.51,1.0
847537,Catalyst CRM Labs,Software,Japan,842,2025-06-16 12:09:50,Enterprise,192,33,120,39,196,active,15484.0,2025-06-16 12:09:50,,0.98,,10,158596.02,15859.6,142587.11,16008.91,0.0,7.0,2.0,0.0,4.29,40.26,0.0
765110,NexusOne Industries,Financial Services,Australia,3,2025-06-28 02:11:59,Starter,3,0,3,0,3,active,36.0,2025-06-28 02:11:59,,1.0,,16,559.91,34.99,454.33,105.58,0.0,3.0,1.0,0.0,4.67,35.87,0.0
526700,TriggerPoint Analytics 1,Education,Brazil,13,2023-11-12 07:27:48,Starter,4,0,3,1,5,active,60.0,2023-11-12 07:27:48,,0.8,,12,717.37,59.78,657.36,0.0,60.01,7.0,3.0,1.0,4.67,27.15,1.0
353738,ZeroFriction Labs 2,Retail,Canada,35,2024-04-11 06:30:56,Growth,20,0,16,4,35,active,840.0,2024-04-11 06:30:56,,0.57,,15,12694.44,846.3,9353.35,2475.85,0.0,5.0,1.0,0.0,3.6,56.3,0.0
291292,HorizonSaaS Solutions,Financial Services,Germany,63,2024-01-17 14:36:21,Growth,16,4,9,3,23,active,552.0,2024-01-17 14:36:21,,0.7,,13,7089.25,545.33,7089.25,0.0,0.0,4.0,0.0,1.0,4.5,38.7,0.0
181156,Kinetic AI Digital 1,Healthcare,Brazil,104,2024-11-19 12:16:10,Growth,16,1,13,2,21,active,504.0,2024-11-19 12:16:10,,0.76,,16,7985.43,499.09,7447.05,0.0,538.38,3.0,0.0,0.0,3.67,96.73,0.0
418604,EdgeFlow Technologies Solutions,Manufacturing,United States,3,2023-06-24 13:26:04,Starter,2,0,0,2,3,active,36.0,2023-06-24 13:26:04,,0.67,,12,436.8,36.4,399.32,0.0,37.48,5.0,1.0,1.0,4.2,31.56,0.0
823375,Deployly Industries,Software,India,116,2025-08-04 17:38:00,Growth,7,1,3,3,13,active,312.0,2025-08-04 17:38:00,,0.54,,4,1184.48,296.12,1184.48,0.0,0.0,9.0,1.0,0.0,4.5,48.11,1.0
726509,JetMetrics Labs 2,Manufacturing,France,8,2024-10-17 12:04:00,Starter,7,2,5,0,7,active,84.0,2024-10-17 12:04:00,,1.0,,14,1173.38,83.81,1093.44,0.0,0.0,7.0,2.0,0.0,3.57,39.44,0.0
142978,NodeSync Networks 1,Manufacturing,Japan,70,2023-01-12 12:22:42,Growth,7,1,5,1,10,active,240.0,2023-01-12 12:22:42,,0.7,,13,3089.76,237.67,3089.76,0.0,0.0,6.0,1.0,0.0,4.17,34.17,0.0
372180,Beacon Software Holdings,Software,United States,16,2023-02-11 16:27:46,Starter,4,2,2,0,4,churned,48.0,2023-02-11 16:27:46,2025-06-01 16:27:46,1.0,841.0,10,491.94,49.19,491.94,0.0,0.0,4.0,2.0,0.0,3.0,41.37,1.0
451634,Catalyst CRM Analytics,Software,Netherlands,40,2023-03-19 18:53:23,Growth,7,1,5,1,8,active,192.0,2023-03-19 18:53:23,,0.88,,8,1521.28,190.16,1316.98,0.0,204.3,5.0,1.0,0.0,4.0,46.7,0.0
381306,CloudPeak Systems Collective,Education,Canada,50,2025-07-01 08:34:40,Growth,12,1,10,1,21,churned,504.0,2025-07-01 08:34:40,2025-09-18 08:34:40,0.57,79.0,12,6245.75,520.48,6245.75,0.0,0.0,2.0,1.0,0.0,5.0,23.1,0.0
747100,CloudPeak Systems Digital,Education,India,16,2024-06-19 12:55:12,Starter,3,0,2,1,5,active,60.0,2024-06-19 12:55:12,,0.6,,12,724.87,60.41,540.94,61.39,0.0,4.0,1.0,0.0,4.25,29.8,0.0
993977,NexusOne Group,Software,Australia,5,2025-02-17 09:16:52,Starter,3,1,0,2,4,active,48.0,2025-02-17 09:16:52,,0.75,,13,623.9,47.99,575.72,0.0,48.18,7.0,0.0,0.0,3.86,45.99,0.0
331341,NexusOne Networks,Retail,Japan,15,2025-09-11 07:52:15,Starter,3,1,1,1,4,active,48.0,2025-09-11 07:52:15,,0.75,,11,525.25,47.75,525.25,0.0,0.0,3.0,0.0,0.0,3.0,45.0,1.0
951176,Inline Systems Networks 1,Retail,Germany,13,2024-02-28 09:44:06,Starter,6,0,6,0,7,active,84.0,2024-02-28 09:44:06,,0.86,,9,791.51,87.95,709.12,82.39,0.0,5.0,1.0,0.0,4.0,92.05,1.0
918212,DataBridge Pro Holdings 1,Financial Services,India,132,2025-06-21 14:10:38,Business,73,11,49,13,99,active,4356.0,2025-06-21 14:10:38,,0.74,,9,40185.95,4465.11,40185.95,0.0,0.0,5.0,1.0,0.0,4.2,56.6,0.0
834134,Xenon Analytics Solutions 1,Education,India,20,2023-12-08 10:51:18,Starter,2,0,1,1,3,active,36.0,2023-12-08 10:51:18,,0.67,,7,257.17,36.74,223.32,33.85,0.0,2.0,1.0,0.0,4.0,5.9,1.0
603842,JetMetrics Systems 1,Software,Australia,6,2024-02-06 06:38:05,Starter,5,2,2,1,6,churned,72.0,2024-02-06 06:38:05,2025-01-08 06:38:05,0.83,337.0,9,635.3,70.59,496.82,68.45,70.03,3.0,0.0,1.0,5.0,31.23,0.0
806120,Beacon Software Solutions,Retail,Japan,4,2024-01-04 14:19:10,Starter,3,0,1,2,4,active,48.0,2024-01-04 14:19:10,,0.75,,9,435.8,48.42,435.8,0.0,0.0,10.0,0.0,1.0,3.89,36.4,1.0
397763,HubStack Group 1,Manufacturing,India,79,2024-03-28 13:41:39,Growth,11,3,7,1,13,trialing,312.0,2024-03-28 13:41:39,,0.85,,5,1631.75,326.35,1307.48,0.0,0.0,8.0,0.0,0.0,4.0,42.16,0.0
280606,Relay Systems Technologies 1,Software,France,8,2024-10-22 10:56:46,Starter,3,1,1,1,3,active,36.0,2024-10-22 10:56:46,,1.0,,13,468.58,36.04,434.29,34.29,0.0,4.0,1.0,1.0,4.0,29.53,0.0
136968,QueryForge Technologies,Healthcare,United States,50,2025-01-03 07:40:43,Growth,8,2,6,0,10,active,240.0,2025-01-03 07:40:43,,0.8,,10,2443.44,244.34,2443.44,0.0,0.0,3.0,0.0,0.0,4.5,25.6,1.0
282217,Basecamp Analytics Labs 1,Manufacturing,Canada,221,2024-02-16 15:35:26,Business,105,18,57,30,132,active,5808.0,2024-02-16 15:35:26,,0.8,,18,102684.53,5704.7,84279.69,18404.84,0.0,4.0,1.0,0.0,4.0,20.15,0.0
103319,Lattice HQ Labs 1,Software,Canada,15,2024-10-20 15:15:07,Starter,7,3,3,1,7,trialing,84.0,2024-10-20 15:15:07,,1.0,,11,935.16,85.01,935.16,0.0,0.0,7.0,1.0,0.0,4.29,49.46,0.0
289034,FunnelSoft Partners 1,Manufacturing,India,55,2024-10-11 20:55:21,Starter,6,4,1,1,8,churned,96.0,2024-10-11 20:55:21,2025-04-10 20:55:21,0.75,181.0,5,473.19,94.64,377.91,95.28,0.0,2.0,0.0,0.0,4.0,58.85,0.0
836465,CloudPeak Systems Partners 1,Retail,Germany,29,2025-06-14 07:14:13,Growth,9,0,5,4,10,active,240.0,2025-06-14 07:14:13,,0.9,,9,2134.61,237.18,1904.41,230.2,0.0,7.0,3.0,1.0,4.0,25.82,1.0
859443,HubStack Collective 1,Healthcare,Canada,1164,2025-01-09 15:21:13,Enterprise,215,49,126,40,248,active,19592.0,2025-01-09 15:21:13,,0.87,,15,294258.43,19617.23,254196.73,19817.57,0.0,5.0,0.0,0.0,4.6,83.44,0.0
996819,Xenon Analytics Solutions,Healthcare,United Kingdom,257,2023-12-07 20:35:38,Business,35,9,16,10,39,active,1716.0,2023-12-07 20:35:38,,0.9,,14,23994.62,1713.9,22482.57,0.0,0.0,8.0,1.0,0.0,3.88,40.01,0.0
474008,FlowState Digital 1,Software,Australia,103,2025-03-04 12:58:50,Growth,26,5,17,4,35,active,840.0,2025-03-04 12:58:50,,0.74,,10,8557.44,855.74,8557.44,0.0,0.0,3.0,0.0,0.0,3.33,71.83,0.0
650871,Kinetic AI Networks,Manufacturing,France,114,2023-04-30 06:41:52,Growth,21,2,11,8,21,active,504.0,2023-04-30 06:41:52,,1.0,,10,5015.99,501.6,5015.99,0.0,0.0,3.0,2.0,0.0,3.5,13.95,1.0
891033,PipelineIO Holdings 1,Manufacturing,France,12,2024-10-08 08:29:57,Starter,9,2,6,1,10,active,120.0,2024-10-08 08:29:57,,0.9,,11,1287.27,117.02,1053.88,110.33,123.06,4.0,1.0,0.0,3.5,13.95,0.0
902662,ZeroFriction Industries 1,Software,France,3,2025-09-07 19:20:22,Starter,2,1,1,0,3,active,36.0,2025-09-07 19:20:22,,0.67,,15,548.56,36.57,440.59,107.97,0.0,7.0,2.0,1.0,4.17,20.02,1.0
776288,NexusOne Holdings 1,Healthcare,Netherlands,54,2023-08-30 08:06:29,Growth,23,6,10,7,23,active,552.0,2023-08-30 08:06:29,,1.0,,9,5091.73,565.75,4493.71,598.02,0.0,5.0,1.0,0.0,4.8,50.16,0.0
192010,GridLogic Systems 2,Healthcare,Canada,160,2025-08-22 13:53:30,Business,59,7,39,13,73,active,3212.0,2025-08-22 13:53:30,,0.81,,7,21633.86,3090.55,21633.86,0.0,0.0,9.0,2.0,2.0,3.43,24.87,2.0
296755,HorizonSaaS Holdings 1,Financial Services,United States,11,2023-11-09 15:04:29,Starter,9,2,7,0,11,churned,132.0,2023-11-09 15:04:29,2024-11-11 15:04:29,0.82,368.0,8,1081.54,135.19,817.5,264.04,0.0,3.0,0.0,0.0,3.0,54.33,0.0
995934,Amplitude Corp Technologies 1,Software,Canada,44,2025-05-18 13:02:36,Growth,8,1,4,3,14,active,336.0,2025-05-18 13:02:36,,0.57,,11,3589.53,326.32,3589.53,0.0,0.0,7.0,3.0,2.0,3.71,14.94,0.0
124671,Unified Ops Works,Retail,Japan,64,2023-02-18 12:29:32,Growth,12,4,3,5,18,active,432.0,2023-02-18 12:29:32,,0.67,,16,6774.53,423.41,6316.88,0.0,457.65,2.0,0.0,0.0,4.5,36.2,0.0
254108,Junction Cloud,Financial Services,Canada,11,2024-04-18 18:14:32,Starter,10,1,4,5,11,active,132.0,2024-04-18 18:14:32,,0.91,,10,1339.92,133.99,1074.17,265.75,0.0,4.0,1.0,0.0,3.67,19.2,1.0
611661,ZeroFriction Digital,Healthcare,Brazil,12,2023-03-29 17:16:45,Starter,4,0,1,3,5,active,60.0,2023-03-29 17:16:45,,0.8,,12,725.53,60.46,659.03,0.0,0.0,5.0,1.0,0.0,4.2,75.02,0.0
509193,HorizonSaaS Technologies,Retail,India,299,2023-10-13 10:13:37,Business,52,7,38,7,86,churned,3784.0,2023-10-13 10:13:37,2024-06-04 10:13:37,0.6,235.0,15,57092.06,3806.14,45945.01,0.0,0.0,6.0,2.0,1.0,4.0,29.32,0.0
901636,TriggerPoint Works,Financial Services,Japan,54,2023-09-07 13:17:54,Growth,17,4,8,5,18,active,432.0,2023-09-07 13:17:54,,0.94,,14,5963.7,425.98,5963.7,0.0,0.0,5.0,2.0,0.0,4.0,65.53,1.0
450199,GridLogic Systems,Education,France,15,2025-05-09 12:24:46,Starter,8,4,4,0,8,active,96.0,2025-05-09 12:24:46,,1.0,,20,1925.49,96.27,1832.57,0.0,0.0,5.0,0.0,0.0,4.0,43.24,0.0
684083,DataBridge Pro Industries,Retail,United Kingdom,4,2025-06-25 13:39:50,Starter,3,1,1,1,4,past_due,48.0,2025-06-25 13:39:50,,0.75,,13,615.46,47.34,615.46,0.0,0.0,4.0,0.0,0.0,3.33,59.83,1.0
164239,Lattice HQ Works 2,Retail,France,3,2024-06-30 04:00:14,Starter,3,1,2,0,3,active,36.0,2024-06-30 04:00:14,,1.0,,12,433.19,36.1,326.06,34.91,0.0,1.0,1.0,0.0,4.0,16.7,0.0
255136,Keystroke AI Technologies,Financial Services,United States,10,2024-06-19 06:08:09,Starter,7,1,2,4,8,active,96.0,2024-06-19 06:08:09,,0.88,,10,961.79,96.18,661.02,98.76,99.02,5.0,1.0,1.0,4.4,30.28,0.0
196847,FlowState Analytics 1,Healthcare,Japan,139,2024-08-26 06:02:58,Business,37,8,21,8,63,active,2772.0,2024-08-26 06:02:58,,0.59,,10,27201.64,2720.16,27201.64,0.0,0.0,3.0,0.0,0.0,3.67,63.33,0.0
540635,PipelineIO Systems 1,Software,Australia,36,2023-02-04 18:20:51,Growth,6,0,4,2,7,churned,168.0,2023-02-04 18:20:51,2023-08-17 18:20:51,0.86,194.0,13,2232.87,171.76,1905.52,0.0,168.35,4.0,0.0,0.0,5.0,50.55,0.0
152728,TriggerPoint Industries 1,Software,India,128,2024-04-05 06:57:09,Enterprise,123,27,76,20,128,active,10112.0,2024-04-05 06:57:09,,0.96,,10,101154.91,10115.49,81468.69,19686.22,0.0,3.0,0.0,0.0,3.33,43.53,0.0
790797,QueryForge Networks 1,Healthcare,Canada,11,2024-10-03 08:32:39,Starter,2,0,1,1,2,active,24.0,2024-10-03 08:32:39,,1.0,,13,313.86,24.14,289.08,24.78,0.0,4.0,0.0,0.0,4.75,27.7,0.0
154252,NodeSync Analytics 1,Healthcare,Germany,5,2024-03-29 10:27:00,Starter,2,0,0,2,2,active,24.0,2024-03-29 10:27:00,,1.0,,9,224.57,24.95,199.22,25.35,0.0,1.0,0.0,0.0,5.0,18.3,0.0
952114,JetMetrics Systems 2,Software,Japan,253,2024-04-29 13:38:00,Business,43,13,24,6,69,active,3036.0,2024-04-29 13:38:00,,0.62,,7,22032.75,3147.54,15570.13,3256.66,3205.96,9.0,2.0,0.0,4.67,57.37,0.0
790364,JetMetrics Works,Financial Services,Japan,29,2025-07-18 13:55:03,Growth,8,2,6,0,8,trialing,192.0,2025-07-18 13:55:03,,1.0,,15,2839.8,189.32,2467.65,372.15,0.0,4.0,0.0,0.0,4.75,66.53,0.0
448227,VaultStream Systems,Software,Australia,33,2025-06-09 12:54:27,Growth,25,6,16,3,33,active,792.0,2025-06-09 12:54:27,,0.76,,7,5560.87,794.41,5560.87,0.0,0.0,2.0,0.0,1.0,3.5,19.7,0.0
292475,HubStack Partners,Retail,Australia,52,2024-01-19 16:26:50,Business,39,6,27,6,52,active,2288.0,2024-01-19 16:26:50,,0.75,,18,41464.9,2303.61,39144.33,0.0,0.0,5.0,0.0,1.0,3.25,33.38,1.0
634053,ZeroFriction Partners 1,Financial Services,Australia,159,2023-03-02 14:24:21,Business,52,11,27,14,60,active,2640.0,2023-03-02 14:24:21,,0.87,,17,45301.36,2664.79,37516.19,2628.65,0.0,11.0,3.0,0.0,4.27,54.66,0.0
687595,EdgeFlow Technologies Holdings,Education,United States,45,2024-06-16 14:06:09,Business,26,6,15,5,45,active,1980.0,2024-06-16 14:06:09,,0.58,,13,25429.46,1956.11,25429.46,0.0,0.0,3.0,1.0,0.0,4.5,27.25,1.0
822666,Omnisend Group 1,Healthcare,Canada,30,2025-07-03 15:21:24,Growth,21,5,13,3,30,active,720.0,2025-07-03 15:21:24,,0.7,,13,9610.7,739.28,9610.7,0.0,0.0,5.0,2.0,1.0,4.0,25.8,0.0
316635,Relay Systems Industries 1,Education,Germany,442,2023-12-19 12:41:07,Growth,29,7,18,4,31,active,744.0,2023-12-19 12:41:07,,0.94,,18,13041.4,724.52,11600.12,722.6,718.68,6.0,1.0,1.0,2.67,21.6,0.0
602857,Xenon Analytics Technologies 2,Financial Services,Japan,14,2025-03-25 14:07:49,Starter,5,0,4,1,6,active,72.0,2025-03-25 14:07:49,,0.83,,5,361.19,72.24,361.19,0.0,0.0,6.0,2.0,0.0,4.75,57.5,2.0
295860,Catalyst CRM Collective 1,Manufacturing,India,7,2024-03-15 09:18:40,Starter,4,1,2,1,6,active,72.0,2024-03-15 09:18:40,,0.67,,14,995.31,71.09,777.18,148.01,70.12,5.0,1.0,0.0,4.2,35.36,0.0
289993,NexusOne Software 1,Financial Services,Brazil,25,2024-01-03 21:21:51,Growth,21,3,12,6,22,active,528.0,2024-01-03 21:21:51,,0.95,,10,5342.3,534.23,4263.65,549.08,0.0,4.0,0.0,0.0,3.75,77.48,0.0
790366,Junction Cloud Analytics,Financial Services,United Kingdom,9,2024-12-15 10:49:05,Starter,2,1,1,0,3,active,36.0,2024-12-15 10:49:05,,0.67,,12,437.47,36.46,399.4,0.0,0.0,5.0,0.0,1.0,4.0,73.82,0.0
439406,LaunchPad HQ Group,Education,Brazil,16,2025-02-23 13:28:31,Starter,6,0,5,1,9,active,108.0,2025-02-23 13:28:31,,0.67,,5,551.54,110.31,551.54,0.0,0.0,3.0,1.0,0.0,4.67,42.0,0.0
858507,Catalyst CRM Group 1,Software,Netherlands,81,2023-06-17 20:42:21,Business,38,10,24,4,56,active,2464.0,2023-06-17 20:42:21,,0.68,,8,19627.59,2453.45,14476.78,5150.81,0.0,2.0,1.0,0.0,4.5,17.85,0.0
421775,Envoy Platforms,Healthcare,Netherlands,7,2024-06-30 07:39:12,Starter,2,0,1,1,2,active,24.0,2024-06-30 07:39:12,,1.0,,14,336.76,24.05,289.16,23.76,0.0,5.0,2.0,0.0,4.6,42.06,0.0
769395,JetMetrics Group,Software,Netherlands,6,2025-07-19 09:20:31,Starter,6,1,3,2,6,active,72.0,2025-07-19 09:20:31,,1.0,,13,941.28,72.41,941.28,0.0,0.0,4.0,2.0,0.0,4.5,24.0,0.0
637831,Keystroke AI Partners 2,Logistics,Brazil,71,2025-01-22 10:31:41,Growth,15,3,11,1,16,active,384.0,2025-01-22 10:31:41,,0.94,,6,2260.43,376.74,1883.73,376.7,0.0,2.0,0.0,0.0,3.0,25.25,0.0
412093,Gradient Labs Solutions 1,Software,Japan,23,2023-09-29 17:45:40,Starter,2,0,1,1,3,trialing,36.0,2023-09-29 17:45:40,,0.67,,21,738.44,35.16,670.76,67.68,0.0,5.0,0.0,0.0,3.25,66.98,1.0
216490,WorksiteOS Analytics,Software,Japan,6,2024-09-24 12:03:25,Starter,2,0,2,0,3,active,36.0,2024-09-24 12:03:25,,0.67,,11,401.23,36.48,401.23,0.0,0.0,4.0,2.0,0.0,2.75,33.38,0.0
135223,LaunchPad HQ Analytics,Software,France,6,2023-11-25 10:17:58,Starter,5,3,2,0,6,churned,72.0,2023-11-25 10:17:58,2025-03-21 10:17:58,0.83,482.0,17,1191.77,70.1,1191.77,0.0,0.0,3.0,2.0,0.0,4.0,25.23,0.0
452579,HubStack Technologies 2,Manufacturing,Australia,13,2023-04-28 09:37:18,Starter,6,1,5,0,8,active,96.0,2023-04-28 09:37:18,,0.75,,17,1642.4,96.61,1458.54,92.36,91.5,5.0,1.0,1.0,4.8,53.34,0.0
211818,Catalyst CRM Technologies 1,Financial Services,India,87,2024-04-10 08:14:53,Growth,32,3,18,11,40,active,960.0,2024-04-10 08:14:53,,0.8,,14,13150.61,939.33,11351.8,929.06,0.0,5.0,1.0,1.0,3.6,36.5,0.0
603307,Momentum Tools Holdings,Financial Services,Netherlands,18,2024-02-21 13:55:05,Starter,3,1,2,0,3,active,36.0,2024-02-21 13:55:05,,1.0,,19,684.78,36.04,684.78,0.0,0.0,5.0,0.0,2.0,3.8,27.16,0.0
772957,Xenon Analytics Digital 1,Retail,Canada,64,2024-03-21 08:05:47,Growth,17,2,14,1,25,active,600.0,2024-03-21 08:05:47,,0.68,,18,10506.21,583.68,9355.67,1150.54,0.0,3.0,1.0,0.0,3.67,28.77,0.0
964514,Omnisend Holdings,Software,United Kingdom,26,2025-01-20 16:38:55,Growth,16,3,10,3,21,active,504.0,2025-01-20 16:38:55,,0.76,,8,4035.33,504.42,4035.33,0.0,0.0,8.0,2.0,2.0,4.5,28.23,2.0
779884,GridLogic Holdings 1,Logistics,Japan,153,2024-03-08 13:48:13,Business,80,18,49,13,109,active,4796.0,2024-03-08 13:48:13,,0.73,,12,56286.9,4690.58,56286.9,0.0,0.0,6.0,2.0,0.0,3.83,41.42,0.0
708315,LaunchPad HQ Partners,Retail,Australia,12,2023-10-16 17:34:01,Starter,3,0,2,1,3,past_due,36.0,2023-10-16 17:34:01,,1.0,,16,558.62,34.91,526.82,31.8,0.0,2.0,0.0,0.0,4.0,30.3,0.0
650852,Omnisend Labs,Software,Germany,11,2023-11-30 22:52:26,Starter,3,0,2,1,3,trialing,36.0,2023-11-30 22:52:26,,1.0,,13,463.85,35.68,424.61,39.24,0.0,5.0,0.0,0.0,4.0,49.36,0.0
919775,HorizonSaaS,Financial Services,Netherlands,56,2024-03-06 14:38:08,Growth,14,1,8,5,24,active,576.0,2024-03-06 14:38:08,,0.58,,12,7082.11,590.18,5885.51,599.68,0.0,6.0,2.0,0.0,4.0,26.68,2.0
704441,HorizonSaaS Collective,Software,Australia,31,2025-08-18 18:40:43,Growth,24,3,12,9,31,active,744.0,2025-08-18 18:40:43,,0.77,,14,10557.37,754.1,9054.88,800.02,0.0,7.0,0.0,0.0,3.67,47.77,1.0
411362,HubStack Holdings 1,Logistics,India,17,2023-11-21 15:00:33,Starter,6,3,1,2,7,active,84.0,2023-11-21 15:00:33,,0.86,,9,726.02,80.67,726.02,0.0,0.0,3.0,0.0,0.0,4.33,45.6,0.0
742518,YieldMetrics Labs,Financial Services,Brazil,57,2024-01-27 15:49:25,Growth,32,7,20,5,33,active,792.0,2024-01-27 15:49:25,,0.97,,12,9351.36,779.28,9351.36,0.0,0.0,2.0,0.0,1.0,5.0,18.7,0.0
592265,NodeSync Group,Healthcare,Japan,20,2025-09-24 14:22:26,Starter,3,0,3,0,5,active,60.0,2025-09-24 14:22:26,,0.6,,11,650.72,59.16,650.72,0.0,0.0,2.0,0.0,0.0,5.0,18.1,1.0
549442,Inline Systems Group 1,Software,Brazil,496,2024-01-23 08:04:36,Business,55,15,27,13,87,trialing,3828.0,2024-01-23 08:04:36,,0.63,,16,60783.46,3798.97,56995.37,3788.09,0.0,4.0,0.0,0.0,5.0,57.43,0.0
395744,Beacon Software Labs,Financial Services,United States,5,2023-02-24 11:25:51,Starter,3,0,2,1,5,active,60.0,2023-02-24 11:25:51,,0.6,,8,483.84,60.48,423.31,60.53,0.0,6.0,0.0,0.0,3.83,45.62,0.0
562219,InfraPoint Labs 1,Software,India,302,2025-04-30 09:12:30,Business,39,9,21,9,54,active,2376.0,2025-04-30 09:12:30,,0.72,,4,8927.28,2231.82,8927.28,0.0,0.0,8.0,0.0,2.0,3.71,23.43,1.0
430738,EdgeFlow Technologies Partners 1,Manufacturing,Brazil,16,2023-07-02 14:08:45,Starter,4,1,3,0,4,active,48.0,2023-07-02 14:08:45,,1.0,,8,370.34,46.29,283.43,45.81,0.0,5.0,2.0,1.0,4.2,31.78,0.0
887991,Keystroke AI Holdings 1,Financial Services,Germany,15,2023-07-26 20:19:34,Starter,4,1,1,2,6,active,72.0,2023-07-26 20:19:34,,0.67,,10,721.94,72.19,573.41,74.19,0.0,6.0,0.0,1.0,3.67,50.7,0.0
838808,DataBridge Pro Systems 1,Education,United States,40,2023-06-08 08:37:29,Growth,18,4,10,4,32,active,768.0,2023-06-08 08:37:29,,0.56,,12,9157.26,763.11,6748.22,1641.38,767.66,5.0,0.0,0.0,3.25,55.4,1.0
125807,Xenon Analytics Solutions 2,Retail,Germany,96,2024-06-03 16:24:58,Growth,16,2,13,1,25,active,600.0,2024-06-03 16:24:58,,0.64,,10,6095.96,609.6,4895.39,552.32,0.0,4.0,0.0,1.0,4.67,33.97,1.0
526874,ZeroFriction Partners 2,Manufacturing,United Kingdom,82,2024-02-21 13:13:57,Growth,36,3,20,13,42,active,1008.0,2024-02-21 13:13:57,,0.86,,7,6976.53,996.65,6976.53,0.0,0.0,3.0,0.0,0.0,4.67,56.2,0.0
563161,Kinetic AI Solutions 1,Retail,Japan,26,2024-12-10 07:07:11,Growth,20,2,16,2,26,active,624.0,2024-12-10 07:07:11,,0.77,,7,4431.06,633.01,4431.06,0.0,0.0,6.0,2.0,0.0,3.67,25.35,0.0
157315,FlowState Partners,Retail,United States,3,2023-07-10 13:25:32,Starter,3,0,1,2,3,active,36.0,2023-07-10 13:25:32,,1.0,,8,297.28,37.16,258.31,0.0,38.97,3.0,1.0,0.0,2.67,27.03,0.0
736270,Relay Systems Solutions 1,Education,United States,134,2023-06-16 11:59:21,Business,67,16,36,15,116,past_due,5104.0,2023-06-16 11:59:21,,0.58,,9,46072.47,5119.16,40955.72,0.0,5116.75,2.0,0.0,0.0,3.5,32.8,0.0
861024,Omnisend Holdings 1,Software,United States,58,2024-05-06 19:26:10,Growth,31,5,22,4,35,churned,840.0,2024-05-06 19:26:10,2024-09-05 19:26:10,0.89,122.0,12,10135.31,844.61,10135.31,0.0,0.0,4.0,0.0,0.0,4.33,50.17,1.0
819946,Omnisend Works,Financial Services,Canada,10,2025-01-18 10:00:56,Starter,7,1,6,0,10,active,120.0,2025-01-18 10:00:56,,0.7,,12,1495.08,124.59,1495.08,0.0,0.0,4.0,3.0,0.0,3.5,13.53,0.0
921303,VaultStream Software,Financial Services,France,29,2023-11-29 16:06:35,Growth,17,4,9,4,25,active,600.0,2023-11-29 16:06:35,,0.68,,11,6449.86,586.35,6449.86,0.0,0.0,7.0,1.0,1.0,3.14,43.2,0.0
318147,Envoy Platforms Partners,Financial Services,Netherlands,3,2025-01-17 09:36:57,Starter,2,1,1,0,3,active,36.0,2025-01-17 09:36:57,,0.67,,7,238.38,34.05,238.38,0.0,0.0,6.0,0.0,1.0,4.0,45.63,0.0
468130,HorizonSaaS Analytics,Retail,India,49,2024-10-30 12:49:01,Growth,30,6,20,4,31,active,744.0,2024-10-30 12:49:01,,0.97,,12,8954.88,746.24,8954.88,0.0,0.0,4.0,1.0,0.0,3.67,36.93,1.0
870241,Axiom Labs Solutions 1,Healthcare,Japan,17,2025-02-10 14:39:00,Starter,3,0,3,0,3,trialing,36.0,2025-02-10 14:39:00,,1.0,,11,399.55,36.32,328.95,70.6,0.0,3.0,0.0,0.0,2.0,36.87,0.0
799789,GridLogic Labs,Financial Services,United States,20,2025-05-30 03:44:46,Starter,4,0,3,1,7,active,84.0,2025-05-30 03:44:46,,0.57,,14,1198.2,85.59,1112.7,85.5,0.0,4.0,2.0,0.0,3.67,21.87,1.0
223459,Basecamp Analytics Software 1,Retail,Japan,9,2025-06-27 08:57:25,Starter,6,2,4,0,7,active,84.0,2025-06-27 08:57:25,,0.86,,13,1082.44,83.26,1082.44,0.0,0.0,5.0,1.0,0.0,3.8,31.4,0.0
147538,LaunchPad HQ Systems,Manufacturing,Australia,5,2024-08-17 07:46:38,Starter,4,1,2,1,5,active,60.0,2024-08-17 07:46:38,,0.8,,14,838.86,59.92,774.07,64.79,0.0,8.0,0.0,0.0,4.13,55.31,0.0
206528,Gradient Labs Works,Retail,United Kingdom,15,2025-09-10 18:36:36,Starter,6,0,4,2,8,active,96.0,2025-09-10 18:36:36,,0.75,,16,1533.66,95.85,1234.44,201.9,97.32,1.0,0.0,0.0,5.0,21.5,0.0
399545,Unified Ops Software 1,Financial Services,Brazil,12,2024-03-01 14:27:40,Starter,7,1,5,1,8,active,96.0,2024-03-01 14:27:40,,0.88,,8,789.13,98.64,789.13,0.0,0.0,,,,,,
473607,DataBridge Pro,Financial Services,United States,3,2024-06-16 21:32:01,Starter,2,0,1,1,3,active,36.0,2024-06-16 21:32:01,,0.67,,19,688.1,36.22,652.54,0.0,0.0,3.0,1.0,0.0,3.0,26.55,1.0
980608,QueryForge Labs,Financial Services,United Kingdom,27,2024-08-26 09:20:21,Growth,7,0,6,1,10,active,240.0,2024-08-26 09:20:21,,0.7,,11,2709.44,246.31,2709.44,0.0,0.0,3.0,0.0,0.0,4.33,54.3,0.0
627691,Beacon Software Networks,Retail,Australia,94,2023-11-28 16:58:05,Business,87,20,53,14,94,churned,4136.0,2023-11-28 16:58:05,2024-03-22 16:58:05,0.93,115.0,9,37076.64,4119.63,25167.77,11908.87,0.0,3.0,0.0,1.0,5.0,51.4,1.0
185683,QueryForge Collective 1,Financial Services,United Kingdom,334,2025-01-03 08:16:28,Business,93,21,58,14,109,active,4796.0,2025-01-03 08:16:28,,0.85,,11,53154.91,4832.26,53154.91,0.0,0.0,2.0,0.0,2.0,4.0,2.8,0.0
352867,Unified Ops Networks,Education,Australia,32,2025-01-17 16:57:48,Growth,22,4,14,4,32,active,768.0,2025-01-17 16:57:48,,0.69,,12,8872.16,739.35,8144.23,0.0,727.93,7.0,3.0,1.0,4.8,11.34,2.0
695658,WorksiteOS Labs 1,Software,Netherlands,104,2023-06-08 11:30:54,Growth,9,1,6,2,9,active,216.0,2023-06-08 11:30:54,,1.0,,16,3383.46,211.47,3169.16,0.0,214.3,3.0,1.0,1.0,4.33,18.0,0.0
943223,Kinetic AI Collective,Software,Australia,102,2024-08-28 14:31:51,Growth,14,2,10,2,17,active,408.0,2024-08-28 14:31:51,,0.82,,13,5402.62,415.59,4985.86,416.76,0.0,4.0,0.0,0.0,4.67,59.53,1.0
201117,Xenon Analytics Technologies,Education,United Kingdom,30,2024-09-14 17:27:52,Growth,21,5,11,5,30,active,720.0,2024-09-14 17:27:52,,0.7,,14,10265.61,733.26,10265.61,0.0,0.0,1.0,0.0,0.0,4.0,121.2,0.0
227254,Kinetic AI Partners,Software,United Kingdom,6,2024-09-20 13:25:50,Starter,4,1,3,0,6,active,72.0,2024-09-20 13:25:50,,0.67,,10,696.88,69.69,632.12,64.76,0.0,9.0,2.0,1.0,4.22,53.26,0.0
519899,Keystroke AI Labs 1,Healthcare,Canada,7,2023-02-26 14:31:28,Starter,2,2,0,0,3,active,36.0,2023-02-26 14:31:28,,0.67,,12,423.15,35.26,387.56,35.59,0.0,4.0,0.0,0.0,3.5,38.18,0.0
531301,ZeroFriction Solutions,Healthcare,Netherlands,3,2023-05-20 20:01:27,Starter,3,0,3,0,3,active,36.0,2023-05-20 20:01:27,,1.0,,15,546.68,36.45,509.59,37.09,0.0,2.0,1.0,0.0,5.0,13.75,0.0
253622,Lattice HQ Technologies,Education,Australia,62,2024-12-18 08:52:08,Growth,18,2,15,1,26,churned,624.0,2024-12-18 08:52:08,2025-03-20 08:52:08,0.69,92.0,6,3645.89,607.65,3645.89,0.0,0.0,3.0,0.0,2.0,4.0,20.83,0.0
523028,Catalyst CRM Solutions,Retail,United Kingdom,15,2025-02-07 09:34:40,Starter,5,0,4,1,5,trialing,60.0,2025-02-07 09:34:40,,1.0,,12,727.17,60.6,727.17,0.0,0.0,3.0,1.0,0.0,3.67,35.33,0.0
647116,Basecamp Analytics Analytics,Retail,Japan,68,2025-03-28 19:46:24,Growth,29,6,17,6,35,active,840.0,2025-03-28 19:46:24,,0.83,,3,2426.37,808.79,2426.37,0.0,0.0,8.0,1.0,0.0,4.0,33.23,1.0
345955,Junction Cloud Solutions 1,Manufacturing,Brazil,50,2023-11-29 16:10:57,Growth,10,1,8,1,16,trialing,384.0,2023-11-29 16:10:57,,0.63,,16,6071.68,379.48,5659.09,0.0,0.0,6.0,1.0,0.0,4.33,52.42,0.0
116787,MeshWorks Solutions,Healthcare,United Kingdom,16,2025-08-16 15:36:51,Growth,11,0,9,2,15,active,360.0,2025-08-16 15:36:51,,0.73,,13,4595.21,353.48,4254.1,341.11,0.0,4.0,1.0,0.0,4.25,30.18,0.0
136425,Keystroke AI Technologies 2,Software,India,6,2024-12-08 10:00:12,Starter,3,0,2,1,4,active,48.0,2024-12-08 10:00:12,,0.75,,20,978.55,48.93,881.39,49.04,48.12,,,,,,
371884,TriggerPoint Partners,Financial Services,France,14,2023-02-15 14:37:54,Starter,6,1,5,0,6,churned,72.0,2023-02-15 14:37:54,2024-01-23 14:37:54,1.0,342.0,12,870.5,72.54,870.5,0.0,0.0,7.0,4.0,0.0,3.71,41.39,0.0
842629,Omnisend Networks,Manufacturing,India,43,2023-04-30 17:23:03,Growth,11,1,5,5,19,churned,456.0,2023-04-30 17:23:03,2025-06-04 17:23:03,0.58,766.0,14,6330.62,452.19,5896.83,433.79,0.0,3.0,0.0,0.0,4.33,39.97,0.0
988431,Gradient Labs Group 2,Software,India,3,2024-05-30 16:42:00,Starter,2,0,1,1,3,active,36.0,2024-05-30 16:42:00,,0.67,,11,390.19,35.47,288.34,0.0,73.27,,,,,,
378702,Omnisend Industries 1,Software,Canada,11,2024-12-30 16:08:08,Starter,4,2,1,1,6,active,72.0,2024-12-30 16:08:08,,0.67,,17,1206.64,70.98,1059.74,74.54,72.36,8.0,1.0,1.0,3.0,47.12,3.0
724555,JetMetrics Labs,Retail,Netherlands,14,2024-11-01 18:04:04,Starter,3,0,2,1,4,active,48.0,2024-11-01 18:04:04,,0.75,,9,439.67,48.85,341.43,50.25,47.99,4.0,0.0,0.0,4.67,41.7,1.0
105052,Basecamp Analytics Solutions,Logistics,Canada,58,2025-06-11 17:52:05,Growth,34,5,21,8,41,active,984.0,2025-06-11 17:52:05,,0.83,,8,7874.99,984.37,6898.89,976.1,0.0,1.0,1.0,0.0,1.0,17.5,0.0
444827,FlowState Networks 1,Retail,Germany,7,2024-05-31 07:49:20,Starter,2,0,2,0,3,active,36.0,2024-05-31 07:49:20,,0.67,,10,357.32,35.73,318.25,0.0,39.07,3.0,0.0,0.0,4.0,43.93,0.0
692735,WorksiteOS Technologies 1,Healthcare,United States,17,2024-09-04 16:04:53,Starter,8,2,3,3,8,active,96.0,2024-09-04 16:04:53,,1.0,,16,1531.44,95.72,1346.93,89.15,95.36,6.0,1.0,0.0,4.0,37.13,0.0
294902,JetMetrics Holdings,Education,United States,54,2025-02-23 07:53:44,Growth,21,5,11,5,28,active,672.0,2025-02-23 07:53:44,,0.75,,6,4007.5,667.92,4007.5,0.0,0.0,,,,,,
820426,ZeroFriction Software,Healthcare,France,11,2025-05-07 06:11:56,Starter,3,0,3,0,5,active,60.0,2025-05-07 06:11:56,,0.6,,12,713.44,59.45,652.32,0.0,61.12,8.0,2.0,0.0,4.33,28.13,2.0
393007,GridLogic Labs 2,Manufacturing,Japan,3,2023-04-02 07:49:02,Starter,3,0,3,0,3,active,36.0,2023-04-02 07:49:02,,1.0,,5,183.23,36.65,183.23,0.0,0.0,3.0,0.0,0.0,4.0,59.47,0.0
504080,Catalyst CRM Group,Education,Brazil,6,2023-02-16 16:15:07,Starter,5,0,3,2,6,trialing,72.0,2023-02-16 16:15:07,,0.83,,17,1209.2,71.13,992.17,143.1,0.0,3.0,0.0,0.0,4.5,25.7,1.0
252079,Gradient Labs Technologies 1,Software,Canada,6,2024-11-11 10:13:02,Starter,6,0,5,1,6,active,72.0,2024-11-11 10:13:02,,1.0,,12,882.89,73.57,802.1,0.0,0.0,4.0,0.0,1.0,3.75,39.5,0.0
345589,CloudPeak Systems Analytics 1,Software,United Kingdom,40,2023-05-09 06:54:26,Growth,28,6,14,8,34,active,816.0,2023-05-09 06:54:26,,0.82,,15,12289.0,819.27,10702.36,773.09,813.55,4.0,1.0,0.0,4.5,23.75,0.0
547854,Omnisend Works 2,Software,United Kingdom,33,2024-07-09 11:11:20,Growth,15,4,8,3,16,active,384.0,2024-07-09 11:11:20,,0.94,,10,3958.63,395.86,3958.63,0.0,0.0,6.0,2.0,0.0,4.33,51.83,0.0
858842,YieldMetrics Solutions 1,Healthcare,Canada,25,2024-06-24 13:58:46,Growth,12,2,6,4,18,churned,432.0,2024-06-24 13:58:46,2025-02-20 13:58:46,0.67,241.0,9,3779.92,419.99,3316.74,463.18,0.0,3.0,1.0,0.0,5.0,22.3,1.0
501273,Deployly Labs 1,Software,United Kingdom,13,2024-06-04 17:52:03,Starter,4,0,3,1,5,trialing,60.0,2024-06-04 17:52:03,,0.8,,18,1072.22,59.57,884.56,125.5,0.0,4.0,0.0,1.0,3.75,26.63,0.0
138819,Xenon Analytics Digital 2,Financial Services,France,9,2024-05-01 14:28:46,Starter,5,1,3,1,6,active,72.0,2024-05-01 14:28:46,,0.83,,11,781.03,71.0,640.09,72.67,68.27,5.0,0.0,2.0,4.4,42.04,0.0
874742,GridLogic Partners,Healthcare,Japan,50,2023-12-10 10:24:46,Growth,37,6,25,6,41,active,984.0,2023-12-10 10:24:46,,0.9,,16,15470.04,966.88,11646.47,912.23,1917.21,3.0,1.0,0.0,5.0,13.85,1.0
636784,Basecamp Analytics Collective,Financial Services,United States,47,2023-08-11 17:00:28,Growth,15,2,10,3,19,active,456.0,2023-08-11 17:00:28,,0.79,,12,5500.31,458.36,5062.8,0.0,0.0,6.0,0.0,0.0,4.5,34.6,0.0
724051,NodeSync Solutions 1,Logistics,Japan,40,2023-04-26 15:10:34,Growth,10,1,5,4,13,churned,312.0,2023-04-26 15:10:34,2025-03-21 15:10:34,0.77,695.0,7,2137.73,305.39,1824.32,0.0,0.0,4.0,0.0,1.0,4.0,22.43,0.0
556479,InfraPoint Networks 1,Software,Germany,6,2023-09-17 11:00:45,Starter,5,0,1,4,6,active,72.0,2023-09-17 11:00:45,,0.83,,14,1009.5,72.11,943.27,66.23,0.0,6.0,1.0,0.0,3.83,39.37,0.0
938205,Xenon Analytics Labs,Education,United States,23,2025-02-07 21:47:02,Starter,8,1,7,0,11,active,132.0,2025-02-07 21:47:02,,0.73,,12,1600.98,133.42,1469.56,131.42,0.0,4.0,2.0,0.0,3.5,25.33,0.0
751207,Amplitude Corp Partners 1,Software,Australia,4,2025-04-06 10:21:08,Starter,3,2,1,0,4,active,48.0,2025-04-06 10:21:08,,0.75,,12,571.18,47.6,521.83,0.0,0.0,2.0,0.0,0.0,4.0,86.5,0.0
244208,Unified Ops Industries,Software,Netherlands,12,2024-09-25 16:08:23,Starter,2,0,1,1,3,active,36.0,2024-09-25 16:08:23,,0.67,,7,253.72,36.25,253.72,0.0,0.0,8.0,4.0,0.0,4.13,22.29,0.0
876324,PipelineIO Group 1,Financial Services,France,151,2024-05-09 14:55:35,Business,34,6,21,7,44,trialing,1936.0,2024-05-09 14:55:35,,0.77,,11,21565.36,1960.49,19736.51,1828.85,0.0,2.0,1.0,1.0,4.5,4.85,0.0
970221,QueryForge Industries,Education,Netherlands,10,2023-09-07 11:10:03,Starter,2,0,0,2,4,active,48.0,2023-09-07 11:10:03,,0.5,,11,544.38,49.49,451.94,42.72,0.0,6.0,2.0,0.0,5.0,50.5,2.0
653379,NexusOne Collective 1,Education,India,38,2023-12-06 12:15:59,Growth,9,1,5,3,13,active,312.0,2023-12-06 12:15:59,,0.69,,11,3456.47,314.22,3456.47,0.0,0.0,5.0,0.0,1.0,4.4,54.08,0.0
248669,Kinetic AI Partners 1,Retail,United Kingdom,16,2023-09-14 13:55:09,Starter,6,0,6,0,9,active,108.0,2023-09-14 13:55:09,,0.67,,9,967.0,107.44,854.79,0.0,112.21,8.0,1.0,0.0,4.25,54.46,0.0
176590,Relay Systems Partners,Retail,Germany,14,2024-07-13 17:08:34,Starter,2,0,2,0,3,active,36.0,2024-07-13 17:08:34,,0.67,,12,446.46,37.21,446.46,0.0,0.0,9.0,3.0,0.0,4.0,33.62,0.0
491257,Envoy Platforms Labs 1,Retail,France,28,2023-05-29 12:50:57,Growth,23,6,13,4,28,active,672.0,2023-05-29 12:50:57,,0.82,,12,8135.4,677.95,8135.4,0.0,0.0,5.0,1.0,0.0,4.0,58.03,1.0
852560,FlowState Software,Healthcare,Japan,66,2023-09-17 15:01:33,Growth,18,6,7,5,28,active,672.0,2023-09-17 15:01:33,,0.64,,7,4589.7,655.67,3884.37,705.33,0.0,7.0,3.0,2.0,4.71,25.23,0.0
544215,MeshWorks Partners 1,Retail,Canada,25,2025-03-29 14:34:34,Growth,19,2,12,5,25,active,600.0,2025-03-29 14:34:34,,0.76,,11,6707.3,609.75,6707.3,0.0,0.0,4.0,1.0,0.0,4.5,55.5,0.0
561622,Amplitude Corp Industries,Financial Services,United Kingdom,14,2024-06-09 16:53:00,Starter,3,0,3,0,3,active,36.0,2024-06-09 16:53:00,,1.0,,9,335.27,37.25,220.96,76.29,0.0,1.0,0.0,0.0,3.0,68.9,0.0
645195,JetMetrics,Education,Australia,11,2024-08-08 14:27:56,Starter,2,2,0,0,3,churned,36.0,2024-08-08 14:27:56,2024-12-31 14:27:56,0.67,145.0,11,389.16,35.38,354.6,0.0,34.56,5.0,1.0,0.0,4.0,30.82,0.0
269978,PipelineIO Networks 1,Software,Netherlands,144,2023-03-12 04:28:59,Growth,16,2,4,10,21,active,504.0,2023-03-12 04:28:59,,0.76,,13,6591.31,507.02,6591.31,0.0,0.0,7.0,1.0,0.0,4.0,42.27,0.0
277459,Amplitude Corp Partners 2,Retail,India,94,2025-05-06 13:10:44,Growth,4,1,2,1,6,active,144.0,2025-05-06 13:10:44,,0.67,,16,2269.66,141.85,2127.23,0.0,0.0,3.0,0.0,0.0,4.0,42.73,0.0
133896,FunnelSoft Technologies,Retail,Germany,248,2023-04-25 15:41:31,Business,53,5,36,12,63,active,2772.0,2023-04-25 15:41:31,,0.84,,15,40819.31,2721.29,38260.05,2559.26,0.0,6.0,0.0,1.0,4.33,51.72,0.0
914638,Axiom Labs Networks 1,Software,Canada,21,2025-06-27 15:49:27,Starter,5,2,3,0,7,active,84.0,2025-06-27 15:49:27,,0.71,,10,863.02,86.3,863.02,0.0,0.0,3.0,0.0,0.0,4.5,55.0,1.0
729073,Momentum Tools Collective,Healthcare,United States,57,2025-09-01 14:33:07,Growth,21,6,11,4,24,active,576.0,2025-09-01 14:33:07,,0.88,,12,6939.06,578.26,6355.63,0.0,0.0,9.0,1.0,1.0,4.25,43.46,1.0
335302,Xenon Analytics Partners 2,Financial Services,Canada,22,2024-10-14 11:11:54,Starter,1,0,0,1,2,active,24.0,2024-10-14 11:11:54,,0.5,,12,289.33,24.11,289.33,0.0,0.0,2.0,0.0,0.0,5.0,35.9,0.0
863338,TriggerPoint Systems 1,Financial Services,France,46,2025-06-14 15:05:34,Growth,12,2,8,2,17,churned,408.0,2025-06-14 15:05:34,2025-09-26 15:05:34,0.71,104.0,19,7829.0,412.05,6972.8,437.93,418.27,5.0,2.0,0.0,4.0,24.52,0.0
842517,NexusOne Analytics,Financial Services,Netherlands,61,2023-12-31 08:13:04,Growth,23,6,13,4,40,churned,960.0,2023-12-31 08:13:04,2025-01-14 08:13:04,0.58,380.0,12,11559.81,963.32,11559.81,0.0,0.0,2.0,1.0,0.0,2.5,26.9,0.0
315012,StackBase Technologies 2,Financial Services,Netherlands,143,2025-07-26 11:42:05,Business,85,15,52,18,89,active,3916.0,2025-07-26 11:42:05,,0.96,,9,36004.46,4000.5,31553.24,0.0,0.0,7.0,1.0,0.0,4.43,52.44,0.0
688496,Gradient Labs Partners,Financial Services,France,32,2023-11-29 20:53:11,Growth,12,3,7,2,14,active,336.0,2023-11-29 20:53:11,,0.86,,13,4227.87,325.22,3905.09,322.78,0.0,6.0,1.0,0.0,4.83,22.67,0.0
336143,PipelineIO Partners 1,Software,Germany,3,2025-03-30 11:22:02,Starter,2,0,2,0,2,active,24.0,2025-03-30 11:22:02,,1.0,,13,319.29,24.56,319.29,0.0,0.0,5.0,0.0,0.0,5.0,56.58,0.0
552380,Junction Cloud Labs,Software,India,139,2024-04-18 07:34:21,Business,32,8,18,6,37,active,1628.0,2024-04-18 07:34:21,,0.86,,13,21410.95,1647.0,17925.15,1713.68,1772.12,5.0,1.0,0.0,3.8,47.0,0.0
282947,Lattice HQ,Retail,United Kingdom,5,2023-05-14 10:53:40,Starter,4,0,3,1,5,active,60.0,2023-05-14 10:53:40,,0.8,,13,784.8,60.37,725.44,59.36,0.0,7.0,1.0,0.0,4.33,40.87,1.0
492337,Beacon Software Analytics 1,Financial Services,France,13,2025-09-26 15:02:07,Starter,3,0,3,0,4,active,48.0,2025-09-26 15:02:07,,0.75,,17,814.02,47.88,767.93,46.09,0.0,7.0,1.0,0.0,2.83,45.15,1.0
431648,TriggerPoint Technologies 1,Retail,United Kingdom,11,2025-07-06 07:04:43,Starter,7,0,4,3,11,active,132.0,2025-07-06 07:04:43,,0.64,,15,1962.22,130.81,1824.42,0.0,0.0,7.0,1.0,1.0,4.5,36.68,1.0
234922,StackBase Group 1,Software,Brazil,150,2025-09-25 09:05:29,Business,59,9,42,8,69,active,3036.0,2025-09-25 09:05:29,,0.86,,8,23924.53,2990.57,23924.53,0.0,0.0,4.0,2.0,1.0,4.5,13.68,0.0
417940,Relay Systems Holdings,Software,Brazil,8,2025-05-14 14:51:50,Starter,4,0,1,3,6,active,72.0,2025-05-14 14:51:50,,0.67,,12,866.78,72.23,866.78,0.0,0.0,8.0,1.0,1.0,4.57,35.2,1.0
871334,NexusOne Holdings,Education,France,64,2025-01-26 14:22:10,Starter,7,1,6,0,9,active,108.0,2025-01-26 14:22:10,,0.78,,11,1152.94,104.81,933.4,101.58,117.96,5.0,3.0,1.0,4.4,16.86,0.0
288393,DataBridge Pro Group,Retail,India,46,2023-11-09 15:28:41,Growth,12,0,10,2,16,churned,384.0,2023-11-09 15:28:41,2024-08-17 15:28:41,0.75,282.0,17,6646.52,390.97,5502.95,764.68,378.89,10.0,4.0,0.0,3.7,23.98,0.0
425690,ZeroFriction Works 2,Logistics,Canada,3,2023-07-21 08:08:39,Starter,3,1,2,0,3,active,36.0,2023-07-21 08:08:39,,1.0,,16,574.4,35.9,574.4,0.0,0.0,2.0,2.0,0.0,5.0,12.7,1.0
772806,PipelineIO Works,Logistics,Netherlands,8,2023-05-17 19:05:07,Starter,7,1,5,1,7,active,84.0,2023-05-17 19:05:07,,1.0,,11,915.48,83.23,830.85,84.63,0.0,3.0,2.0,0.0,4.0,29.77,0.0
477382,VaultStream Technologies,Financial Services,Australia,38,2023-02-02 15:02:08,Growth,19,4,13,2,26,active,624.0,2023-02-02 15:02:08,,0.73,,7,4452.91,636.13,3222.15,627.35,0.0,4.0,1.0,0.0,4.75,36.3,0.0
739739,InfraPoint Analytics 1,Financial Services,Brazil,13,2023-08-08 09:21:21,Starter,3,0,2,1,3,active,36.0,2023-08-08 09:21:21,,1.0,,9,327.96,36.44,327.96,0.0,0.0,6.0,2.0,1.0,3.6,33.4,1.0
873654,GridLogic Technologies 1,Financial Services,United Kingdom,158,2025-08-01 15:47:20,Business,85,15,55,15,86,active,3784.0,2025-08-01 15:47:20,,0.99,,6,22512.89,3752.15,18885.73,3627.16,0.0,5.0,1.0,0.0,4.2,55.12,0.0
248542,Xenon Analytics Analytics,Software,Brazil,3,2025-02-06 23:40:53,Starter,2,0,2,0,3,active,36.0,2025-02-06 23:40:53,,0.67,,12,424.45,35.37,353.06,71.39,0.0,4.0,1.0,0.0,4.25,43.03,0.0
669720,Relay Systems Systems 1,Education,Canada,315,2023-05-14 07:01:01,Business,116,24,74,18,124,active,5456.0,2023-05-14 07:01:01,,0.94,,20,108719.62,5435.98,92145.93,5659.78,5943.87,6.0,1.0,1.0,4.8,41.3,1.0
740262,GridLogic Digital 1,Software,Brazil,17,2024-11-23 09:35:23,Starter,3,0,1,2,5,past_due,60.0,2024-11-23 09:35:23,,0.6,,17,1015.01,59.71,896.05,0.0,60.18,5.0,1.0,0.0,4.2,22.02,0.0
824578,InfraPoint Group,Software,Australia,40,2025-07-29 19:00:07,Growth,16,2,9,5,25,active,600.0,2025-07-29 19:00:07,,0.64,,18,10809.23,600.51,10809.23,0.0,0.0,3.0,0.0,0.0,5.0,27.5,1.0
318405,CloudPeak Systems Holdings 1,Manufacturing,United Kingdom,23,2024-02-27 08:20:37,Starter,3,0,2,1,4,active,48.0,2024-02-27 08:20:37,,0.75,,16,772.7,48.29,723.62,49.08,0.0,7.0,0.0,0.0,4.0,82.4,0.0
796619,ZeroFriction Analytics 1,Education,India,80,2024-03-24 14:31:12,Growth,17,1,15,1,19,active,456.0,2024-03-24 14:31:12,,0.89,,12,5384.1,448.68,4454.61,0.0,0.0,7.0,2.0,1.0,3.71,43.9,0.0
170417,StackBase Works,Financial Services,Netherlands,52,2025-04-08 20:59:01,Growth,29,4,19,6,37,active,888.0,2025-04-08 20:59:01,,0.78,,17,15014.08,883.18,13248.32,918.38,847.38,7.0,0.0,1.0,4.14,41.16,0.0
600864,StackBase Works 2,Financial Services,France,7,2024-02-23 13:21:50,Starter,4,0,1,3,4,active,48.0,2024-02-23 13:21:50,,1.0,,10,474.66,47.47,431.96,0.0,0.0,5.0,0.0,1.0,3.0,47.1,1.0
120608,Envoy Platforms Networks,Financial Services,Canada,8,2024-08-08 09:18:41,Starter,3,0,1,2,4,active,48.0,2024-08-08 09:18:41,,0.75,,7,340.43,48.63,287.28,0.0,53.15,3.0,1.0,0.0,3.67,30.37,0.0
805099,Catalyst CRM Partners 1,Healthcare,Canada,3,2024-11-23 19:04:52,Starter,2,0,1,1,3,active,36.0,2024-11-23 19:04:52,,0.67,,13,471.41,36.26,401.44,69.97,0.0,8.0,3.0,1.0,3.88,37.83,0.0
218019,Gradient Labs Analytics,Healthcare,France,6,2025-01-23 17:58:25,Starter,5,0,5,0,6,active,72.0,2025-01-23 17:58:25,,0.83,,14,995.54,71.11,927.07,0.0,0.0,3.0,1.0,0.0,3.0,27.13,0.0
810060,Momentum Tools Labs,Healthcare,Brazil,11,2024-02-21 13:25:58,Starter,4,1,3,0,4,active,48.0,2024-02-21 13:25:58,,1.0,,9,431.2,47.91,336.1,47.48,0.0,4.0,0.0,1.0,3.5,33.28,0.0
641276,Relay Systems Works 2,Software,India,29,2024-09-12 19:52:03,Growth,7,0,7,0,7,active,168.0,2024-09-12 19:52:03,,1.0,,13,2216.52,170.5,2059.08,157.44,0.0,2.0,0.0,0.0,4.5,50.25,0.0
952954,Kinetic AI,Software,France,32,2023-08-03 20:58:36,Growth,19,5,9,5,19,churned,456.0,2023-08-03 20:58:36,2024-04-04 20:58:36,1.0,245.0,16,7245.06,452.82,6314.19,439.49,0.0,5.0,0.0,0.0,3.6,49.86,0.0
952233,Omnisend Analytics 1,Retail,Australia,27,2024-05-31 10:30:51,Growth,20,3,14,3,24,active,576.0,2024-05-31 10:30:51,,0.83,,21,12047.29,573.68,10303.49,1743.8,0.0,8.0,3.0,0.0,2.8,22.66,3.0
188341,Inline Systems Collective 1,Software,Australia,13,2024-03-18 15:44:55,Starter,5,2,2,1,7,active,84.0,2024-03-18 15:44:55,,0.71,,9,776.76,86.31,692.15,0.0,0.0,4.0,1.0,0.0,3.5,49.55,0.0
919065,Axiom Labs Technologies,Software,Netherlands,69,2023-12-20 17:57:06,Growth,24,2,20,2,26,churned,624.0,2023-12-20 17:57:06,2024-10-25 17:57:06,0.92,310.0,9,5577.11,619.68,5577.11,0.0,0.0,4.0,1.0,1.0,3.5,45.95,0.0
332026,NexusOne Systems,Retail,United States,3,2024-10-16 18:10:53,Starter,2,1,1,0,3,active,36.0,2024-10-16 18:10:53,,0.67,,12,432.3,36.03,331.52,100.78,0.0,4.0,1.0,0.0,4.75,45.15,0.0
631096,LaunchPad HQ Holdings 1,Software,United States,3,2023-11-20 07:50:34,Starter,2,1,1,0,3,active,36.0,2023-11-20 07:50:34,,0.67,,13,470.26,36.17,432.19,38.07,0.0,6.0,0.0,0.0,4.0,50.18,1.0
883487,CloudPeak Systems Holdings,Software,Brazil,23,2024-07-20 11:13:17,Starter,4,1,3,0,7,active,84.0,2024-07-20 11:13:17,,0.57,,12,998.82,83.24,919.56,79.26,0.0,4.0,1.0,0.0,4.25,53.33,0.0
540658,CloudPeak Systems Systems,Logistics,India,22,2024-07-28 10:04:46,Starter,5,1,1,3,5,active,60.0,2024-07-28 10:04:46,,1.0,,8,479.91,59.99,422.73,0.0,0.0,6.0,0.0,0.0,3.4,44.72,1.0
620640,QueryForge Systems,Manufacturing,France,72,2023-12-29 18:33:31,Growth,13,3,8,2,19,active,456.0,2023-12-29 18:33:31,,0.68,,14,6442.84,460.2,5947.43,495.41,0.0,5.0,1.0,1.0,3.6,28.72,0.0
165228,LaunchPad HQ Labs,Retail,United Kingdom,88,2023-05-19 09:39:40,Growth,17,4,11,2,27,active,648.0,2023-05-19 09:39:40,,0.63,,11,7022.15,638.38,7022.15,0.0,0.0,4.0,2.0,0.0,3.75,44.35,0.0
499802,HubStack Systems,Software,Australia,10,2024-01-15 12:26:04,Starter,5,1,3,1,7,churned,84.0,2024-01-15 12:26:04,2024-10-12 12:26:04,0.71,271.0,16,1343.46,83.97,1176.44,0.0,82.08,,,,,,
207113,Lattice HQ Group 1,Financial Services,Australia,11,2025-03-04 10:18:23,Starter,6,2,2,2,10,trialing,120.0,2025-03-04 10:18:23,,0.6,,10,1211.78,121.18,1211.78,0.0,0.0,6.0,0.0,1.0,3.6,56.5,1.0
792694,Beacon Software Analytics,Software,Canada,77,2025-04-23 11:25:28,Growth,29,6,17,6,45,active,1080.0,2025-04-23 11:25:28,,0.64,,13,14290.31,1099.25,13221.66,1068.65,0.0,2.0,1.0,0.0,5.0,31.35,0.0
372607,QueryForge Solutions 1,Manufacturing,Netherlands,31,2025-06-30 18:54:22,Growth,24,4,16,4,24,active,576.0,2025-06-30 18:54:22,,1.0,,7,3955.23,565.03,3380.77,574.46,0.0,6.0,1.0,0.0,4.5,31.3,0.0
618152,Amplitude Corp Networks 2,Financial Services,Netherlands,204,2025-08-29 15:01:17,Business,35,6,22,7,38,active,1672.0,2025-08-29 15:01:17,,0.92,,11,18572.37,1688.4,18572.37,0.0,0.0,7.0,1.0,0.0,3.83,22.83,1.0
514217,WorksiteOS Industries,Healthcare,United States,36,2025-07-27 10:40:54,Growth,27,4,18,5,30,active,720.0,2025-07-27 10:40:54,,0.9,,13,9417.34,724.41,6571.67,2102.19,743.48,10.0,1.0,0.0,4.1,38.67,0.0
170008,Basecamp Analytics Group 1,Manufacturing,Germany,174,2025-01-30 09:01:14,Business,26,4,14,8,47,active,2068.0,2025-01-30 09:01:14,,0.55,,14,29307.11,2093.37,25066.86,0.0,2142.04,7.0,1.0,0.0,4.57,39.33,0.0
813618,HubStack Analytics,Software,Brazil,10,2025-07-28 16:32:35,Starter,1,1,0,0,2,active,24.0,2025-07-28 16:32:35,,0.5,,7,166.85,23.84,141.99,24.86,0.0,5.0,2.0,0.0,3.75,28.83,1.0
662747,ZeroFriction Group,Manufacturing,Brazil,1173,2025-01-23 07:20:26,Enterprise,214,40,127,47,228,active,18012.0,2025-01-23 07:20:26,,0.94,,19,337565.34,17766.6,319705.94,17859.4,0.0,4.0,1.0,1.0,3.25,46.6,0.0
261774,Keystroke AI Labs,Education,Brazil,108,2025-06-14 19:40:24,Growth,5,3,2,0,8,active,192.0,2025-06-14 19:40:24,,0.63,,10,1906.59,190.66,1710.18,196.41,0.0,7.0,0.0,0.0,4.71,68.84,0.0
557850,JetMetrics Works 2,Software,United Kingdom,99,2023-10-25 12:10:44,Business,78,8,55,15,99,active,4356.0,2023-10-25 12:10:44,,0.79,,12,53203.84,4433.65,53203.84,0.0,0.0,3.0,1.0,1.0,5.0,36.8,0.0
218565,FunnelSoft Software,Logistics,United States,4,2023-11-12 16:16:07,Starter,4,0,4,0,4,churned,48.0,2023-11-12 16:16:07,2024-10-28 16:16:07,1.0,351.0,14,687.31,49.09,591.12,51.4,0.0,7.0,0.0,1.0,4.43,35.16,0.0
415716,ZeroFriction Holdings,Logistics,India,14,2023-12-12 10:02:00,Starter,2,1,1,0,3,churned,36.0,2023-12-12 10:02:00,2025-02-17 10:02:00,0.67,433.0,10,368.65,36.87,295.23,0.0,73.42,3.0,1.0,0.0,4.33,17.53,0.0
254564,Unified Ops Networks 1,Logistics,Canada,255,2024-05-23 16:05:16,Business,95,21,58,16,101,trialing,4444.0,2024-05-23 16:05:16,,0.94,,12,53342.65,4445.22,39893.27,9240.72,4208.66,4.0,0.0,0.0,4.0,77.9,0.0
145314,Amplitude Corp Analytics 1,Retail,Netherlands,11,2024-12-29 08:04:28,Starter,3,1,1,1,4,trialing,48.0,2024-12-29 08:04:28,,0.75,,7,334.08,47.73,284.55,0.0,0.0,2.0,0.0,0.0,4.5,66.1,0.0
665974,GridLogic Collective,Software,India,7,2024-02-03 07:27:50,Starter,2,0,1,1,3,active,36.0,2024-02-03 07:27:50,,0.67,,11,391.45,35.59,358.78,32.67,0.0,2.0,0.0,0.0,4.0,71.8,1.0
516432,InfraPoint Analytics,Financial Services,Netherlands,57,2025-05-22 10:47:41,Growth,27,4,18,5,28,active,672.0,2025-05-22 10:47:41,,0.96,,15,10195.98,679.73,7456.6,2035.59,703.79,4.0,1.0,0.0,4.0,35.43,0.0
196472,TriggerPoint Software,Retail,India,26,2023-07-15 11:05:50,Growth,15,1,7,7,22,active,528.0,2023-07-15 11:05:50,,0.68,,14,7635.92,545.42,7106.21,529.71,0.0,7.0,2.0,2.0,4.0,21.08,1.0
832087,Lattice HQ Solutions 1,Manufacturing,Brazil,31,2025-05-17 17:51:55,Growth,10,4,4,2,15,active,360.0,2025-05-17 17:51:55,,0.67,,17,6085.62,357.98,4648.21,713.04,0.0,6.0,1.0,0.0,4.2,41.24,1.0
139506,Kinetic AI Works 2,Financial Services,Brazil,22,2025-05-06 10:46:21,Starter,3,0,3,0,4,active,48.0,2025-05-06 10:46:21,,0.75,,9,433.15,48.13,383.66,49.49,0.0,10.0,1.0,1.0,4.0,28.18,1.0
199248,Basecamp Analytics Systems 2,Retail,Brazil,216,2025-08-22 13:02:39,Business,83,20,42,21,92,active,4048.0,2025-08-22 13:02:39,,0.9,,18,73169.55,4064.98,64967.49,8202.06,0.0,6.0,1.0,0.0,3.83,51.72,0.0
728261,Keystroke AI Software,Manufacturing,Germany,22,2023-07-18 12:52:59,Starter,7,2,5,0,8,active,96.0,2023-07-18 12:52:59,,0.88,,12,1151.43,95.95,959.66,96.46,95.31,2.0,0.0,0.0,3.5,59.05,0.0
874496,Amplitude Corp Software,Retail,Germany,181,2024-11-11 12:19:06,Business,30,4,23,3,35,active,1540.0,2024-11-11 12:19:06,,0.86,,7,10557.58,1508.23,9054.59,1502.99,0.0,4.0,0.0,0.0,4.5,38.1,0.0
918351,ZeroFriction Collective,Logistics,Brazil,31,2024-06-17 07:53:10,Starter,7,3,4,0,7,active,84.0,2024-06-17 07:53:10,,1.0,,15,1234.81,82.32,1157.99,0.0,76.82,5.0,1.0,0.0,3.2,27.86,0.0
183180,Deployly Holdings 1,Logistics,United Kingdom,35,2023-01-09 14:45:52,Growth,11,2,9,0,15,active,360.0,2023-01-09 14:45:52,,0.73,,11,4035.11,366.83,4035.11,0.0,0.0,2.0,1.0,0.0,3.0,28.4,1.0
914996,Momentum Tools Analytics 1,Software,United Kingdom,114,2024-05-11 08:23:40,Growth,21,3,15,3,30,active,720.0,2024-05-11 08:23:40,,0.7,,13,9535.63,733.51,8777.33,758.3,0.0,2.0,0.0,1.0,4.5,50.85,0.0
597592,LaunchPad HQ Group 1,Manufacturing,Japan,34,2023-08-22 18:43:33,Growth,13,1,10,2,17,active,408.0,2023-08-22 18:43:33,,0.76,,17,6952.38,408.96,6505.01,447.37,0.0,2.0,1.0,0.0,5.0,24.25,0.0
175177,LaunchPad HQ Labs 1,Manufacturing,Japan,13,2025-02-07 20:46:52,Starter,3,0,3,0,3,active,36.0,2025-02-07 20:46:52,,1.0,,8,296.0,37.0,296.0,0.0,0.0,6.0,2.0,0.0,4.5,26.02,0.0
793847,NexusOne Works,Financial Services,Germany,25,2025-05-08 13:01:43,Growth,16,2,9,5,25,active,600.0,2025-05-08 13:01:43,,0.64,,16,9595.01,599.69,9015.34,579.67,0.0,2.0,1.0,0.0,2.5,26.9,0.0
460814,YieldMetrics Industries,Software,Australia,3,2023-05-09 13:46:34,Starter,3,0,2,1,3,active,36.0,2023-05-09 13:46:34,,1.0,,6,209.85,34.98,209.85,0.0,0.0,5.0,0.0,0.0,4.25,42.48,1.0
610566,Catalyst CRM Digital,Education,Netherlands,52,2025-04-01 11:05:45,Growth,9,3,4,2,14,active,336.0,2025-04-01 11:05:45,,0.64,,16,5224.98,326.56,4861.59,363.39,0.0,3.0,0.0,1.0,4.0,16.17,0.0
216101,TriggerPoint Digital 1,Software,Brazil,15,2023-08-08 00:27:09,Starter,2,2,0,0,2,active,24.0,2023-08-08 00:27:09,,1.0,,8,194.23,24.28,145.92,23.54,0.0,7.0,0.0,0.0,4.17,44.3,1.0
153122,Unified Ops Group 2,Healthcare,United States,22,2023-05-11 08:10:39,Starter,4,0,3,1,4,active,48.0,2023-05-11 08:10:39,,1.0,,12,579.97,48.33,428.68,104.87,46.42,3.0,0.0,1.0,5.0,48.97,0.0
600774,Basecamp Analytics,Manufacturing,United States,462,2024-09-01 10:44:21,Business,52,11,35,6,73,active,3212.0,2024-09-01 10:44:21,,0.71,,15,48345.69,3223.05,45030.01,3315.68,0.0,8.0,3.0,1.0,3.88,34.8,0.0
812313,Gradient Labs,Financial Services,Canada,21,2023-08-02 16:25:40,Starter,8,1,3,4,8,active,96.0,2023-08-02 16:25:40,,1.0,,17,1622.91,95.47,1622.91,0.0,0.0,6.0,1.0,0.0,4.25,62.7,2.0
617646,GridLogic Group,Logistics,United Kingdom,30,2023-02-26 12:28:50,Growth,10,2,8,0,14,active,336.0,2023-02-26 12:28:50,,0.71,,8,2693.15,336.64,2017.12,0.0,676.03,4.0,1.0,1.0,4.5,19.7,0.0
886365,Basecamp Analytics Holdings,Financial Services,France,225,2024-03-25 08:56:04,Business,47,5,35,7,57,active,2508.0,2024-03-25 08:56:04,,0.82,,21,52328.49,2491.83,49823.2,2505.29,0.0,4.0,0.0,0.0,4.25,44.68,0.0
441792,Lattice HQ Systems 1,Software,Australia,119,2023-09-06 09:30:02,Growth,25,8,10,7,30,active,720.0,2023-09-06 09:30:02,,0.83,,11,7595.43,690.49,6126.64,704.53,0.0,4.0,2.0,0.0,4.0,55.13,1.0
341901,TriggerPoint Labs,Healthcare,Japan,22,2025-01-23 09:58:31,Starter,5,2,2,1,6,active,72.0,2025-01-23 09:58:31,,0.83,,15,1073.65,71.58,793.36,213.14,0.0,3.0,2.0,0.0,4.0,32.5,1.0
315175,HubStack Industries,Healthcare,Brazil,19,2024-05-01 16:47:49,Starter,3,0,2,1,5,active,60.0,2024-05-01 16:47:49,,0.6,,10,598.23,59.82,476.87,121.36,0.0,3.0,1.0,0.0,4.33,60.67,0.0
118948,Amplitude Corp Systems,Software,Brazil,16,2023-07-05 13:49:30,Starter,8,1,5,2,9,active,108.0,2023-07-05 13:49:30,,0.89,,12,1310.13,109.18,1206.76,0.0,0.0,6.0,2.0,0.0,4.5,36.95,2.0
471767,StackBase Analytics,Healthcare,Brazil,20,2023-06-22 19:59:19,Starter,6,1,2,3,7,active,84.0,2023-06-22 19:59:19,,0.86,,10,818.44,81.84,741.46,76.98,0.0,4.0,1.0,0.0,3.75,29.83,0.0
854467,Omnisend Partners 1,Healthcare,Netherlands,30,2024-05-14 09:21:07,Growth,18,4,12,2,30,active,720.0,2024-05-14 09:21:07,,0.6,,12,8927.84,743.99,7392.17,0.0,1535.67,7.0,1.0,0.0,3.14,45.56,0.0
689717,Amplitude Corp Digital,Software,Netherlands,4,2024-10-26 11:32:53,Starter,3,0,3,0,4,active,48.0,2024-10-26 11:32:53,,0.75,,6,283.4,47.23,238.96,44.44,0.0,4.0,0.0,1.0,4.33,32.7,1.0
540749,MeshWorks Labs 1,Financial Services,Germany,5,2023-12-21 11:38:16,Starter,1,0,1,0,2,active,24.0,2023-12-21 11:38:16,,0.5,,13,307.53,23.66,285.18,22.35,0.0,1.0,0.0,0.0,5.0,28.0,0.0
586292,CloudPeak Systems Group,Financial Services,Canada,5,2025-09-08 11:47:42,Starter,3,0,3,0,3,past_due,36.0,2025-09-08 11:47:42,,1.0,,15,539.62,35.97,503.66,35.96,0.0,2.0,0.0,0.0,4.0,25.6,1.0
108657,Basecamp Analytics Works 2,Financial Services,Germany,32,2025-04-11 07:55:39,Growth,21,2,15,4,25,active,600.0,2025-04-11 07:55:39,,0.84,,15,9113.01,607.53,8502.86,610.15,0.0,2.0,1.0,0.0,3.5,10.45,0.0
174373,StackBase Networks 1,Retail,Germany,52,2023-01-01 07:39:54,Growth,16,5,9,2,18,churned,432.0,2023-01-01 07:39:54,2023-03-05 07:39:54,0.89,63.0,9,4022.74,446.97,3522.84,0.0,0.0,6.0,1.0,1.0,3.4,22.84,1.0
768193,FlowState,Healthcare,Germany,118,2025-04-07 13:11:32,Growth,28,4,17,7,29,active,696.0,2025-04-07 13:11:32,,0.97,,13,8966.51,689.73,8252.97,713.54,0.0,6.0,0.0,0.0,4.0,60.58,0.0
908690,InfraPoint Holdings,Manufacturing,Brazil,41,2024-02-04 08:35:23,Growth,34,4,26,4,35,past_due,840.0,2024-02-04 08:35:23,,0.97,,12,10265.17,855.43,7716.16,832.6,0.0,11.0,2.0,1.0,4.45,21.16,0.0
357563,Relay Systems Works,Healthcare,Japan,8,2024-02-25 09:41:21,Growth,8,1,7,0,8,active,192.0,2024-02-25 09:41:21,,1.0,,4,762.11,190.53,762.11,0.0,0.0,3.0,0.0,0.0,3.0,45.03,0.0
351475,Xenon Analytics Holdings,Software,Brazil,11,2023-09-02 12:33:04,Starter,4,1,3,0,7,active,84.0,2023-09-02 12:33:04,,0.57,,8,681.47,85.18,681.47,0.0,0.0,3.0,1.0,0.0,4.0,13.8,0.0
678569,Kinetic AI Analytics,Healthcare,Netherlands,43,2024-10-19 17:19:12,Growth,33,7,19,7,33,active,792.0,2024-10-19 17:19:12,,1.0,,13,10426.42,802.03,7177.49,1660.06,786.95,3.0,0.0,0.0,4.0,56.4,0.0
863793,Catalyst CRM Analytics 1,Retail,Canada,15,2024-01-12 12:04:13,Starter,8,0,2,6,8,past_due,96.0,2024-01-12 12:04:13,,1.0,,19,1767.04,93.0,1489.28,182.49,95.27,2.0,1.0,0.0,4.5,18.6,0.0
441844,Deployly Partners,Software,France,97,2023-06-16 03:50:11,Growth,19,4,10,5,29,active,696.0,2023-06-16 03:50:11,,0.66,,11,7638.19,694.38,6239.28,1398.91,0.0,4.0,0.0,0.0,3.75,42.03,0.0
236391,Beacon Software Digital,Retail,Canada,416,2023-01-31 13:59:48,Business,58,5,40,13,92,active,4048.0,2023-01-31 13:59:48,,0.63,,10,40380.85,4038.09,40380.85,0.0,0.0,5.0,2.0,1.0,3.8,18.34,0.0
543184,Lattice HQ Analytics 1,Financial Services,Netherlands,21,2023-12-10 10:17:07,Starter,2,1,1,0,4,active,48.0,2023-12-10 10:17:07,,0.5,,13,606.32,46.64,560.13,0.0,0.0,4.0,1.0,1.0,4.67,22.73,1.0
427620,Keystroke AI Solutions,Manufacturing,Australia,92,2024-11-01 14:15:21,Growth,25,6,14,5,30,churned,720.0,2024-11-01 14:15:21,2025-03-18 14:15:21,0.83,137.0,13,9218.45,709.11,9218.45,0.0,0.0,8.0,1.0,0.0,4.0,49.63,1.0
558639,NodeSync Digital,Manufacturing,United Kingdom,10,2024-01-23 12:18:03,Starter,3,2,1,0,5,active,60.0,2024-01-23 12:18:03,,0.6,,5,288.79,57.76,172.43,62.42,53.94,8.0,2.0,2.0,4.83,21.43,2.0
355983,HubStack Systems 2,Logistics,Canada,73,2024-10-27 11:11:33,Growth,8,3,2,3,11,active,264.0,2024-10-27 11:11:33,,0.73,,10,2623.45,262.35,2623.45,0.0,0.0,8.0,3.0,1.0,4.17,26.17,2.0
581789,Unified Ops Labs 1,Education,Netherlands,11,2024-12-17 18:08:20,Starter,7,3,4,0,11,active,132.0,2024-12-17 18:08:20,,0.64,,8,1082.79,135.35,675.44,136.04,138.74,2.0,0.0,0.0,3.5,45.45,0.0
198781,Envoy Platforms Labs,Software,France,23,2024-09-10 14:23:19,Starter,6,1,4,1,7,active,84.0,2024-09-10 14:23:19,,0.86,,18,1495.95,83.11,1330.06,82.91,82.98,9.0,2.0,0.0,3.63,45.1,1.0
693331,Lattice HQ Labs 2,Logistics,France,20,2023-08-10 09:04:53,Starter,2,0,1,1,3,active,36.0,2023-08-10 09:04:53,,0.67,,14,501.63,35.83,501.63,0.0,0.0,4.0,1.0,0.0,4.33,46.6,1.0
591895,GridLogic Works,Healthcare,United Kingdom,10,2024-08-03 16:17:34,Starter,7,0,6,1,9,active,108.0,2024-08-03 16:17:34,,0.78,,8,871.03,108.88,767.53,103.5,0.0,3.0,0.0,0.0,3.67,34.73,0.0
387432,Keystroke AI Labs 2,Healthcare,India,55,2025-09-15 10:35:00,Growth,19,3,13,3,20,active,480.0,2025-09-15 10:35:00,,0.95,,11,5244.51,476.77,3287.76,1446.65,0.0,2.0,1.0,0.0,4.0,52.4,0.0
312337,Amplitude Corp Holdings,Logistics,Germany,21,2023-10-10 11:27:06,Starter,3,2,0,1,6,active,72.0,2023-10-10 11:27:06,,0.5,,18,1276.72,70.93,1052.21,79.01,71.89,7.0,0.0,2.0,4.14,44.83,0.0
406504,FlowState Group,Education,Netherlands,450,2025-07-24 19:39:19,Business,53,8,38,7,67,active,2948.0,2025-07-24 19:39:19,,0.79,,9,25531.83,2836.87,17036.21,8495.62,0.0,4.0,0.0,1.0,4.75,28.6,0.0
359105,Omnisend Digital 1,Financial Services,Germany,29,2024-05-05 08:50:45,Growth,22,4,12,6,29,active,696.0,2024-05-05 08:50:45,,0.76,,9,6020.74,668.97,4676.03,625.17,719.54,5.0,1.0,1.0,4.8,36.74,0.0
626504,VaultStream Analytics 1,Retail,United Kingdom,22,2023-09-28 10:21:51,Starter,6,1,3,2,9,churned,108.0,2023-09-28 10:21:51,2024-12-25 10:21:51,0.67,454.0,14,1521.46,108.68,1287.6,233.86,0.0,3.0,1.0,0.0,2.33,10.13,0.0
877086,InfraPoint Collective,Healthcare,Japan,31,2025-07-20 07:55:37,Growth,18,4,10,4,22,active,528.0,2025-07-20 07:55:37,,0.82,,18,9794.52,544.14,7638.55,512.06,1097.41,4.0,1.0,0.0,4.5,86.55,0.0
181128,GridLogic Solutions 1,Financial Services,Canada,26,2023-09-16 08:23:39,Growth,15,3,7,5,24,active,576.0,2023-09-16 08:23:39,,0.63,,13,7460.42,573.88,6874.39,586.03,0.0,5.0,0.0,0.0,3.5,62.05,1.0
744158,GridLogic Partners 1,Logistics,France,412,2024-03-23 19:53:15,Business,14,3,8,3,25,active,1100.0,2024-03-23 19:53:15,,0.56,,11,11858.89,1078.08,10719.29,1139.6,0.0,2.0,0.0,0.0,3.0,41.35,0.0
194356,Kinetic AI Collective 1,Healthcare,Canada,20,2025-08-23 13:15:28,Starter,3,1,1,1,3,active,36.0,2025-08-23 13:15:28,,1.0,,6,216.27,36.05,180.44,35.83,0.0,5.0,0.0,0.0,3.0,47.06,0.0
216530,DataBridge Pro Group 1,Manufacturing,Netherlands,7,2024-04-22 07:17:41,Starter,6,0,5,1,7,active,84.0,2024-04-22 07:17:41,,0.86,,12,979.52,81.63,889.32,90.2,0.0,8.0,0.0,0.0,4.13,65.55,0.0
604126,LaunchPad HQ Software 1,Software,Netherlands,8,2025-03-25 07:46:46,Starter,4,0,4,0,4,active,48.0,2025-03-25 07:46:46,,1.0,,15,733.62,48.91,532.51,55.72,97.07,3.0,0.0,0.0,4.67,31.63,0.0
951550,Junction Cloud Group,Financial Services,United Kingdom,8,2023-08-04 09:09:50,Starter,2,0,2,0,3,active,36.0,2023-08-04 09:09:50,,0.67,,15,542.06,36.14,503.92,38.14,0.0,6.0,2.0,0.0,4.6,40.38,1.0
613449,Catalyst CRM Collective,Logistics,France,25,2025-04-01 10:37:48,Growth,9,3,5,1,10,active,240.0,2025-04-01 10:37:48,,0.9,,15,3620.99,241.4,3620.99,0.0,0.0,4.0,0.0,0.0,3.5,31.28,0.0
203860,Amplitude Corp Solutions 2,Retail,Australia,29,2025-04-15 12:08:45,Growth,21,6,14,1,25,active,600.0,2025-04-15 12:08:45,,0.84,,15,8901.06,593.4,8350.31,0.0,550.75,3.0,0.0,0.0,3.0,26.1,2.0
551362,PipelineIO Industries,Financial Services,Japan,36,2023-09-04 09:02:41,Growth,30,2,22,6,36,active,864.0,2023-09-04 09:02:41,,0.83,,10,8781.78,878.18,7818.27,963.51,0.0,3.0,1.0,1.0,4.67,20.83,0.0
313943,Xenon Analytics Group 1,Software,France,84,2025-04-21 15:15:16,Growth,32,5,22,5,41,active,984.0,2025-04-21 15:15:16,,0.78,,19,18722.16,985.38,17765.41,0.0,956.75,3.0,1.0,0.0,4.5,26.35,1.0
241116,Lattice HQ Industries 1,Education,Canada,13,2023-05-11 03:48:25,Starter,3,2,1,0,4,active,48.0,2023-05-11 03:48:25,,0.75,,21,996.67,47.46,899.69,47.38,49.6,4.0,0.0,0.0,4.5,68.08,0.0
943858,EdgeFlow Technologies Technologies 1,Healthcare,Netherlands,43,2023-10-24 08:23:27,Growth,16,6,9,1,19,active,456.0,2023-10-24 08:23:27,,0.84,,11,5098.57,463.51,3227.37,1387.86,0.0,5.0,1.0,0.0,4.2,26.6,0.0
299049,HorizonSaaS Partners,Healthcare,Canada,14,2023-02-01 09:22:30,Starter,6,1,3,2,8,churned,96.0,2023-02-01 09:22:30,2023-07-01 09:22:30,0.75,150.0,5,478.88,95.78,478.88,0.0,0.0,5.0,1.0,1.0,4.0,30.52,0.0
516478,QueryForge,Retail,Japan,3,2024-06-04 08:09:21,Starter,2,0,1,1,3,active,36.0,2024-06-04 08:09:21,,0.67,,11,390.11,35.46,353.5,36.61,0.0,3.0,2.0,0.0,4.0,15.27,0.0
404963,GridLogic Software 1,Education,Canada,30,2023-11-22 08:44:37,Growth,15,1,12,2,25,active,600.0,2023-11-22 08:44:37,,0.6,,9,5251.51,583.5,5251.51,0.0,0.0,7.0,3.0,0.0,4.67,43.02,1.0
768839,MeshWorks Systems,Software,United Kingdom,3,2025-07-14 14:39:10,Starter,1,0,1,0,1,active,12.0,2025-07-14 14:39:10,,1.0,,15,180.83,12.06,180.83,0.0,0.0,8.0,1.0,0.0,4.0,55.25,2.0
977420,NodeSync Industries 1,Healthcare,Japan,11,2025-08-26 13:56:35,Starter,2,1,1,0,2,active,24.0,2025-08-26 13:56:35,,1.0,,9,216.35,24.04,216.35,0.0,0.0,6.0,1.0,0.0,4.0,71.66,1.0
333840,GridLogic Technologies,Retail,India,193,2025-03-17 11:33:53,Business,74,9,54,11,77,active,3388.0,2025-03-17 11:33:53,,0.96,,11,36505.65,3318.7,33441.23,3064.42,0.0,4.0,1.0,1.0,5.0,20.0,1.0
810968,QueryForge Works,Financial Services,Brazil,13,2023-06-15 11:41:25,Growth,8,1,3,4,13,churned,312.0,2023-06-15 11:41:25,2023-09-04 11:41:25,0.62,81.0,7,2197.54,313.93,1883.41,314.13,0.0,1.0,0.0,0.0,5.0,29.4,0.0
177009,Junction Cloud Partners,Education,Netherlands,19,2024-08-29 06:49:28,Starter,2,0,2,0,2,churned,24.0,2024-08-29 06:49:28,2025-09-20 06:49:28,1.0,387.0,10,239.7,23.97,239.7,0.0,0.0,7.0,0.0,1.0,3.43,31.76,0.0
393362,FlowState Industries,Software,United Kingdom,25,2023-08-01 09:27:52,Growth,24,1,17,6,25,active,600.0,2023-08-01 09:27:52,,0.96,,9,5271.03,585.67,4029.28,634.63,0.0,5.0,1.0,1.0,2.6,47.98,0.0
940445,Amplitude Corp Software 1,Software,Netherlands,12,2023-01-15 15:00:49,Starter,10,0,9,1,12,active,144.0,2023-01-15 15:00:49,,0.83,,14,2055.36,146.81,1908.56,146.8,0.0,4.0,0.0,0.0,4.5,31.73,0.0
368540,WorksiteOS Collective,Financial Services,Canada,9,2023-08-19 16:23:30,Starter,4,0,4,0,6,active,72.0,2023-08-19 16:23:30,,0.67,,19,1349.24,71.01,1284.23,0.0,0.0,9.0,2.0,2.0,3.5,35.83,3.0
270148,Axiom Labs,Retail,Australia,38,2024-07-05 08:47:08,Growth,37,11,18,8,38,active,912.0,2024-07-05 08:47:08,,0.97,,8,7450.86,931.36,7450.86,0.0,0.0,4.0,1.0,0.0,5.0,21.97,1.0
457960,Unified Ops Digital 2,Manufacturing,Brazil,3,2025-07-11 14:34:26,Starter,2,1,0,1,3,active,36.0,2025-07-11 14:34:26,,0.67,,11,399.07,36.28,399.07,0.0,0.0,7.0,2.0,0.0,4.5,39.37,1.0
836507,Beacon Software Systems,Software,Brazil,9,2024-02-07 17:42:29,Starter,5,0,5,0,9,active,108.0,2024-02-07 17:42:29,,0.56,,18,1918.02,106.56,1918.02,0.0,0.0,6.0,1.0,1.0,3.83,25.6,0.0
216864,Inline Systems Analytics,Healthcare,United Kingdom,11,2023-08-07 07:50:51,Starter,2,1,1,0,2,active,24.0,2023-08-07 07:50:51,,1.0,,18,433.26,24.07,382.81,0.0,50.45,10.0,2.0,0.0,4.1,56.56,0.0
533010,Kinetic AI Industries 1,Healthcare,Japan,35,2024-08-22 19:45:49,Growth,9,2,4,3,12,active,288.0,2024-08-22 19:45:49,,0.75,,14,3900.23,278.59,3900.23,0.0,0.0,,,,,,
669363,PipelineIO Networks,Education,Germany,18,2023-12-10 14:39:34,Starter,4,0,2,2,4,active,48.0,2023-12-10 14:39:34,,1.0,,15,716.92,47.79,625.46,91.46,0.0,2.0,0.0,0.0,3.0,77.3,0.0
814957,ZeroFriction,Software,Brazil,25,2025-06-01 17:09:42,Growth,16,0,12,4,21,active,504.0,2025-06-01 17:09:42,,0.76,,10,4885.76,488.58,3894.68,991.08,0.0,2.0,0.0,0.0,5.0,77.35,0.0
697314,Junction Cloud Technologies,Software,Canada,49,2023-06-05 10:12:29,Growth,15,5,6,4,17,active,408.0,2023-06-05 10:12:29,,0.88,,15,6097.67,406.51,6097.67,0.0,0.0,3.0,1.0,0.0,3.33,25.13,0.0
797764,Unified Ops Technologies 2,Financial Services,France,13,2024-09-14 16:41:56,Starter,7,1,4,2,8,active,96.0,2024-09-14 16:41:56,,0.88,,10,960.04,96.0,768.63,93.78,97.63,2.0,1.0,0.0,3.0,21.5,0.0
301453,Basecamp Analytics Digital 1,Retail,France,5,2025-05-05 13:01:16,Starter,5,0,4,1,5,active,60.0,2025-05-05 13:01:16,,1.0,,18,1087.91,60.44,915.34,172.57,0.0,5.0,0.0,0.0,4.75,57.25,1.0
304212,Unified Ops Group,Retail,United Kingdom,24,2023-02-28 08:41:30,Starter,6,0,6,0,7,past_due,84.0,2023-02-28 08:41:30,,0.86,,15,1262.05,84.14,931.58,172.38,72.64,1.0,0.0,0.0,4.0,19.2,0.0
182129,Lattice HQ Solutions,Healthcare,Japan,29,2023-10-09 16:33:43,Growth,12,3,6,3,18,active,432.0,2023-10-09 16:33:43,,0.67,,8,3506.28,438.29,3506.28,0.0,0.0,3.0,2.0,0.0,4.67,21.87,0.0
660322,Inline Systems Software,Financial Services,India,26,2024-08-25 08:54:14,Growth,15,1,9,5,20,active,480.0,2024-08-25 08:54:14,,0.75,,14,6634.87,473.92,6634.87,0.0,0.0,6.0,1.0,1.0,4.0,24.14,1.0
237570,ZeroFriction Group 2,Software,Canada,68,2023-04-11 10:54:13,Growth,11,0,8,3,14,active,336.0,2023-04-11 10:54:13,,0.79,,11,3713.8,337.62,3362.83,0.0,0.0,3.0,0.0,0.0,3.33,47.0,0.0
892691,HubStack Digital 2,Healthcare,Germany,65,2025-07-30 07:29:32,Growth,13,3,10,0,19,active,456.0,2025-07-30 07:29:32,,0.68,,13,6070.87,466.99,5585.19,0.0,485.68,2.0,0.0,0.0,4.0,50.0,0.0
989410,StackBase Software,Manufacturing,France,12,2025-05-22 06:42:55,Starter,1,0,1,0,1,active,12.0,2025-05-22 06:42:55,,1.0,,6,71.2,11.87,59.17,12.03,0.0,6.0,1.0,0.0,4.17,47.78,0.0
391164,HubStack Software,Manufacturing,Brazil,16,2023-10-24 08:24:08,Starter,1,0,1,0,2,past_due,24.0,2023-10-24 08:24:08,,0.5,,12,293.57,24.46,270.49,0.0,0.0,5.0,1.0,0.0,2.6,40.12,0.0
298652,Lattice HQ Analytics,Financial Services,Canada,91,2023-06-28 11:36:45,Growth,26,8,13,5,27,active,648.0,2023-06-28 11:36:45,,0.96,,10,6400.73,640.07,6400.73,0.0,0.0,5.0,0.0,0.0,5.0,44.57,2.0
561696,Basecamp Analytics Labs,Financial Services,India,8,2025-08-27 13:26:53,Starter,3,0,3,0,4,active,48.0,2025-08-27 13:26:53,,0.75,,14,657.92,46.99,567.06,46.4,44.46,4.0,0.0,0.0,4.33,67.63,1.0
451700,Junction Cloud Technologies 1,Healthcare,France,12,2024-12-03 07:38:04,Starter,5,2,2,1,8,active,96.0,2024-12-03 07:38:04,,0.63,,11,1056.62,96.06,1056.62,0.0,0.0,7.0,2.0,1.0,3.17,55.95,1.0
779156,Axiom Labs Partners,Software,Canada,46,2023-11-29 15:00:22,Growth,15,3,11,1,24,active,576.0,2023-11-29 15:00:22,,0.63,,11,6323.67,574.88,5783.94,0.0,539.73,11.0,1.0,2.0,3.73,31.56,0.0
992844,FlowState Networks,Software,France,91,2024-06-17 10:33:17,Growth,10,3,6,1,12,active,288.0,2024-06-17 10:33:17,,0.83,,15,4361.67,290.78,4361.67,0.0,0.0,6.0,0.0,0.0,3.8,37.74,1.0
172596,Gradient Labs Holdings,Logistics,Australia,29,2024-03-08 22:12:58,Growth,13,4,6,3,13,active,312.0,2024-03-08 22:12:58,,1.0,,7,2135.49,305.07,1827.75,0.0,307.74,,,,,,
292435,QueryForge Analytics 1,Financial Services,India,52,2024-12-18 20:22:02,Growth,34,5,28,1,35,active,840.0,2024-12-18 20:22:02,,0.97,,15,12774.54,851.64,11955.18,819.36,0.0,3.0,0.0,0.0,3.0,56.2,0.0
692863,MeshWorks Group,Software,Netherlands,13,2024-06-17 14:07:02,Starter,6,1,4,1,8,active,96.0,2024-06-17 14:07:02,,0.75,,14,1339.49,95.68,1238.11,101.38,0.0,5.0,1.0,0.0,4.33,41.67,2.0
479493,WorksiteOS Works,Healthcare,Japan,17,2023-01-21 10:30:18,Starter,6,2,3,1,9,active,108.0,2023-01-21 10:30:18,,0.67,,12,1275.55,106.3,1168.73,106.82,0.0,3.0,0.0,0.0,2.0,93.6,1.0
549976,Inline Systems Digital 1,Financial Services,Netherlands,292,2025-03-08 13:12:55,Business,28,5,18,5,45,active,1980.0,2025-03-08 13:12:55,,0.62,,11,22383.54,2034.87,22383.54,0.0,0.0,6.0,2.0,1.0,4.2,25.18,1.0
228280,Keystroke AI Systems 1,Education,Canada,115,2025-02-26 15:13:27,Growth,22,4,14,4,25,active,600.0,2025-02-26 15:13:27,,0.88,,18,10638.16,591.01,10058.34,579.82,0.0,8.0,1.0,0.0,3.88,62.7,0.0
912387,PipelineIO Analytics,Education,India,11,2024-09-25 14:16:57,Starter,2,0,0,2,4,active,48.0,2024-09-25 14:16:57,,0.5,,11,532.01,48.36,486.05,45.96,0.0,3.0,0.0,0.0,3.0,71.0,1.0
499701,Xenon Analytics Networks,Financial Services,Brazil,119,2023-05-30 23:28:42,Growth,8,0,8,0,11,active,264.0,2023-05-30 23:28:42,,0.73,,14,3677.0,262.64,2888.59,523.01,0.0,3.0,1.0,0.0,4.67,73.77,0.0
780194,YieldMetrics Analytics,Retail,United States,565,2025-01-14 12:19:45,Business,26,5,15,6,32,active,1408.0,2025-01-14 12:19:45,,0.81,,10,14133.04,1413.3,14133.04,0.0,0.0,4.0,2.0,1.0,3.0,7.75,0.0
240194,DataBridge Pro Systems,Financial Services,Brazil,9,2023-04-10 21:15:40,Starter,7,2,4,1,9,active,108.0,2023-04-10 21:15:40,,0.78,,12,1279.85,106.65,1179.47,100.38,0.0,6.0,2.0,0.0,4.4,17.84,1.0
488220,DataBridge Pro Analytics,Software,Brazil,82,2025-02-21 17:47:51,Growth,9,1,4,4,10,active,240.0,2025-02-21 17:47:51,,0.9,,14,3400.73,242.91,3126.8,273.93,0.0,3.0,0.0,0.0,4.33,41.8,0.0
992229,Beacon Software Holdings 1,Retail,United States,174,2024-11-04 14:02:59,Business,52,11,35,6,61,active,2684.0,2024-11-04 14:02:59,,0.85,,15,39687.2,2645.81,39687.2,0.0,0.0,6.0,1.0,0.0,4.5,63.67,0.0
304113,Envoy Platforms Technologies 1,Logistics,United States,90,2024-05-15 07:44:13,Growth,18,1,10,7,20,active,480.0,2024-05-15 07:44:13,,0.9,,10,4739.05,473.91,4739.05,0.0,0.0,7.0,0.0,2.0,3.57,45.13,0.0
205204,Keystroke AI Technologies 1,Financial Services,United Kingdom,13,2024-11-14 08:57:31,Starter,10,1,7,2,11,active,132.0,2024-11-14 08:57:31,,0.91,,11,1440.17,130.92,917.41,270.47,252.29,2.0,0.0,0.0,2.5,42.9,0.0
969783,QueryForge Group,Healthcare,Japan,58,2025-08-15 14:05:23,Growth,21,4,13,4,25,active,600.0,2025-08-15 14:05:23,,0.84,,12,7240.5,603.38,7240.5,0.0,0.0,1.0,1.0,0.0,5.0,14.4,0.0
623050,ZeroFriction Technologies,Education,United States,7,2025-07-07 08:43:39,Starter,3,1,2,0,5,active,60.0,2025-07-07 08:43:39,,0.6,,12,709.41,59.12,586.34,63.65,0.0,7.0,0.0,2.0,4.17,50.57,1.0
529391,NexusOne Software,Manufacturing,United States,3,2023-08-09 09:03:49,Starter,2,0,1,1,3,active,36.0,2023-08-09 09:03:49,,0.67,,10,363.97,36.4,363.97,0.0,0.0,8.0,3.0,0.0,4.0,51.53,1.0
913140,LaunchPad HQ Systems 1,Manufacturing,Japan,20,2023-04-03 10:13:50,Starter,9,0,4,5,11,active,132.0,2023-04-03 10:13:50,,0.82,,14,1818.76,129.91,1818.76,0.0,0.0,,,,,,
619919,ZeroFriction Systems,Financial Services,United States,12,2024-12-07 10:41:46,Starter,1,0,1,0,2,active,24.0,2024-12-07 10:41:46,,0.5,,8,194.13,24.27,168.04,26.09,0.0,3.0,0.0,0.0,4.33,42.53,0.0
899547,CloudPeak Systems Software,Manufacturing,Netherlands,79,2024-07-01 22:41:47,Growth,11,2,8,1,13,active,312.0,2024-07-01 22:41:47,,0.85,,10,3161.05,316.11,2815.6,0.0,345.45,5.0,2.0,0.0,4.8,27.48,0.0
249442,Lattice HQ Works,Education,Netherlands,257,2024-12-25 21:25:06,Business,71,11,47,13,80,active,3520.0,2024-12-25 21:25:06,,0.89,,12,43443.74,3620.31,36674.04,6769.7,0.0,4.0,2.0,0.0,4.25,56.38,0.0
258458,Xenon Analytics Labs 1,Logistics,Brazil,558,2023-01-01 13:22:10,Business,55,15,30,10,69,active,3036.0,2023-01-01 13:22:10,,0.8,,10,29745.99,2974.6,27003.17,0.0,0.0,2.0,0.0,0.0,5.0,19.8,1.0
731867,Lattice HQ Collective 1,Financial Services,Japan,87,2025-05-01 17:39:46,Growth,31,2,22,7,32,active,768.0,2025-05-01 17:39:46,,0.97,,19,14476.51,761.92,12043.1,1610.0,823.41,9.0,1.0,0.0,4.0,63.75,1.0
505710,CloudPeak Systems Works 2,Software,Netherlands,100,2025-02-19 16:42:24,Growth,16,2,13,1,18,active,432.0,2025-02-19 16:42:24,,0.89,,11,4693.81,426.71,2960.71,1291.71,441.39,5.0,1.0,1.0,3.75,27.6,1.0
492564,Axiom Labs Software,Healthcare,France,71,2024-05-19 16:11:53,Growth,15,1,10,4,16,active,384.0,2024-05-19 16:11:53,,0.94,,16,6019.32,376.21,5660.33,358.99,0.0,4.0,1.0,0.0,3.33,28.63,1.0
153452,Amplitude Corp Industries 2,Healthcare,France,22,2025-02-16 12:22:01,Starter,4,0,2,2,8,active,96.0,2025-02-16 12:22:01,,0.5,,13,1256.76,96.67,968.75,85.1,102.13,9.0,2.0,1.0,3.89,35.83,0.0
356856,EdgeFlow Technologies Industries,Education,Germany,7,2023-11-16 15:01:09,Starter,5,0,4,1,7,active,84.0,2023-11-16 15:01:09,,0.71,,15,1224.01,81.6,1146.78,0.0,0.0,6.0,1.0,0.0,4.67,45.48,0.0
692089,Lattice HQ Partners 1,Financial Services,India,31,2025-07-11 11:06:04,Growth,23,4,11,8,31,active,744.0,2025-07-11 11:06:04,,0.74,,14,10527.53,751.97,8066.44,869.45,0.0,9.0,0.0,0.0,3.6,41.32,4.0
383347,InfraPoint Technologies,Financial Services,Canada,7,2024-04-10 14:21:22,Starter,4,1,2,1,7,active,84.0,2024-04-10 14:21:22,,0.57,,15,1238.16,82.54,1066.16,172.0,0.0,4.0,0.0,0.0,4.0,36.5,0.0
651612,MeshWorks Industries,Education,Canada,11,2025-04-08 14:22:00,Starter,3,0,3,0,5,active,60.0,2025-04-08 14:22:00,,0.6,,14,851.39,60.81,727.33,124.06,0.0,4.0,1.0,0.0,4.75,27.38,0.0
164080,Basecamp Analytics Partners 1,Healthcare,Canada,5,2023-11-05 08:00:40,Starter,4,1,2,1,5,active,60.0,2023-11-05 08:00:40,,0.8,,12,710.45,59.2,654.83,0.0,55.62,5.0,1.0,0.0,4.8,48.74,0.0
299619,EdgeFlow Technologies Partners,Software,France,85,2023-10-20 20:04:44,Growth,15,2,9,4,16,active,384.0,2023-10-20 20:04:44,,0.94,,9,3513.13,390.35,3513.13,0.0,0.0,5.0,0.0,0.0,4.0,64.18,0.0
221118,Xenon Analytics,Logistics,Japan,3,2024-07-22 17:11:47,Starter,2,0,0,2,3,active,36.0,2024-07-22 17:11:47,,0.67,,10,362.47,36.25,289.3,39.52,0.0,4.0,1.0,1.0,3.75,16.73,0.0
607403,Unified Ops Collective,Healthcare,Japan,65,2025-05-27 13:04:05,Growth,18,2,12,4,24,active,576.0,2025-05-27 13:04:05,,0.75,,10,5726.64,572.66,5726.64,0.0,0.0,6.0,1.0,2.0,4.5,36.02,0.0
902628,Xenon Analytics Systems,Manufacturing,Australia,137,2025-05-23 08:55:23,Business,61,11,33,17,71,active,3124.0,2025-05-23 08:55:23,,0.86,,14,43235.08,3088.22,43235.08,0.0,0.0,4.0,1.0,0.0,3.5,33.03,0.0
646309,CloudPeak Systems Technologies,Manufacturing,Brazil,34,2025-01-23 13:31:51,Growth,15,3,10,2,15,active,360.0,2025-01-23 13:31:51,,1.0,,19,6940.05,365.27,6220.41,0.0,367.3,4.0,2.0,0.0,3.75,24.55,0.0
695703,ZeroFriction Group 1,Retail,Brazil,22,2024-09-16 13:55:24,Starter,6,1,3,2,6,active,72.0,2024-09-16 13:55:24,,1.0,,10,735.87,73.59,656.44,0.0,0.0,2.0,0.0,0.0,1.0,117.4,1.0
741646,Deployly Software,Manufacturing,Canada,40,2024-01-12 07:21:12,Growth,24,5,14,5,33,active,792.0,2024-01-12 07:21:12,,0.73,,22,17254.99,784.32,15739.73,1515.26,0.0,5.0,0.0,0.0,4.0,84.74,0.0
620446,Catalyst CRM Industries,Software,Germany,3,2025-05-13 09:11:20,Starter,2,0,0,2,3,active,36.0,2025-05-13 09:11:20,,0.67,,10,356.87,35.69,356.87,0.0,0.0,3.0,1.0,0.0,4.5,59.1,1.0
822504,Omnisend Technologies,Education,United States,37,2023-05-01 09:28:58,Growth,22,3,11,8,28,active,672.0,2023-05-01 09:28:58,,0.79,,8,5465.17,683.15,3382.11,697.54,0.0,4.0,1.0,0.0,4.25,48.48,0.0
362956,HorizonSaaS Systems 1,Software,India,4,2025-01-02 10:18:54,Starter,4,0,3,1,4,active,48.0,2025-01-02 10:18:54,,1.0,,13,622.56,47.89,478.04,95.65,0.0,3.0,0.0,1.0,3.33,28.73,0.0
106212,CloudPeak Systems Digital 1,Retail,India,144,2024-09-08 13:48:54,Business,52,11,30,11,68,active,2992.0,2024-09-08 13:48:54,,0.76,,11,32927.06,2993.37,23924.47,6276.56,2726.03,10.0,4.0,0.0,3.8,45.05,0.0
917868,StackBase Partners 2,Retail,Brazil,6,2025-09-23 12:23:25,Starter,5,1,4,0,6,active,72.0,2025-09-23 12:23:25,,0.83,,19,1369.77,72.09,1006.23,363.54,0.0,7.0,5.0,0.0,4.0,26.24,0.0
398032,Gradient Labs Labs,Software,France,3,2025-09-22 15:49:23,Starter,3,0,3,0,3,active,36.0,2025-09-22 15:49:23,,1.0,,14,501.2,35.8,426.5,38.45,36.25,7.0,0.0,0.0,3.83,37.68,1.0
693667,TriggerPoint Industries,Software,Brazil,44,2023-11-14 16:49:48,Growth,12,4,7,1,22,active,528.0,2023-11-14 16:49:48,,0.55,,16,8569.81,535.61,7492.2,0.0,546.81,7.0,3.0,0.0,3.86,34.23,0.0
393197,Envoy Platforms Works,Manufacturing,Australia,32,2023-06-27 18:42:21,Growth,18,2,12,4,32,active,768.0,2023-06-27 18:42:21,,0.56,,6,4564.9,760.82,3103.27,1461.63,0.0,6.0,0.0,1.0,4.17,59.48,0.0
668250,Catalyst CRM Systems,Logistics,Netherlands,229,2024-04-07 08:44:53,Business,84,20,48,16,98,active,4312.0,2024-04-07 08:44:53,,0.86,,17,72799.87,4282.35,72799.87,0.0,0.0,4.0,1.0,1.0,3.75,36.63,0.0
114026,HorizonSaaS Software 1,Software,Japan,18,2025-06-21 15:48:48,Starter,7,0,4,3,7,active,84.0,2025-06-21 15:48:48,,1.0,,13,1085.57,83.51,921.31,164.26,0.0,7.0,1.0,0.0,3.57,42.29,0.0
189189,CloudPeak Systems Networks,Financial Services,Canada,21,2025-01-10 10:21:58,Growth,16,3,11,2,17,active,408.0,2025-01-10 10:21:58,,0.94,,14,5714.84,408.2,5714.84,0.0,0.0,5.0,1.0,0.0,4.6,38.72,0.0
930679,Amplitude Corp Technologies,Education,France,6,2024-08-12 15:26:30,Starter,3,0,3,0,5,past_due,60.0,2024-08-12 15:26:30,,0.6,,11,661.11,60.1,600.29,60.82,0.0,5.0,1.0,0.0,3.33,26.03,2.0
441439,QueryForge Works 2,Software,Australia,18,2025-02-06 11:40:39,Starter,5,0,4,1,6,trialing,72.0,2025-02-06 11:40:39,,0.83,,15,1086.59,72.44,945.85,0.0,140.74,3.0,0.0,0.0,4.0,116.37,0.0
825599,Beacon Software Industries,Logistics,Brazil,9,2023-12-11 08:11:54,Starter,6,1,5,0,7,active,84.0,2023-12-11 08:11:54,,0.86,,16,1367.26,85.45,1199.56,0.0,167.7,3.0,1.0,0.0,3.5,14.15,1.0
818654,StackBase Labs 1,Software,United Kingdom,4,2024-09-12 15:33:45,Growth,3,1,1,1,4,active,96.0,2024-09-12 15:33:45,,0.75,,9,853.85,94.87,757.65,0.0,96.2,4.0,2.0,0.0,4.75,17.48,0.0
988184,Junction Cloud Holdings,Manufacturing,India,140,2025-07-11 18:22:39,Business,34,9,19,6,38,active,1672.0,2025-07-11 18:22:39,,0.89,,9,15339.35,1704.37,11901.42,3437.93,0.0,4.0,1.0,0.0,3.67,49.57,1.0
203708,Deployly Systems,Financial Services,Canada,90,2025-05-02 08:58:18,Growth,22,5,14,3,23,active,552.0,2025-05-02 08:58:18,,0.96,,9,5093.21,565.91,5093.21,0.0,0.0,6.0,1.0,0.0,4.6,41.46,1.0
113010,Kinetic AI Works,Software,Brazil,8,2024-01-08 23:37:53,Starter,5,0,3,2,5,active,60.0,2024-01-08 23:37:53,,1.0,,9,515.97,57.33,454.47,61.5,0.0,4.0,1.0,0.0,4.0,21.13,1.0
983167,VaultStream Analytics,Retail,United States,104,2024-08-28 09:43:21,Growth,32,4,23,5,40,churned,960.0,2024-08-28 09:43:21,2024-11-02 09:43:21,0.8,66.0,11,10271.67,933.79,10271.67,0.0,0.0,4.0,0.0,0.0,3.33,39.07,1.0
686652,QueryForge Digital,Software,United Kingdom,9,2024-04-17 15:24:29,Starter,4,0,4,0,6,past_due,72.0,2024-04-17 15:24:29,,0.67,,11,775.3,70.48,705.4,69.9,0.0,3.0,1.0,0.0,3.0,24.35,1.0
769943,Deployly Systems 1,Software,Canada,34,2023-01-01 07:26:18,Starter,6,0,5,1,7,active,84.0,2023-01-01 07:26:18,,0.86,,11,923.69,83.97,673.04,164.97,0.0,4.0,0.0,0.0,4.75,67.13,0.0
757620,GridLogic Collective 1,Healthcare,Japan,2232,2023-07-26 09:45:42,Enterprise,175,28,109,38,202,active,15958.0,2023-07-26 09:45:42,,0.87,,11,176449.81,16040.89,144916.63,15852.2,15680.98,5.0,1.0,0.0,3.2,31.46,0.0
171084,Catalyst CRM Works,Manufacturing,India,78,2024-03-13 15:13:51,Growth,37,7,23,7,40,active,960.0,2024-03-13 15:13:51,,0.93,,9,8682.68,964.74,8682.68,0.0,0.0,5.0,0.0,0.0,4.0,61.08,0.0
663683,EdgeFlow Technologies Software,Software,Brazil,18,2025-06-11 09:50:17,Starter,3,0,1,2,4,active,48.0,2025-06-11 09:50:17,,0.75,,13,625.02,48.08,483.35,96.97,44.7,6.0,1.0,0.0,3.8,45.44,1.0
676881,FunnelSoft Digital 1,Software,United Kingdom,19,2024-10-03 13:55:57,Starter,2,0,1,1,3,churned,36.0,2024-10-03 13:55:57,2025-06-19 13:55:57,0.67,259.0,14,508.47,36.32,436.8,71.67,0.0,5.0,2.0,1.0,4.8,18.72,0.0
479242,Keystroke AI Systems,Software,Brazil,69,2025-08-28 15:13:40,Growth,10,0,8,2,10,active,240.0,2025-08-28 15:13:40,,1.0,,19,4599.34,242.07,3869.15,730.19,0.0,2.0,0.0,0.0,4.5,58.65,0.0
605260,HorizonSaaS Industries,Retail,Japan,16,2025-02-23 13:18:21,Starter,3,1,2,0,6,active,72.0,2025-02-23 13:18:21,,0.5,,21,1504.0,71.62,1427.92,76.08,0.0,4.0,0.0,1.0,4.0,34.8,1.0
144659,Inline Systems Holdings,Education,United States,116,2024-09-24 00:46:56,Growth,12,3,8,1,22,active,528.0,2024-09-24 00:46:56,,0.55,,14,7511.77,536.56,6417.96,1093.81,0.0,3.0,2.0,0.0,3.67,29.8,0.0
102347,JetMetrics Labs 1,Software,Brazil,26,2025-03-02 15:27:01,Growth,18,4,13,1,26,active,624.0,2025-03-02 15:27:01,,0.69,,18,11019.89,612.22,9788.56,1231.33,0.0,8.0,0.0,1.0,3.5,37.39,0.0
189580,Lattice HQ Holdings,Healthcare,France,9,2024-08-18 09:11:21,Starter,9,0,7,2,9,active,108.0,2024-08-18 09:11:21,,1.0,,12,1296.72,108.06,1182.48,0.0,114.24,4.0,0.0,0.0,3.75,33.6,0.0
102220,Unified Ops Group 1,Logistics,India,39,2025-05-06 09:24:35,Growth,9,0,6,3,12,active,288.0,2025-05-06 09:24:35,,0.75,,15,4363.64,290.91,3774.61,589.03,0.0,5.0,0.0,0.0,4.4,50.64,0.0
847561,Relay Systems Group 2,Logistics,Germany,15,2024-10-08 12:07:29,Starter,6,1,3,2,7,active,84.0,2024-10-08 12:07:29,,0.86,,9,773.61,85.96,685.61,88.0,0.0,2.0,0.0,0.0,5.0,130.95,0.0
350292,QueryForge Holdings 1,Healthcare,United States,15,2023-04-12 05:34:58,Starter,5,1,3,1,8,active,96.0,2023-04-12 05:34:58,,0.63,,8,788.18,98.52,688.66,99.52,0.0,3.0,1.0,0.0,4.67,53.33,0.0
699272,Omnisend Industries,Retail,Netherlands,10,2023-06-18 11:19:25,Starter,6,1,3,2,7,churned,84.0,2023-06-18 11:19:25,2025-09-22 11:19:25,0.86,827.0,13,1076.46,82.8,909.71,79.27,0.0,3.0,0.0,0.0,5.0,56.47,0.0
433844,Unified Ops Partners 1,Healthcare,Brazil,3,2024-07-14 08:54:20,Starter,2,0,2,0,3,active,36.0,2024-07-14 08:54:20,,0.67,,14,491.51,35.11,383.17,37.64,34.81,8.0,2.0,0.0,4.5,54.08,0.0
713585,FlowState Solutions,Retail,Netherlands,23,2024-12-12 06:52:20,Starter,6,1,5,0,7,active,84.0,2024-12-12 06:52:20,,0.86,,11,919.54,83.59,837.25,82.29,0.0,5.0,0.0,0.0,3.25,45.73,1.0
182485,DataBridge Pro Analytics 1,Manufacturing,Brazil,15,2024-04-23 17:14:29,Starter,10,2,4,4,12,active,144.0,2024-04-23 17:14:29,,0.83,,11,1587.9,144.35,1587.9,0.0,0.0,5.0,1.0,1.0,4.8,29.08,0.0
172478,GridLogic Analytics,Healthcare,Australia,54,2023-08-06 10:33:08,Growth,17,5,5,7,20,active,480.0,2023-08-06 10:33:08,,0.85,,12,5936.82,494.74,5393.29,543.53,0.0,1.0,0.0,0.0,5.0,89.8,0.0
469600,Amplitude Corp Group 1,Education,Australia,28,2024-02-09 16:08:36,Growth,19,3,9,7,28,active,672.0,2024-02-09 16:08:36,,0.68,,11,7499.4,681.76,7499.4,0.0,0.0,3.0,2.0,0.0,4.5,9.2,1.0
613197,Inline Systems Systems,Software,India,67,2023-04-01 07:44:20,Growth,25,3,14,8,39,active,936.0,2023-04-01 07:44:20,,0.64,,15,13909.7,927.31,11153.72,1870.53,0.0,2.0,0.0,0.0,3.5,103.15,0.0
907943,Catalyst CRM Software,Healthcare,India,23,2025-01-24 13:08:27,Starter,3,1,2,0,3,past_due,36.0,2025-01-24 13:08:27,,1.0,,9,315.91,35.1,315.91,0.0,0.0,7.0,2.0,0.0,3.33,34.83,1.0
717660,Basecamp Analytics Partners,Financial Services,Netherlands,18,2023-05-11 06:31:17,Starter,6,1,3,2,7,active,84.0,2023-05-11 06:31:17,,0.86,,15,1250.09,83.34,1084.61,165.48,0.0,4.0,1.0,0.0,3.67,46.7,1.0
518790,NodeSync Technologies,Logistics,Japan,24,2025-08-01 10:07:16,Starter,1,0,1,0,2,active,24.0,2025-08-01 10:07:16,,0.5,,7,175.73,25.1,125.29,24.73,25.71,4.0,1.0,0.0,4.75,49.28,0.0
486520,LaunchPad HQ Works,Manufacturing,Japan,16,2025-07-27 06:07:50,Starter,3,0,2,1,3,active,36.0,2025-07-27 06:07:50,,1.0,,13,483.45,37.19,447.3,0.0,0.0,4.0,0.0,0.0,3.67,30.07,1.0
271695,HubStack Solutions,Manufacturing,Australia,20,2023-11-17 10:45:20,Starter,4,0,3,1,4,active,48.0,2023-11-17 10:45:20,,1.0,,7,319.99,45.71,274.78,45.21,0.0,6.0,2.0,0.0,4.0,46.92,0.0
888943,CloudPeak Systems Industries,Healthcare,United States,12,2025-05-07 07:19:40,Starter,3,0,2,1,3,churned,36.0,2025-05-07 07:19:40,2025-09-28 07:19:40,1.0,144.0,14,508.0,36.29,508.0,0.0,0.0,9.0,1.0,0.0,3.57,51.13,2.0
682986,InfraPoint Labs,Software,France,14,2025-04-30 09:12:15,Starter,11,3,4,4,11,active,132.0,2025-04-30 09:12:15,,1.0,,9,1161.39,129.04,1031.3,130.09,0.0,6.0,1.0,0.0,4.2,55.82,1.0
249013,WorksiteOS Digital,Retail,India,274,2023-12-31 09:03:38,Business,79,16,46,17,103,active,4532.0,2023-12-31 09:03:38,,0.77,,11,51513.49,4683.04,41656.18,0.0,5036.85,4.0,0.0,0.0,4.25,76.95,0.0
377997,JetMetrics Networks,Manufacturing,Japan,31,2024-12-19 15:01:00,Growth,8,2,5,1,12,active,288.0,2024-12-19 15:01:00,,0.67,,9,2604.01,289.33,2306.28,297.73,0.0,3.0,1.0,1.0,3.0,18.2,2.0
414766,FunnelSoft Solutions,Financial Services,Canada,14,2024-03-31 06:35:59,Starter,4,1,2,1,5,active,60.0,2024-03-31 06:35:59,,0.8,,16,925.01,57.81,811.4,59.58,0.0,5.0,2.0,1.0,4.2,14.04,0.0
211956,Amplitude Corp Digital 1,Software,Netherlands,61,2023-05-24 04:02:22,Growth,10,1,7,2,12,active,288.0,2023-05-24 04:02:22,,0.83,,16,4696.49,293.53,4696.49,0.0,0.0,1.0,0.0,0.0,,,1.0
119546,NodeSync Works 2,Education,United States,9,2023-01-23 09:24:57,Starter,4,0,3,1,6,active,72.0,2023-01-23 09:24:57,,0.67,,8,582.5,72.81,512.02,70.48,0.0,3.0,0.0,1.0,3.5,33.45,1.0
400614,PipelineIO Collective 1,Logistics,Japan,11,2025-09-21 07:11:04,Starter,5,1,4,0,7,churned,84.0,2025-09-21 07:11:04,2025-12-12 07:11:04,0.71,82.0,10,842.52,84.25,842.52,0.0,0.0,4.0,0.0,2.0,2.33,38.87,1.0
775696,FunnelSoft Works,Financial Services,Germany,14,2024-02-01 15:40:40,Starter,3,2,1,0,5,active,60.0,2024-02-01 15:40:40,,0.6,,8,472.65,59.08,472.65,0.0,0.0,2.0,0.0,0.0,3.0,42.4,0.0
248358,DataBridge Pro Solutions,Financial Services,Japan,83,2025-03-30 06:05:23,Growth,20,6,11,3,23,active,552.0,2025-03-30 06:05:23,,0.87,,10,5316.37,531.64,5316.37,0.0,0.0,1.0,0.0,0.0,4.0,61.4,0.0
412644,NexusOne Partners 1,Financial Services,Netherlands,11,2024-05-06 08:28:41,Starter,5,0,3,2,5,active,60.0,2024-05-06 08:28:41,,1.0,,13,794.28,61.1,794.28,0.0,0.0,7.0,2.0,1.0,4.2,57.82,2.0
228677,VaultStream Group,Healthcare,Australia,7,2023-07-27 09:34:36,Starter,3,1,1,1,5,active,60.0,2023-07-27 09:34:36,,0.6,,11,656.36,59.67,530.88,125.48,0.0,9.0,1.0,0.0,3.38,36.4,1.0
960588,Kinetic AI Analytics 1,Software,Germany,4,2023-10-28 15:17:37,Starter,3,0,2,1,4,active,48.0,2023-10-28 15:17:37,,0.75,,11,524.92,47.72,524.92,0.0,0.0,8.0,1.0,1.0,4.13,46.83,0.0
269785,GridLogic Software,Logistics,Australia,84,2024-07-20 14:15:14,Growth,25,3,15,7,28,active,672.0,2024-07-20 14:15:14,,0.89,,8,5391.39,673.92,5391.39,0.0,0.0,4.0,2.0,0.0,4.0,33.2,0.0
423101,Keystroke AI,Software,Brazil,310,2024-08-06 15:49:55,Business,74,15,49,10,105,active,4620.0,2024-08-06 15:49:55,,0.7,,14,64758.3,4625.59,60636.64,0.0,0.0,2.0,0.0,0.0,1.0,40.2,1.0
173985,Lattice HQ Labs,Retail,Germany,6,2023-11-05 15:16:50,Starter,3,1,2,0,4,active,48.0,2023-11-05 15:16:50,,0.75,,9,441.2,49.02,340.93,0.0,51.06,9.0,2.0,1.0,4.5,33.65,1.0
329586,JetMetrics Partners 1,Retail,United Kingdom,25,2024-11-05 13:36:07,Growth,20,4,9,7,25,active,600.0,2024-11-05 13:36:07,,0.8,,10,5979.95,598.0,4748.8,0.0,551.93,4.0,2.0,1.0,4.25,8.03,0.0
140321,Deployly Networks 1,Software,United States,68,2024-04-26 08:47:40,Growth,18,3,13,2,18,active,432.0,2024-04-26 08:47:40,,1.0,,13,5502.5,423.27,5096.81,405.69,0.0,7.0,0.0,0.0,4.0,47.6,0.0
347163,Relay Systems Labs 1,Software,United Kingdom,81,2024-09-06 09:19:30,Growth,11,4,6,1,13,active,312.0,2024-09-06 09:19:30,,0.85,,10,3039.14,303.91,2153.74,0.0,0.0,4.0,2.0,0.0,3.0,19.43,1.0
701732,Amplitude Corp Solutions,Manufacturing,Australia,3,2024-01-24 09:27:03,Starter,2,0,1,1,3,active,36.0,2024-01-24 09:27:03,,0.67,,15,544.53,36.3,437.71,71.17,35.65,2.0,0.0,0.0,4.5,38.4,0.0
618509,StackBase Holdings 1,Retail,Canada,25,2023-07-14 15:41:43,Growth,24,4,10,10,25,active,600.0,2023-07-14 15:41:43,,0.96,,11,6576.31,597.85,5970.89,605.42,0.0,2.0,0.0,0.0,5.0,20.2,0.0
978965,Xenon Analytics Works 2,Software,France,42,2024-12-28 11:13:23,Growth,23,2,13,8,26,active,624.0,2024-12-28 11:13:23,,0.88,,11,6842.82,622.07,6198.19,0.0,644.63,6.0,1.0,2.0,3.67,30.28,0.0
555768,VaultStream Partners 1,Logistics,India,25,2023-08-08 15:57:36,Growth,22,1,16,5,25,active,600.0,2023-08-08 15:57:36,,0.88,,8,4817.58,602.2,3070.02,1167.94,579.62,10.0,1.0,1.0,4.1,49.23,0.0
428057,Axiom Labs Solutions,Retail,France,4,2025-08-02 08:07:19,Starter,4,1,3,0,4,active,48.0,2025-08-02 08:07:19,,1.0,,23,1110.35,48.28,1065.42,0.0,0.0,5.0,0.0,0.0,3.2,48.96,0.0
435506,HorizonSaaS Industries 1,Software,United Kingdom,42,2024-08-21 15:30:52,Growth,11,2,6,3,18,active,432.0,2024-08-21 15:30:52,,0.61,,16,7021.52,438.85,7021.52,0.0,0.0,5.0,2.0,1.0,3.0,37.04,0.0
298901,Xenon Analytics Works,Healthcare,Australia,5,2024-06-04 04:17:45,Starter,3,1,1,1,5,active,60.0,2024-06-04 04:17:45,,0.6,,12,735.66,61.31,735.66,0.0,0.0,3.0,0.0,1.0,4.5,36.75,1.0
353111,LaunchPad HQ Networks 1,Retail,Brazil,38,2024-05-25 23:54:13,Growth,15,0,11,4,24,active,576.0,2024-05-25 23:54:13,,0.63,,4,2375.47,593.87,2375.47,0.0,0.0,5.0,1.0,0.0,4.2,31.48,0.0
225784,DataBridge Pro Networks,Software,Netherlands,168,2025-03-24 09:07:25,Business,94,18,58,18,109,active,4796.0,2025-03-24 09:07:25,,0.86,,18,89559.34,4975.52,74666.04,5103.58,9789.72,10.0,4.0,1.0,3.0,28.01,1.0
493074,YieldMetrics Group,Healthcare,United Kingdom,5,2023-02-02 13:04:34,Starter,5,1,2,2,5,active,60.0,2023-02-02 13:04:34,,1.0,,10,583.21,58.32,467.12,60.38,55.71,5.0,0.0,0.0,3.5,70.7,1.0
178553,Momentum Tools Systems 1,Education,United States,11,2024-05-10 10:15:40,Starter,2,0,1,1,3,active,36.0,2024-05-10 10:15:40,,0.67,,17,607.15,35.71,607.15,0.0,0.0,4.0,0.0,0.0,3.25,40.7,0.0
288150,FlowState Systems,Retail,United Kingdom,44,2025-02-12 16:56:34,Growth,8,2,5,1,14,active,336.0,2025-02-12 16:56:34,,0.57,,14,4681.53,334.4,4681.53,0.0,0.0,9.0,2.0,0.0,3.89,34.57,0.0
201820,YieldMetrics Industries 1,Retail,India,269,2024-11-01 15:39:47,Business,73,11,50,12,75,active,3300.0,2024-11-01 15:39:47,,0.97,,9,29147.1,3238.57,25618.94,0.0,3528.16,5.0,1.0,0.0,4.8,40.42,0.0
362499,InfraPoint Partners,Retail,Netherlands,43,2024-09-01 11:00:17,Growth,16,2,10,4,24,active,576.0,2024-09-01 11:00:17,,0.67,,16,9335.66,583.48,9335.66,0.0,0.0,2.0,1.0,0.0,4.0,35.5,0.0
649261,Beacon Software Works,Healthcare,France,115,2023-10-08 08:39:26,Growth,21,6,11,4,23,active,552.0,2023-10-08 08:39:26,,0.91,,12,6631.48,552.62,6631.48,0.0,0.0,4.0,0.0,1.0,3.5,36.15,0.0
680171,Momentum Tools Analytics,Education,Japan,23,2024-02-25 12:31:47,Starter,3,1,1,1,6,active,72.0,2024-02-25 12:31:47,,0.5,,8,573.58,71.7,356.67,145.58,71.33,8.0,2.0,2.0,4.38,28.03,0.0
597746,Unified Ops Systems 2,Education,United Kingdom,23,2025-04-23 09:05:36,Starter,4,0,4,0,6,active,72.0,2025-04-23 09:05:36,,0.67,,15,1060.83,70.72,987.55,73.28,0.0,1.0,0.0,0.0,3.0,89.2,0.0
256019,Deployly Software 1,Healthcare,India,38,2023-12-22 07:03:43,Growth,17,4,10,3,27,past_due,648.0,2023-12-22 07:03:43,,0.63,,12,7778.94,648.25,7778.94,0.0,0.0,3.0,1.0,0.0,4.0,36.3,0.0
909042,NodeSync Digital 2,Education,United States,18,2024-10-04 09:28:33,Starter,3,0,2,1,4,active,48.0,2024-10-04 09:28:33,,0.75,,15,734.68,48.98,640.39,46.57,0.0,7.0,4.0,0.0,3.67,18.7,1.0
909740,CloudPeak Systems,Education,Japan,116,2024-09-19 13:01:43,Growth,8,0,7,1,10,trialing,240.0,2024-09-19 13:01:43,,0.8,,9,2155.43,239.49,1925.31,0.0,230.12,10.0,1.0,1.0,4.1,43.74,0.0
511879,Momentum Tools Software,Manufacturing,France,33,2025-05-19 20:59:03,Growth,26,3,17,6,29,active,696.0,2025-05-19 20:59:03,,0.9,,18,12148.7,674.93,12148.7,0.0,0.0,6.0,0.0,1.0,4.0,46.58,1.0
291773,Unified Ops Digital,Software,Brazil,19,2024-09-11 15:32:10,Starter,6,0,4,2,6,active,72.0,2024-09-11 15:32:10,,1.0,,10,752.87,75.29,675.02,77.85,0.0,4.0,0.0,0.0,4.33,37.5,1.0
662390,FlowState Group 1,Financial Services,France,13,2024-03-04 12:14:38,Starter,10,1,8,1,11,active,132.0,2024-03-04 12:14:38,,0.91,,11,1471.72,133.79,1471.72,0.0,0.0,4.0,1.0,1.0,3.75,25.35,0.0
310019,YieldMetrics Group 1,Manufacturing,Germany,120,2025-09-16 14:00:14,Business,40,10,23,7,52,active,2288.0,2025-09-16 14:00:14,,0.77,,8,19210.6,2401.33,16826.81,0.0,0.0,6.0,0.0,1.0,3.17,29.3,0.0
443384,Momentum Tools Group,Healthcare,United Kingdom,10,2023-01-27 14:03:05,Starter,5,0,2,3,7,active,84.0,2023-01-27 14:03:05,,0.71,,12,1010.89,84.24,927.98,82.91,0.0,7.0,2.0,0.0,3.5,43.82,1.0
629748,NodeSync Industries,Logistics,United Kingdom,8,2023-09-01 10:43:37,Starter,7,2,4,1,7,active,84.0,2023-09-01 10:43:37,,1.0,,11,931.4,84.67,848.6,0.0,0.0,5.0,1.0,1.0,4.0,27.25,1.0
323646,TriggerPoint Holdings 1,Software,Netherlands,40,2024-02-01 11:46:03,Growth,19,1,13,5,29,active,696.0,2024-02-01 11:46:03,,0.66,,8,5471.55,683.94,5471.55,0.0,0.0,4.0,2.0,0.0,5.0,69.75,2.0
363319,LaunchPad HQ Solutions,Manufacturing,India,10,2023-04-09 13:04:24,Starter,2,0,2,0,3,active,36.0,2023-04-09 13:04:24,,0.67,,10,361.77,36.18,324.65,0.0,37.12,2.0,0.0,0.0,4.0,33.65,0.0
687117,Unified Ops Solutions,Software,France,18,2024-12-14 10:05:51,Starter,3,0,3,0,4,trialing,48.0,2024-12-14 10:05:51,,0.75,,19,891.86,46.94,842.87,0.0,0.0,7.0,0.0,0.0,3.67,38.5,1.0
967279,LaunchPad HQ Technologies,Healthcare,Brazil,9,2024-05-06 11:26:45,Starter,8,3,4,1,9,active,108.0,2024-05-06 11:26:45,,0.89,,6,633.08,105.51,633.08,0.0,0.0,5.0,0.0,2.0,4.0,32.88,1.0
785078,JetMetrics Technologies 1,Retail,Canada,6,2023-07-30 19:17:42,Starter,5,0,3,2,6,active,72.0,2023-07-30 19:17:42,,0.83,,16,1157.87,72.37,1008.8,75.14,73.93,6.0,1.0,1.0,3.5,26.12,0.0
466636,Junction Cloud Software 1,Software,Japan,25,2024-04-04 17:43:26,Starter,8,2,6,0,11,trialing,132.0,2024-04-04 17:43:26,,0.73,,9,1178.54,130.95,1038.8,139.74,0.0,7.0,1.0,0.0,4.29,61.87,0.0
290620,Kinetic AI Technologies,Retail,Canada,13,2024-10-03 19:52:21,Starter,6,1,3,2,7,past_due,84.0,2024-10-03 19:52:21,,0.86,,11,889.68,80.88,816.1,73.58,0.0,5.0,1.0,1.0,4.0,37.58,0.0
196541,Amplitude Corp Solutions 1,Logistics,Japan,40,2024-07-12 15:21:41,Starter,2,0,2,0,3,active,36.0,2024-07-12 15:21:41,,0.67,,21,754.1,35.91,721.43,32.67,0.0,3.0,2.0,0.0,4.5,13.75,1.0
691555,Basecamp Analytics Networks,Logistics,United States,25,2025-01-19 13:52:46,Growth,24,4,14,6,25,active,600.0,2025-01-19 13:52:46,,0.96,,9,5438.17,604.24,4226.47,1211.7,0.0,3.0,1.0,0.0,4.0,19.0,0.0
954668,Deployly Partners 1,Retail,Japan,67,2024-12-05 19:10:27,Growth,15,3,7,5,18,active,432.0,2024-12-05 19:10:27,,0.83,,12,5239.99,436.67,4811.6,0.0,428.39,8.0,2.0,0.0,4.29,37.97,1.0
498799,GridLogic Holdings,Software,Brazil,52,2024-10-11 22:11:43,Growth,14,1,8,5,18,active,432.0,2024-10-11 22:11:43,,0.78,,11,4669.75,424.52,4209.58,460.17,0.0,,,,,,
916616,Amplitude Corp Group,Healthcare,Japan,68,2024-11-18 08:33:32,Growth,39,13,21,5,49,active,1176.0,2024-11-18 08:33:32,,0.8,,8,9625.93,1203.24,9625.93,0.0,0.0,6.0,2.0,0.0,4.33,13.55,0.0
260885,Beacon Software Group 1,Education,Japan,18,2023-06-12 07:43:12,Starter,3,1,2,0,3,active,36.0,2023-06-12 07:43:12,,1.0,,12,429.03,35.75,394.94,34.09,0.0,4.0,0.0,1.0,4.25,58.43,0.0
515850,Amplitude Corp Works 2,Manufacturing,Brazil,7,2023-05-20 07:42:33,Starter,4,1,3,0,5,active,60.0,2023-05-20 07:42:33,,0.8,,14,870.57,62.18,870.57,0.0,0.0,4.0,3.0,0.0,4.33,19.43,1.0
866791,LaunchPad HQ Networks,Logistics,Australia,3,2024-02-03 10:57:32,Starter,2,1,1,0,3,active,36.0,2024-02-03 10:57:32,,0.67,,16,578.89,36.18,540.81,0.0,0.0,2.0,0.0,0.0,4.0,66.5,0.0
575382,PipelineIO Digital 1,Manufacturing,Japan,64,2025-08-13 13:38:22,Growth,27,6,20,1,34,active,816.0,2025-08-13 13:38:22,,0.79,,12,9753.55,812.8,8848.9,904.65,0.0,4.0,0.0,0.0,3.5,63.1,0.0
604137,StackBase Collective,Manufacturing,India,12,2023-11-20 13:28:03,Starter,3,1,2,0,5,active,60.0,2023-11-20 13:28:03,,0.6,,16,971.14,60.7,782.71,62.04,59.61,4.0,1.0,1.0,4.5,31.3,0.0
686117,Relay Systems Systems,Retail,Germany,7,2023-05-31 16:50:21,Starter,6,1,5,0,7,active,84.0,2023-05-31 16:50:21,,0.86,,13,1079.25,83.02,833.41,165.16,0.0,8.0,1.0,1.0,4.13,44.46,0.0
200865,Deployly Networks,Healthcare,United Kingdom,113,2023-04-18 09:24:46,Growth,10,0,9,1,11,active,264.0,2023-04-18 09:24:46,,0.91,,15,4017.01,267.8,3221.18,795.83,0.0,4.0,0.0,1.0,3.75,28.58,0.0
232159,Gradient Labs Works 2,Retail,Germany,80,2025-06-04 14:15:01,Business,51,13,31,7,67,active,2948.0,2025-06-04 14:15:01,,0.76,,8,23009.44,2876.18,23009.44,0.0,0.0,8.0,0.0,1.0,4.13,31.78,0.0
667992,Relay Systems Industries,Software,Japan,285,2025-09-02 12:17:11,Business,80,15,50,15,109,active,4796.0,2025-09-02 12:17:11,,0.73,,15,72966.45,4864.43,67680.69,0.0,0.0,8.0,0.0,1.0,4.14,37.11,1.0
271150,WorksiteOS Labs,Software,Netherlands,85,2025-06-24 19:20:41,Growth,11,2,7,2,13,active,312.0,2025-06-24 19:20:41,,0.85,,13,3989.14,306.86,3702.25,0.0,286.89,4.0,1.0,0.0,4.25,40.9,0.0
379292,NexusOne Works 2,Manufacturing,Canada,76,2023-02-14 08:12:37,Business,68,16,38,14,76,active,3344.0,2023-02-14 08:12:37,,0.89,,9,29609.0,3289.89,29609.0,0.0,0.0,6.0,3.0,0.0,4.33,20.73,0.0
631393,NodeSync Collective,Financial Services,Canada,5,2023-11-16 08:06:49,Starter,3,1,2,0,3,active,36.0,2023-11-16 08:06:49,,1.0,,13,467.18,35.94,394.5,39.38,0.0,2.0,1.0,0.0,4.5,31.9,0.0
684498,Gradient Labs Software,Software,India,166,2024-12-12 10:01:56,Business,28,3,16,9,46,active,2024.0,2024-12-12 10:01:56,,0.61,,10,19946.28,1994.63,17821.86,0.0,0.0,4.0,1.0,0.0,2.33,64.57,1.0
114128,WorksiteOS Solutions 1,Financial Services,United Kingdom,3,2023-01-12 10:33:57,Starter,2,0,2,0,3,active,36.0,2023-01-12 10:33:57,,0.67,,14,492.81,35.2,422.2,70.61,0.0,2.0,0.0,0.0,4.5,69.85,0.0
938137,CloudPeak Systems Solutions 1,Software,Japan,32,2023-08-16 18:40:16,Growth,28,7,19,2,31,active,744.0,2023-08-16 18:40:16,,0.9,,15,11034.85,735.66,10228.98,0.0,0.0,3.0,0.0,0.0,3.67,65.83,0.0
695044,Catalyst CRM Systems 2,Financial Services,France,120,2025-08-18 04:34:52,Business,47,10,23,14,83,active,3652.0,2025-08-18 04:34:52,,0.57,,7,26265.01,3752.14,22531.27,0.0,3733.74,7.0,2.0,0.0,4.0,30.77,1.0
371569,Unified Ops Partners 2,Financial Services,France,77,2024-07-28 09:07:19,Growth,26,5,13,8,33,active,792.0,2024-07-28 09:07:19,,0.79,,11,8488.68,771.7,8488.68,0.0,0.0,2.0,0.0,0.0,4.5,26.85,0.0
621112,Deployly Digital 1,Financial Services,Brazil,141,2025-01-23 15:37:04,Business,83,6,62,15,101,active,4444.0,2025-01-23 15:37:04,,0.82,,10,45165.04,4516.5,40479.66,4685.38,0.0,4.0,2.0,0.0,4.67,30.1,1.0
430826,StackBase Digital 1,Manufacturing,Brazil,443,2025-09-08 07:43:42,Business,58,10,38,10,102,active,4488.0,2025-09-08 07:43:42,,0.57,,18,78948.67,4386.04,75177.89,3770.78,0.0,4.0,0.0,0.0,4.0,20.8,1.0
221718,TriggerPoint Group 1,Financial Services,Canada,19,2023-10-14 16:18:58,Starter,4,1,2,1,4,active,48.0,2023-10-14 16:18:58,,1.0,,8,392.8,49.1,341.99,0.0,0.0,4.0,0.0,0.0,3.33,49.3,1.0
744444,Kinetic AI Software,Manufacturing,India,57,2024-04-10 14:00:57,Business,47,8,30,9,57,active,2508.0,2024-04-10 14:00:57,,0.82,,14,35520.44,2537.17,33364.66,0.0,0.0,6.0,1.0,0.0,2.83,28.4,0.0
751178,StackBase Industries 1,Software,Australia,311,2024-08-20 08:10:18,Business,42,8,26,8,48,active,2112.0,2024-08-20 08:10:18,,0.88,,11,23641.38,2149.22,23641.38,0.0,0.0,7.0,1.0,0.0,3.71,43.49,0.0
208743,Unified Ops Technologies 1,Retail,Australia,131,2024-05-18 07:51:45,Growth,17,2,13,2,23,active,552.0,2024-05-18 07:51:45,,0.74,,9,4905.33,545.04,4362.64,542.69,0.0,6.0,1.0,1.0,3.17,45.28,0.0
317879,LaunchPad HQ Collective,Financial Services,Brazil,14,2023-01-07 16:14:18,Starter,4,1,2,1,5,churned,60.0,2023-01-07 16:14:18,2024-12-09 16:14:18,0.8,702.0,12,737.43,61.45,677.32,0.0,60.11,3.0,0.0,0.0,4.0,63.7,0.0
142260,HubStack Works 2,Retail,India,169,2023-10-10 09:51:14,Business,88,21,52,15,134,active,5896.0,2023-10-10 09:51:14,,0.66,,11,64386.83,5853.35,64386.83,0.0,0.0,3.0,1.0,1.0,4.33,42.73,0.0
742834,Beacon Software Partners,Education,France,8,2024-04-23 20:51:09,Starter,7,2,4,1,8,active,96.0,2024-04-23 20:51:09,,0.88,,10,979.67,97.97,776.57,0.0,105.54,6.0,2.0,0.0,4.6,43.48,1.0
265989,ZeroFriction Labs 1,Software,Japan,19,2024-08-01 17:50:53,Starter,2,0,2,0,4,active,48.0,2024-08-01 17:50:53,,0.5,,12,570.62,47.55,523.1,47.52,0.0,5.0,0.0,0.0,4.2,41.48,0.0
163603,Omnisend Labs 1,Healthcare,Netherlands,5,2024-09-08 13:00:33,Starter,2,0,2,0,3,active,36.0,2024-09-08 13:00:33,,0.67,,11,396.11,36.01,396.11,0.0,0.0,6.0,3.0,1.0,3.17,19.6,0.0
288798,Omnisend Systems 1,Healthcare,United States,16,2024-06-21 09:11:36,Starter,4,1,3,0,6,active,72.0,2024-06-21 09:11:36,,0.67,,6,440.2,73.37,440.2,0.0,0.0,7.0,2.0,0.0,3.57,37.5,0.0
989157,HorizonSaaS Labs 1,Logistics,Canada,13,2024-04-16 10:33:37,Starter,5,2,2,1,8,active,96.0,2024-04-16 10:33:37,,0.63,,17,1645.77,96.81,1456.6,189.17,0.0,8.0,1.0,1.0,4.14,55.31,1.0
885767,FlowState Software 1,Software,France,50,2024-12-21 09:21:16,Growth,12,2,8,2,12,active,288.0,2024-12-21 09:21:16,,1.0,,12,3522.63,293.55,3232.55,290.08,0.0,2.0,0.0,0.0,4.0,6.9,1.0
827874,Xenon Analytics Systems 2,Logistics,India,5,2025-01-20 12:10:00,Starter,5,1,3,1,5,active,60.0,2025-01-20 12:10:00,,1.0,,13,776.55,59.73,663.05,113.5,0.0,5.0,1.0,0.0,3.4,29.02,0.0
201370,Keystroke AI Partners,Software,United States,41,2023-08-11 14:34:26,Growth,26,5,15,6,41,active,984.0,2023-08-11 14:34:26,,0.63,,13,12830.58,986.97,11815.81,0.0,0.0,8.0,2.0,0.0,4.38,37.9,0.0
366471,Beacon Software Partners 1,Healthcare,Canada,26,2025-03-30 17:35:03,Growth,16,4,10,2,21,active,504.0,2025-03-30 17:35:03,,0.76,,6,3017.83,502.97,2043.77,500.23,0.0,4.0,0.0,0.0,5.0,44.75,2.0
739213,NodeSync Software 1,Manufacturing,Netherlands,17,2025-01-16 09:39:48,Starter,5,2,1,2,6,active,72.0,2025-01-16 09:39:48,,0.83,,12,867.03,72.25,797.52,69.51,0.0,2.0,0.0,0.0,4.0,53.6,0.0
739777,Gradient Labs Group 1,Software,Netherlands,339,2023-01-30 09:41:54,Business,28,4,18,6,29,active,1276.0,2023-01-30 09:41:54,,0.97,,12,15244.48,1270.37,13954.62,0.0,1289.86,,,,,,
380513,Deployly Group,Healthcare,Germany,13,2025-08-07 15:14:21,Starter,6,1,5,0,7,active,84.0,2025-08-07 15:14:21,,0.86,,12,998.25,83.19,918.51,0.0,79.74,4.0,2.0,0.0,4.0,30.33,0.0
242324,StackBase Industries,Financial Services,Japan,20,2024-08-26 14:47:34,Starter,2,0,2,0,3,active,36.0,2024-08-26 14:47:34,,0.67,,10,366.55,36.66,250.75,36.73,40.13,4.0,0.0,0.0,4.75,41.1,0.0
537263,Catalyst CRM Labs 2,Logistics,United Kingdom,36,2025-09-25 14:38:21,Growth,25,4,17,4,29,active,696.0,2025-09-25 14:38:21,,0.86,,9,6235.42,692.82,6235.42,0.0,0.0,10.0,0.0,0.0,4.78,75.08,1.0
113224,Xenon Analytics Technologies 1,Healthcare,Japan,97,2023-10-28 18:39:13,Business,54,8,33,13,63,active,2772.0,2023-10-28 18:39:13,,0.86,,8,21726.91,2715.86,19094.5,0.0,0.0,2.0,1.0,0.0,5.0,60.25,0.0
343808,TriggerPoint Works 2,Manufacturing,Netherlands,6,2024-06-19 22:37:48,Starter,5,1,3,1,6,active,72.0,2024-06-19 22:37:48,,0.83,,15,1061.21,70.75,1061.21,0.0,0.0,3.0,0.0,0.0,3.67,58.67,0.0
561350,Junction Cloud Works,Software,India,34,2024-12-10 10:21:30,Growth,18,4,13,1,22,active,528.0,2024-12-10 10:21:30,,0.82,,13,6779.25,521.48,6779.25,0.0,0.0,4.0,1.0,0.0,4.67,31.43,1.0
870519,Inline Systems Collective,Logistics,India,7,2024-06-11 06:28:35,Starter,2,0,2,0,2,active,24.0,2024-06-11 06:28:35,,1.0,,10,234.51,23.45,188.4,46.11,0.0,3.0,0.0,1.0,2.67,58.0,0.0
451436,PipelineIO Technologies,Retail,United Kingdom,3,2025-04-13 06:18:04,Starter,2,0,0,2,3,active,36.0,2025-04-13 06:18:04,,0.67,,16,578.31,36.14,464.79,0.0,71.96,5.0,0.0,1.0,4.0,31.74,0.0
260951,LaunchPad HQ Software,Software,Canada,287,2023-09-27 09:43:47,Business,56,9,39,8,69,active,3036.0,2023-09-27 09:43:47,,0.81,,13,39350.49,3026.96,32970.05,0.0,3427.71,5.0,2.0,0.0,4.2,31.7,0.0
334270,Omnisend Software 1,Manufacturing,United States,269,2023-09-07 14:58:29,Business,44,5,30,9,64,active,2816.0,2023-09-07 14:58:29,,0.69,,14,39582.47,2827.32,36633.03,2949.44,0.0,5.0,0.0,0.0,4.4,67.46,0.0
869256,FlowState Holdings,Retail,Canada,20,2024-12-04 15:26:20,Starter,6,1,4,1,6,active,72.0,2024-12-04 15:26:20,,1.0,,18,1295.1,71.95,1226.79,0.0,0.0,1.0,1.0,0.0,4.0,13.8,0.0
935611,FlowState Digital,Retail,Netherlands,3,2024-09-26 11:14:02,Starter,3,1,2,0,3,active,36.0,2024-09-26 11:14:02,,1.0,,15,548.86,36.59,482.42,66.44,0.0,7.0,1.0,0.0,4.29,55.26,0.0
301353,FlowState Systems 1,Manufacturing,Japan,6,2024-05-23 09:48:28,Starter,5,0,5,0,6,churned,72.0,2024-05-23 09:48:28,2024-08-02 09:48:28,0.83,71.0,11,793.26,72.11,719.02,74.24,0.0,3.0,0.0,0.0,4.67,52.17,0.0
750386,Xenon Analytics Industries 1,Manufacturing,United Kingdom,9,2025-02-19 17:46:53,Starter,3,1,2,0,4,active,48.0,2025-02-19 17:46:53,,0.75,,13,617.78,47.52,570.51,47.27,0.0,5.0,0.0,0.0,3.8,49.64,0.0
169880,StackBase Partners,Healthcare,Germany,13,2023-08-19 16:13:21,Starter,7,1,6,0,8,active,96.0,2023-08-19 16:13:21,,0.88,,10,959.36,95.94,860.3,0.0,0.0,5.0,2.0,1.0,4.4,17.42,0.0
931016,Catalyst CRM,Retail,Germany,58,2023-06-13 07:14:32,Growth,10,0,8,2,11,active,264.0,2023-06-13 07:14:32,,0.91,,15,3976.76,265.12,3976.76,0.0,0.0,5.0,1.0,1.0,4.0,76.08,1.0
314615,NodeSync Solutions 2,Education,United Kingdom,13,2023-09-22 12:59:58,Starter,4,1,2,1,6,active,72.0,2023-09-22 12:59:58,,0.67,,11,797.31,72.48,797.31,0.0,0.0,6.0,1.0,0.0,3.0,46.4,2.0
141893,Omnisend,Software,United Kingdom,16,2023-04-08 14:11:40,Starter,5,0,3,2,5,active,60.0,2023-04-08 14:11:40,,1.0,,20,1222.03,61.1,1100.79,0.0,0.0,4.0,1.0,0.0,4.25,55.0,0.0
899024,Gradient Labs Holdings 1,Software,France,6,2023-11-29 14:30:52,Starter,6,2,3,1,6,active,72.0,2023-11-29 14:30:52,,1.0,,11,777.11,70.65,777.11,0.0,0.0,7.0,2.0,0.0,4.29,59.6,0.0
734042,Lattice HQ Industries,Software,Canada,5,2024-02-03 17:24:27,Starter,5,2,3,0,5,active,60.0,2024-02-03 17:24:27,,1.0,,17,1011.14,59.48,894.85,58.78,0.0,2.0,1.0,0.0,4.5,29.1,0.0
893855,LaunchPad HQ Industries,Software,France,3,2024-07-27 14:08:32,Starter,3,0,3,0,3,active,36.0,2024-07-27 14:08:32,,1.0,,16,572.37,35.77,538.27,0.0,34.1,3.0,2.0,0.0,4.5,16.55,1.0
227569,Inline Systems Partners,Software,Brazil,54,2023-12-13 06:34:07,Growth,9,1,6,2,12,active,288.0,2023-12-13 06:34:07,,0.75,,12,3473.0,289.42,3473.0,0.0,0.0,4.0,1.0,0.0,3.0,49.55,0.0
395222,DataBridge Pro Digital 1,Financial Services,Germany,29,2024-08-08 09:38:35,Growth,5,0,5,0,8,active,192.0,2024-08-08 09:38:35,,0.63,,13,2538.31,195.25,1730.88,203.21,396.98,2.0,0.0,0.0,4.5,37.6,0.0
301735,NodeSync Digital 1,Manufacturing,Canada,3,2024-08-15 00:33:55,Starter,2,0,2,0,3,active,36.0,2024-08-15 00:33:55,,0.67,,8,286.4,35.8,251.4,0.0,35.0,,,,,,
900536,Basecamp Analytics Systems,Healthcare,Brazil,4,2025-02-03 15:23:40,Starter,2,0,2,0,4,active,48.0,2025-02-03 15:23:40,,0.5,,8,391.43,48.93,391.43,0.0,0.0,4.0,0.0,1.0,4.5,33.15,0.0
508782,FlowState Holdings 1,Education,Japan,14,2023-12-09 02:36:05,Starter,5,0,4,1,6,active,72.0,2023-12-09 02:36:05,,0.83,,7,498.3,71.19,498.3,0.0,0.0,6.0,2.0,1.0,3.83,16.87,0.0
606408,Relay Systems Group,Manufacturing,India,17,2025-07-31 13:00:38,Starter,2,0,2,0,3,active,36.0,2025-07-31 13:00:38,,0.67,,12,435.07,36.26,358.74,37.67,0.0,5.0,1.0,1.0,3.75,60.53,1.0
540233,Xenon Analytics Software 1,Software,India,20,2023-07-04 16:57:14,Starter,2,0,1,1,2,active,24.0,2023-07-04 16:57:14,,1.0,,13,314.71,24.21,314.71,0.0,0.0,5.0,0.0,1.0,4.5,40.63,1.0
158251,Inline Systems Works 2,Manufacturing,United States,27,2024-05-29 07:03:02,Growth,16,2,12,2,27,active,648.0,2024-05-29 07:03:02,,0.59,,14,9304.98,664.64,8650.92,654.06,0.0,5.0,1.0,0.0,3.75,36.43,1.0
156588,EdgeFlow Technologies Labs 1,Education,Brazil,176,2024-09-12 11:41:47,Growth,11,3,6,2,13,active,312.0,2024-09-12 11:41:47,,0.85,,18,5722.9,317.94,5722.9,0.0,0.0,2.0,0.0,0.0,2.0,37.8,0.0
651891,Lattice HQ Networks,Logistics,Canada,620,2025-02-05 16:00:46,Enterprise,144,22,89,33,154,active,12166.0,2025-02-05 16:00:46,,0.94,,8,97160.31,12145.04,73517.03,0.0,12702.08,12.0,0.0,2.0,4.55,37.83,1.0
811779,HubStack Group 2,Healthcare,France,11,2024-12-28 13:08:20,Starter,4,0,2,2,7,churned,84.0,2024-12-28 13:08:20,2025-09-23 13:08:20,0.57,269.0,7,585.36,83.62,499.23,0.0,86.13,5.0,0.0,0.0,4.67,59.6,2.0
142057,NexusOne Solutions,Healthcare,Netherlands,42,2023-03-18 07:52:05,Growth,12,0,6,6,17,active,408.0,2023-03-18 07:52:05,,0.71,,21,8702.11,414.39,7058.37,415.91,415.98,6.0,0.0,0.0,4.5,95.93,0.0
544253,VaultStream Solutions 1,Software,Germany,16,2025-05-21 18:58:14,Starter,7,1,3,3,11,active,132.0,2025-05-21 18:58:14,,0.64,,8,1076.31,134.54,1076.31,0.0,0.0,4.0,0.0,0.0,4.5,58.03,0.0
118279,HubStack,Healthcare,India,34,2025-02-04 12:41:37,Growth,19,4,14,1,24,active,576.0,2025-02-04 12:41:37,,0.79,,20,11464.95,573.25,10348.17,1116.78,0.0,6.0,0.0,1.0,4.25,39.25,2.0
540498,FlowState Works 2,Healthcare,India,29,2023-10-16 10:50:29,Growth,21,3,14,4,29,active,696.0,2023-10-16 10:50:29,,0.72,,6,4088.48,681.41,3387.99,0.0,0.0,4.0,2.0,0.0,4.33,21.6,1.0
452461,Inline Systems,Financial Services,Canada,30,2023-11-11 12:51:24,Growth,15,3,8,4,24,active,576.0,2023-11-11 12:51:24,,0.63,,9,5036.77,559.64,4494.17,0.0,0.0,7.0,0.0,0.0,3.83,52.63,1.0
110220,VaultStream Technologies 1,Financial Services,Netherlands,22,2023-04-22 11:51:55,Starter,3,0,3,0,5,active,60.0,2023-04-22 11:51:55,,0.6,,13,774.46,59.57,653.45,63.06,57.95,3.0,2.0,0.0,2.67,29.23,0.0
644475,DataBridge Pro Networks 1,Retail,Germany,5,2023-05-27 15:20:34,Starter,4,1,3,0,5,active,60.0,2023-05-27 15:20:34,,0.8,,17,1018.92,59.94,960.64,58.28,0.0,3.0,0.0,1.0,4.0,43.03,0.0
558269,Unified Ops Digital 1,Software,Germany,1505,2024-02-03 09:55:39,Enterprise,137,24,91,22,190,churned,15010.0,2024-02-03 09:55:39,2025-11-29 09:55:39,0.72,665.0,17,252801.03,14870.65,252801.03,0.0,0.0,3.0,1.0,0.0,4.0,30.5,0.0
968217,LaunchPad HQ Industries 1,Financial Services,Netherlands,16,2023-09-07 05:47:33,Starter,5,0,3,2,7,active,84.0,2023-09-07 05:47:33,,0.71,,11,940.26,85.48,940.26,0.0,0.0,2.0,2.0,0.0,4.0,19.25,0.0
987167,StackBase Solutions 1,Retail,Netherlands,31,2024-01-29 14:11:27,Growth,18,4,12,2,21,active,504.0,2024-01-29 14:11:27,,0.86,,5,2432.02,486.4,2432.02,0.0,0.0,4.0,1.0,0.0,4.67,46.13,1.0
782825,Axiom Labs Holdings,Manufacturing,Germany,159,2023-01-17 10:09:38,Business,117,24,66,27,152,active,6688.0,2023-01-17 10:09:38,,0.77,,11,71811.61,6528.33,65507.59,0.0,6304.02,9.0,0.0,0.0,4.13,66.65,1.0
839782,DataBridge Pro Holdings,Software,Netherlands,462,2025-03-06 17:56:00,Business,40,9,22,9,41,churned,1804.0,2025-03-06 17:56:00,2025-05-19 17:56:00,0.98,74.0,13,23402.77,1800.21,19959.38,1726.07,1717.32,9.0,1.0,0.0,3.38,31.9,1.0
889010,MeshWorks Systems 1,Software,Canada,34,2024-11-21 09:18:13,Growth,6,3,1,2,10,active,240.0,2024-11-21 09:18:13,,0.6,,11,2615.29,237.75,2348.99,0.0,0.0,5.0,0.0,1.0,4.0,59.28,1.0
108606,MeshWorks Digital 1,Software,India,25,2023-04-25 11:01:48,Growth,18,2,12,4,25,active,600.0,2023-04-25 11:01:48,,0.72,,17,10444.18,614.36,9248.34,1195.84,0.0,3.0,0.0,0.0,4.67,23.23,0.0
309198,NodeSync Technologies 2,Software,Australia,3,2025-05-26 15:54:37,Starter,3,0,3,0,3,active,36.0,2025-05-26 15:54:37,,1.0,,13,463.97,35.69,463.97,0.0,0.0,4.0,0.0,0.0,3.0,33.5,1.0
282693,HubStack Systems 1,Software,Canada,3,2025-02-08 07:28:59,Starter,3,1,1,1,3,active,36.0,2025-02-08 07:28:59,,1.0,,11,383.06,34.82,277.91,73.88,0.0,2.0,0.0,0.0,3.0,31.15,0.0
961918,Unified Ops Analytics 1,Software,Canada,6,2023-08-17 14:56:04,Starter,4,2,1,1,4,active,48.0,2023-08-17 14:56:04,,1.0,,5,247.99,49.6,247.99,0.0,0.0,7.0,3.0,0.0,4.14,31.57,0.0
917801,Xenon Analytics Collective,Education,India,201,2023-05-30 13:46:34,Business,77,12,47,18,87,trialing,3828.0,2023-05-30 13:46:34,,0.89,,12,46631.84,3885.99,46631.84,0.0,0.0,7.0,0.0,0.0,4.57,51.2,0.0
516809,Lattice HQ Technologies 1,Manufacturing,Germany,27,2024-04-12 02:46:09,Growth,24,3,15,6,27,active,648.0,2024-04-12 02:46:09,,0.89,,11,7107.81,646.16,6430.39,0.0,0.0,1.0,0.0,0.0,5.0,34.0,0.0
217404,Deployly Industries 1,Financial Services,Australia,4,2024-10-03 08:05:10,Starter,3,2,1,0,4,active,48.0,2024-10-03 08:05:10,,0.75,,15,718.01,47.87,577.7,48.52,91.79,5.0,2.0,1.0,2.25,16.73,1.0
133440,Beacon Software Digital 1,Software,Australia,7,2023-10-30 07:52:17,Starter,7,4,2,1,7,churned,84.0,2023-10-30 07:52:17,2025-10-31 07:52:17,1.0,732.0,15,1292.45,86.16,1031.61,173.09,87.75,5.0,2.0,0.0,4.0,45.55,1.0
265516,DataBridge Pro Digital,Logistics,India,16,2025-02-18 18:27:41,Starter,12,4,5,3,13,active,156.0,2025-02-18 18:27:41,,0.92,,16,2518.22,157.39,2224.01,146.55,0.0,5.0,2.0,0.0,4.0,28.83,1.0
481953,InfraPoint Holdings 1,Financial Services,United States,352,2023-05-08 08:02:53,Business,111,17,73,21,147,active,6468.0,2023-05-08 08:02:53,,0.76,,9,57815.1,6423.9,45752.72,6248.11,0.0,7.0,2.0,0.0,4.67,49.95,1.0
861107,NexusOne Analytics 1,Healthcare,Australia,88,2023-03-21 18:26:25,Growth,18,7,7,4,23,active,552.0,2023-03-21 18:26:25,,0.78,,7,3787.99,541.14,2694.07,553.98,539.94,5.0,1.0,1.0,4.5,25.05,1.0
593883,Inline Systems Solutions 1,Retail,United States,15,2025-05-13 16:31:50,Starter,2,0,1,1,3,active,36.0,2025-05-13 16:31:50,,0.67,,12,425.0,35.42,425.0,0.0,0.0,5.0,1.0,1.0,3.5,45.83,1.0
910761,Momentum Tools Technologies 1,Retail,Canada,156,2025-01-19 11:04:41,Business,54,13,26,15,68,active,2992.0,2025-01-19 11:04:41,,0.79,,13,38105.71,2931.21,35001.84,3103.87,0.0,10.0,4.0,0.0,4.2,30.06,0.0
890103,Xenon Analytics Systems 1,Education,Canada,8,2023-07-12 11:16:24,Starter,6,1,4,1,8,active,96.0,2023-07-12 11:16:24,,0.75,,14,1380.15,98.58,1071.32,210.54,98.29,5.0,1.0,1.0,4.2,13.42,0.0
412468,Catalyst CRM Systems 1,Manufacturing,Canada,8,2023-01-23 09:50:53,Starter,3,1,0,2,4,active,48.0,2023-01-23 09:50:53,,0.75,,11,520.17,47.29,375.52,0.0,99.77,3.0,2.0,0.0,4.67,9.4,0.0
232216,Keystroke AI Industries 1,Manufacturing,Germany,114,2024-03-05 13:44:16,Starter,2,0,2,0,3,churned,36.0,2024-03-05 13:44:16,2025-03-22 13:44:16,0.67,382.0,12,433.95,36.16,399.93,34.02,0.0,4.0,2.0,0.0,4.5,25.4,0.0
326211,HubStack Solutions 1,Financial Services,Netherlands,77,2025-06-29 10:46:01,Growth,17,2,11,4,30,active,720.0,2025-06-29 10:46:01,,0.57,,11,7793.6,708.51,7026.11,767.49,0.0,2.0,2.0,0.0,5.0,11.1,0.0
865765,NexusOne Group 1,Software,Japan,20,2023-12-29 13:12:28,Starter,6,1,5,0,10,active,120.0,2023-12-29 13:12:28,,0.6,,16,1904.61,119.04,1683.15,221.46,0.0,2.0,1.0,0.0,4.5,24.5,0.0
269054,JetMetrics Collective,Manufacturing,Germany,7,2023-01-04 12:03:10,Starter,6,1,2,3,7,churned,84.0,2023-01-04 12:03:10,2023-08-22 12:03:10,0.86,230.0,15,1250.9,83.39,1174.86,76.04,0.0,6.0,0.0,0.0,4.33,30.45,0.0
377902,NodeSync Labs 1,Healthcare,France,126,2023-01-10 13:24:26,Business,88,21,50,17,90,active,3960.0,2023-01-10 13:24:26,,0.98,,16,62608.03,3913.0,51627.89,7551.64,3428.5,5.0,1.0,1.0,4.2,21.8,0.0
440025,DataBridge Pro Partners,Education,France,74,2023-01-16 16:30:54,Growth,23,3,15,5,36,active,864.0,2023-01-16 16:30:54,,0.64,,16,13749.45,859.34,13749.45,0.0,0.0,4.0,0.0,0.0,2.5,18.6,2.0
682864,Deployly Holdings,Software,Netherlands,118,2025-06-08 16:50:17,Growth,37,10,23,4,48,active,1152.0,2025-06-08 16:50:17,,0.77,,10,11628.71,1162.87,10327.74,0.0,1300.97,3.0,0.0,0.0,4.67,31.23,0.0
278077,Amplitude Corp Networks,Education,United States,39,2023-11-28 13:28:20,Growth,9,1,5,3,10,active,240.0,2023-11-28 13:28:20,,0.9,,19,4504.19,237.06,3780.49,723.7,0.0,6.0,1.0,0.0,3.5,56.73,0.0
892300,InfraPoint Systems,Retail,France,33,2024-06-29 09:26:15,Growth,23,7,14,2,33,active,792.0,2024-06-29 09:26:15,,0.7,,9,7165.14,796.13,6390.75,0.0,0.0,6.0,0.0,0.0,3.6,53.72,1.0
821114,VaultStream,Software,Germany,43,2025-01-13 10:45:50,Growth,16,4,9,3,19,active,456.0,2025-01-13 10:45:50,,0.84,,7,3214.59,459.23,3214.59,0.0,0.0,5.0,2.0,0.0,4.8,25.08,0.0
832207,JetMetrics Digital,Software,Netherlands,54,2024-01-12 08:47:19,Growth,22,6,12,4,29,active,696.0,2024-01-12 08:47:19,,0.76,,10,6864.81,686.48,6203.67,0.0,661.14,2.0,1.0,0.0,4.0,15.2,1.0
228567,GridLogic Industries,Education,United States,35,2024-07-26 09:14:06,Growth,27,8,12,7,27,churned,648.0,2024-07-26 09:14:06,2025-07-02 09:14:06,1.0,341.0,8,5337.12,667.14,5337.12,0.0,0.0,5.0,1.0,0.0,3.4,50.26,0.0
691462,Momentum Tools Partners,Software,Japan,16,2024-03-22 18:02:46,Starter,6,2,2,2,10,active,120.0,2024-03-22 18:02:46,,0.6,,17,2048.08,120.48,2048.08,0.0,0.0,5.0,1.0,0.0,3.75,50.7,1.0
236900,ZeroFriction Solutions 1,Healthcare,India,35,2025-08-29 07:50:54,Growth,12,2,8,2,16,active,384.0,2025-08-29 07:50:54,,0.75,,12,4639.68,386.64,3825.74,0.0,400.12,4.0,1.0,0.0,3.0,39.9,0.0
893484,NodeSync Networks 2,Software,France,65,2023-08-08 09:05:17,Growth,16,2,8,6,20,active,480.0,2023-08-08 09:05:17,,0.8,,12,5714.94,476.25,4779.48,438.34,497.12,6.0,0.0,0.0,4.33,70.68,0.0
278618,CloudPeak Systems Partners,Software,Germany,27,2023-08-24 10:55:11,Growth,26,5,18,3,27,churned,648.0,2023-08-24 10:55:11,2024-08-01 10:55:11,0.96,343.0,16,10346.91,646.68,9637.06,0.0,709.85,3.0,0.0,2.0,4.67,42.67,0.0
766913,Catalyst CRM Labs 1,Financial Services,India,36,2025-05-20 10:37:41,Growth,11,4,5,2,19,active,456.0,2025-05-20 10:37:41,,0.58,,13,5899.1,453.78,5899.1,0.0,0.0,7.0,1.0,0.0,3.86,65.04,0.0
826663,Keystroke AI Systems 2,Software,Japan,135,2023-12-01 13:06:27,Business,51,12,29,10,56,active,2464.0,2023-12-01 13:06:27,,0.91,,15,36727.09,2448.47,36727.09,0.0,0.0,3.0,1.0,1.0,4.0,18.83,0.0
565930,JetMetrics Group 1,Financial Services,United Kingdom,40,2025-07-29 10:15:55,Growth,20,4,12,4,28,active,672.0,2025-07-29 10:15:55,,0.71,,16,10919.28,682.46,10191.1,0.0,0.0,1.0,1.0,0.0,5.0,9.1,0.0
443866,Lattice HQ Networks 1,Education,Canada,3,2024-06-09 13:55:10,Starter,3,1,1,1,3,active,36.0,2024-06-09 13:55:10,,1.0,,12,437.22,36.44,326.57,71.4,39.25,5.0,0.0,0.0,4.8,44.9,0.0
537536,Momentum Tools Solutions 1,Software,United States,88,2024-12-31 17:20:01,Growth,12,2,9,1,14,active,336.0,2024-12-31 17:20:01,,0.86,,9,2968.44,329.83,2638.94,329.5,0.0,5.0,1.0,0.0,4.0,51.44,0.0
700790,FlowState Works,Software,United Kingdom,46,2023-01-29 19:16:44,Starter,4,0,3,1,4,active,48.0,2023-01-29 19:16:44,,1.0,,18,859.27,47.74,660.11,101.23,97.93,4.0,2.0,0.0,4.0,46.78,0.0
457669,Unified Ops Partners,Software,France,383,2023-03-03 09:09:31,Enterprise,313,52,197,64,318,active,25122.0,2023-03-03 09:09:31,,0.98,,7,179032.19,25576.03,179032.19,0.0,0.0,2.0,1.0,0.0,1.0,53.3,0.0
450789,Inline Systems Labs,Healthcare,France,162,2023-11-17 11:58:55,Business,57,11,39,7,59,active,2596.0,2023-11-17 11:58:55,,0.97,,12,30862.14,2571.85,25703.68,2707.8,2450.66,4.0,0.0,0.0,4.0,54.25,0.0
339830,Catalyst CRM Technologies,Healthcare,Netherlands,297,2025-01-28 13:48:49,Business,38,2,21,15,67,churned,2948.0,2025-01-28 13:48:49,2025-12-04 13:48:49,0.57,310.0,14,41043.07,2931.65,41043.07,0.0,0.0,4.0,1.0,0.0,4.33,28.97,1.0
511107,Deployly Analytics,Financial Services,India,12,2025-03-21 03:09:59,Starter,4,0,2,2,5,active,60.0,2025-03-21 03:09:59,,0.8,,12,712.63,59.39,656.44,56.19,0.0,2.0,1.0,0.0,5.0,26.85,0.0
256231,Relay Systems Technologies 2,Logistics,United Kingdom,81,2023-04-25 15:15:28,Growth,34,6,25,3,37,active,888.0,2023-04-25 15:15:28,,0.92,,9,7893.01,877.0,6919.07,973.94,0.0,8.0,2.0,2.0,4.14,20.23,1.0
404631,Lattice HQ Holdings 1,Retail,Germany,62,2024-08-15 10:52:27,Growth,10,2,6,2,14,active,336.0,2024-08-15 10:52:27,,0.71,,11,3654.56,332.23,3320.99,0.0,0.0,5.0,1.0,0.0,4.6,40.96,0.0
975689,PipelineIO Software,Healthcare,Australia,40,2023-09-19 08:46:35,Growth,10,2,7,1,16,active,384.0,2023-09-19 08:46:35,,0.63,,10,3732.86,373.29,3356.22,0.0,0.0,5.0,1.0,0.0,3.0,35.38,1.0
999282,Gradient Labs Partners 1,Healthcare,France,19,2025-07-04 14:18:45,Starter,3,0,2,1,3,active,36.0,2025-07-04 14:18:45,,1.0,,12,437.9,36.49,437.9,0.0,0.0,4.0,1.0,0.0,4.0,48.0,0.0
379248,Inline Systems Networks,Healthcare,Netherlands,206,2025-02-15 11:50:07,Business,64,17,36,11,69,active,3036.0,2025-02-15 11:50:07,,0.93,,10,30032.72,3003.27,26699.46,3333.26,0.0,4.0,0.0,1.0,4.75,34.08,0.0
147475,StackBase Solutions,Manufacturing,Brazil,3,2024-05-08 08:38:42,Starter,3,0,2,1,3,active,36.0,2024-05-08 08:38:42,,1.0,,8,287.31,35.91,214.52,0.0,35.2,5.0,1.0,1.0,4.0,39.76,0.0
376354,PipelineIO Works 2,Healthcare,Germany,8,2024-05-30 15:58:27,Starter,4,1,2,1,7,active,84.0,2024-05-30 15:58:27,,0.57,,18,1517.46,84.3,1261.96,0.0,83.25,5.0,1.0,0.0,4.75,41.8,1.0
565218,Gradient Labs Systems,Education,Germany,206,2025-01-14 09:47:31,Business,57,4,43,10,62,active,2728.0,2025-01-14 09:47:31,,0.92,,13,36035.77,2771.98,33189.99,0.0,2845.78,1.0,0.0,0.0,5.0,40.7,0.0
356711,Xenon Analytics Labs 2,Retail,Germany,42,2024-05-26 09:29:00,Business,27,6,16,5,42,active,1848.0,2024-05-26 09:29:00,,0.64,,5,9262.32,1852.46,7332.33,1929.99,0.0,4.0,0.0,0.0,4.67,68.9,1.0
969635,HorizonSaaS Labs,Healthcare,Japan,8,2025-04-16 00:56:02,Starter,6,0,1,5,8,past_due,96.0,2025-04-16 00:56:02,,0.75,,12,1160.22,96.69,1160.22,0.0,0.0,5.0,0.0,2.0,4.2,31.12,0.0
749734,VaultStream Digital 1,Software,Canada,15,2024-05-24 10:20:22,Starter,5,1,4,0,5,trialing,60.0,2024-05-24 10:20:22,,1.0,,18,1069.33,59.41,954.73,57.02,57.58,8.0,1.0,0.0,4.14,45.61,1.0
754948,MeshWorks Networks,Software,Netherlands,226,2024-07-01 08:34:20,Business,47,6,33,8,66,active,2904.0,2024-07-01 08:34:20,,0.71,,8,23587.35,2948.42,23587.35,0.0,0.0,2.0,0.0,0.0,4.5,85.5,0.0
374056,Omnisend Collective 1,Retail,India,19,2025-09-07 12:59:26,Growth,15,5,7,3,19,past_due,456.0,2025-09-07 12:59:26,,0.79,,9,4165.99,462.89,3672.59,493.4,0.0,4.0,1.0,0.0,4.5,14.8,2.0
376850,Beacon Software Works 2,Software,United Kingdom,22,2023-10-25 18:25:10,Starter,4,0,3,1,4,active,48.0,2023-10-25 18:25:10,,1.0,,12,579.05,48.25,579.05,0.0,0.0,4.0,1.0,1.0,4.0,31.23,0.0
641328,Deployly Labs,Healthcare,India,17,2024-11-19 16:56:32,Starter,2,0,0,2,2,active,24.0,2024-11-19 16:56:32,,1.0,,18,435.07,24.17,435.07,0.0,0.0,3.0,1.0,0.0,5.0,64.73,0.0
632926,FunnelSoft Industries,Manufacturing,Australia,104,2025-08-06 14:32:51,Growth,25,3,14,8,44,active,1056.0,2025-08-06 14:32:51,,0.57,,11,11852.48,1077.5,11852.48,0.0,0.0,3.0,0.0,0.0,3.67,67.27,0.0
654271,StackBase Systems 1,Retail,France,55,2023-04-12 20:23:13,Growth,14,1,8,5,22,active,528.0,2023-04-12 20:23:13,,0.64,,8,4340.64,542.58,4340.64,0.0,0.0,8.0,1.0,1.0,4.0,31.65,2.0
599502,NodeSync Solutions,Software,France,22,2023-08-17 13:05:02,Starter,3,1,1,1,5,active,60.0,2023-08-17 13:05:02,,0.6,,11,661.81,60.16,661.81,0.0,0.0,4.0,1.0,1.0,3.25,29.18,0.0
511241,Omnisend Technologies 1,Financial Services,Australia,59,2023-06-25 07:27:44,Starter,6,2,4,0,9,active,108.0,2023-06-25 07:27:44,,0.67,,10,1089.47,108.95,875.46,0.0,0.0,4.0,1.0,1.0,4.0,29.98,0.0
365756,ZeroFriction Networks,Manufacturing,Netherlands,4,2025-05-31 10:55:57,Starter,4,1,3,0,4,active,48.0,2025-05-31 10:55:57,,1.0,,11,529.93,48.18,482.9,47.03,0.0,4.0,0.0,0.0,4.5,38.55,0.0
246475,NexusOne Networks 1,Retail,France,19,2024-08-12 08:22:46,Starter,6,1,3,2,7,active,84.0,2024-08-12 08:22:46,,0.86,,17,1468.29,86.37,1384.32,83.97,0.0,2.0,0.0,0.0,4.0,46.5,0.0
281254,StackBase Holdings,Retail,Japan,113,2023-11-19 17:18:59,Growth,10,2,5,3,14,active,336.0,2023-11-19 17:18:59,,0.71,,11,3718.19,338.02,3718.19,0.0,0.0,1.0,0.0,0.0,3.0,13.8,0.0
125160,QueryForge Group 1,Manufacturing,United States,8,2025-09-13 10:14:37,Starter,5,0,5,0,7,trialing,84.0,2025-09-13 10:14:37,,0.71,,18,1531.05,85.06,1450.32,80.73,0.0,4.0,0.0,0.0,4.25,54.0,0.0
976274,PipelineIO Solutions 1,Financial Services,United Kingdom,37,2023-12-02 17:41:44,Growth,22,7,12,3,36,active,864.0,2023-12-02 17:41:44,,0.61,,10,8680.48,868.05,7818.31,862.17,0.0,3.0,1.0,0.0,3.33,60.07,0.0
627910,Inline Systems Partners 1,Education,United Kingdom,4,2023-07-15 14:29:21,Growth,4,1,2,1,4,active,96.0,2023-07-15 14:29:21,,1.0,,9,857.76,95.31,759.89,97.87,0.0,7.0,3.0,1.0,3.29,21.51,0.0
733368,GridLogic Networks 1,Software,Germany,11,2024-08-12 11:13:44,Starter,3,0,3,0,4,active,48.0,2024-08-12 11:13:44,,0.75,,13,607.11,46.7,563.71,0.0,43.4,5.0,1.0,0.0,3.8,57.54,0.0
358368,TriggerPoint Analytics,Healthcare,France,9,2023-06-21 10:01:45,Starter,2,1,1,0,4,active,48.0,2023-06-21 10:01:45,,0.5,,13,640.58,49.28,593.56,47.02,0.0,8.0,0.0,1.0,3.25,53.16,0.0
942582,EdgeFlow Technologies Collective,Healthcare,Netherlands,11,2024-03-05 18:57:15,Starter,2,0,2,0,2,active,24.0,2024-03-05 18:57:15,,1.0,,9,217.8,24.2,217.8,0.0,0.0,3.0,0.0,0.0,3.33,37.07,0.0
416704,Envoy Platforms Group 1,Retail,France,18,2023-02-22 04:23:57,Starter,6,1,5,0,7,churned,84.0,2023-02-22 04:23:57,2023-12-07 04:23:57,0.86,288.0,20,1691.79,84.59,1601.68,90.11,0.0,3.0,0.0,0.0,4.33,71.37,0.0
206487,Unified Ops,Software,Australia,6,2024-09-30 13:30:01,Starter,5,0,3,2,6,active,72.0,2024-09-30 13:30:01,,0.83,,12,840.17,70.01,766.49,73.68,0.0,3.0,0.0,0.0,4.0,90.83,0.0
845929,Deployly Works,Financial Services,India,4,2025-02-16 11:54:59,Starter,3,1,2,0,4,active,48.0,2025-02-16 11:54:59,,0.75,,15,730.08,48.67,682.24,47.84,0.0,5.0,1.0,0.0,4.2,45.88,0.0
705149,Kinetic AI Group 1,Healthcare,Australia,19,2023-04-11 10:12:56,Starter,7,2,3,2,8,churned,96.0,2023-04-11 10:12:56,2024-04-23 10:12:56,0.88,378.0,15,1449.22,96.61,1449.22,0.0,0.0,6.0,1.0,0.0,3.83,48.72,0.0
558167,StackBase Analytics 1,Software,India,301,2025-09-16 08:14:13,Business,39,3,29,7,39,active,1716.0,2025-09-16 08:14:13,,1.0,,10,17151.47,1715.15,15452.54,0.0,0.0,6.0,1.0,1.0,5.0,21.18,2.0
665391,Unified Ops Analytics,Manufacturing,United Kingdom,3,2025-02-23 06:51:05,Starter,2,1,1,0,2,active,24.0,2025-02-23 06:51:05,,1.0,,4,94.12,23.53,94.12,0.0,0.0,4.0,1.0,1.0,3.5,31.98,0.0
419173,Amplitude Corp Collective,Healthcare,Brazil,564,2024-11-23 10:49:23,Business,79,10,54,15,89,active,3916.0,2024-11-23 10:49:23,,0.89,,14,55612.0,3972.29,47799.75,7812.25,0.0,8.0,2.0,0.0,3.29,28.89,1.0
661816,Xenon Analytics Collective 1,Financial Services,United States,172,2023-10-21 09:42:38,Growth,13,3,6,4,16,active,384.0,2023-10-21 09:42:38,,0.81,,11,4227.11,384.28,3836.44,390.67,0.0,3.0,0.0,1.0,3.5,71.05,1.0
280034,Keystroke AI Partners 1,Software,Netherlands,31,2025-02-15 09:55:48,Starter,7,1,6,0,8,active,96.0,2025-02-15 09:55:48,,0.88,,12,1160.37,96.7,1065.81,94.56,0.0,1.0,0.0,0.0,1.0,37.5,0.0
516677,EdgeFlow Technologies Works,Logistics,Netherlands,67,2025-08-24 17:26:28,Growth,9,2,5,2,10,active,240.0,2025-08-24 17:26:28,,0.9,,11,2641.13,240.1,2413.72,227.41,0.0,5.0,1.0,0.0,3.6,57.52,0.0
513477,Amplitude Corp Holdings 1,Financial Services,United Kingdom,67,2024-08-12 16:30:27,Growth,21,3,13,5,33,active,792.0,2024-08-12 16:30:27,,0.64,,10,7997.44,799.74,6438.59,787.41,0.0,3.0,0.0,0.0,2.5,32.3,1.0
757526,CloudPeak Systems Technologies 1,Retail,Netherlands,16,2024-09-30 09:33:24,Starter,3,1,1,1,4,active,48.0,2024-09-30 09:33:24,,0.75,,10,479.46,47.95,435.71,0.0,43.75,6.0,1.0,1.0,4.5,28.27,0.0
641547,MeshWorks Networks 1,Software,India,79,2023-09-05 07:09:25,Growth,29,8,17,4,30,churned,720.0,2023-09-05 07:09:25,2024-01-02 07:09:25,0.97,119.0,14,9931.52,709.39,9156.09,0.0,775.43,9.0,4.0,0.0,3.78,40.61,0.0
349634,ZeroFriction Technologies 2,Manufacturing,United States,301,2023-02-24 18:56:30,Business,55,11,34,10,92,active,4048.0,2023-02-24 18:56:30,,0.6,,12,48743.38,4061.95,48743.38,0.0,0.0,7.0,1.0,0.0,4.14,51.86,0.0
416815,Momentum Tools Works,Logistics,Japan,83,2024-12-02 10:03:03,Growth,23,4,15,4,24,active,576.0,2024-12-02 10:03:03,,0.96,,9,5212.26,579.14,5212.26,0.0,0.0,1.0,0.0,0.0,5.0,59.9,0.0
897529,JetMetrics Systems,Education,United States,3,2024-09-20 09:56:52,Starter,2,1,1,0,2,active,24.0,2024-09-20 09:56:52,,1.0,,8,190.09,23.76,190.09,0.0,0.0,2.0,0.0,0.0,4.0,15.8,1.0
663216,Lattice HQ Software 1,Healthcare,Australia,62,2023-12-21 10:24:47,Growth,12,4,6,2,17,active,408.0,2023-12-21 10:24:47,,0.71,,13,5227.65,402.13,4787.69,439.96,0.0,5.0,1.0,0.0,4.2,54.36,0.0
716836,QueryForge Holdings,Financial Services,Australia,8,2023-07-23 12:15:27,Starter,7,0,6,1,8,active,96.0,2023-07-23 12:15:27,,0.88,,12,1182.84,98.57,1182.84,0.0,0.0,4.0,2.0,0.0,5.0,13.53,1.0
301631,JetMetrics Technologies,Retail,Canada,75,2024-05-27 14:35:42,Growth,10,0,9,1,18,active,432.0,2024-05-27 14:35:42,,0.56,,9,3900.74,433.42,3025.63,430.26,444.85,7.0,0.0,0.0,4.0,50.19,0.0
617749,Junction Cloud Labs 1,Software,Germany,16,2025-04-03 13:50:40,Starter,4,3,0,1,7,active,84.0,2025-04-03 13:50:40,,0.57,,17,1399.18,82.3,1068.57,165.11,165.5,7.0,1.0,0.0,3.0,47.88,1.0
692337,WorksiteOS Holdings,Retail,United Kingdom,30,2023-01-15 16:23:07,Growth,26,7,18,1,28,active,672.0,2023-01-15 16:23:07,,0.93,,9,6035.7,670.63,5395.08,640.62,0.0,6.0,0.0,0.0,3.83,67.62,0.0
359909,ZeroFriction Digital 2,Software,France,28,2025-02-10 12:11:26,Growth,17,0,14,3,27,active,648.0,2025-02-10 12:11:26,,0.63,,9,5982.44,664.72,5321.11,661.33,0.0,3.0,0.0,0.0,3.67,38.13,0.0
242844,Basecamp Analytics Collective 1,Software,United Kingdom,270,2023-04-04 23:08:21,Business,30,5,16,9,45,active,1980.0,2023-04-04 23:08:21,,0.67,,3,5610.44,1870.15,5610.44,0.0,0.0,5.0,1.0,0.0,4.2,44.7,0.0
599218,Envoy Platforms Holdings,Healthcare,India,135,2023-05-19 14:30:39,Business,95,18,54,23,126,active,5544.0,2023-05-19 14:30:39,,0.75,,9,49362.66,5484.74,38565.54,5254.64,0.0,5.0,2.0,1.0,4.2,22.28,0.0
956011,Unified Ops Labs,Financial Services,Germany,69,2025-03-29 14:55:04,Growth,13,2,8,3,18,active,432.0,2025-03-29 14:55:04,,0.72,,4,1720.43,430.11,1720.43,0.0,0.0,2.0,1.0,0.0,4.5,13.75,0.0
896894,Relay Systems Software 1,Software,Japan,132,2025-07-07 15:27:16,Business,30,7,20,3,36,active,1584.0,2025-07-07 15:27:16,,0.83,,14,22305.49,1593.25,20796.27,0.0,0.0,4.0,1.0,1.0,3.5,54.08,0.0
512181,NodeSync Partners 1,Healthcare,Japan,45,2024-11-03 18:25:56,Growth,15,1,6,8,21,active,504.0,2024-11-03 18:25:56,,0.71,,3,1504.29,501.43,1504.29,0.0,0.0,10.0,0.0,2.0,3.1,45.66,0.0
372540,YieldMetrics Holdings,Retail,United States,236,2023-03-14 07:00:56,Business,25,4,16,5,38,active,1672.0,2023-03-14 07:00:56,,0.66,,14,23631.5,1687.96,16957.11,3515.25,1647.11,3.0,0.0,1.0,4.33,46.67,0.0
310258,Keystroke AI Analytics 2,Software,United States,7,2023-07-29 13:49:00,Starter,3,1,2,0,4,active,48.0,2023-07-29 13:49:00,,0.75,,11,536.42,48.77,383.17,51.61,50.42,9.0,0.0,1.0,4.25,50.03,1.0
912127,TriggerPoint Collective,Software,Netherlands,199,2025-05-03 22:54:19,Business,36,6,20,10,41,active,1804.0,2025-05-03 22:54:19,,0.88,,19,33416.06,1758.74,26400.85,5369.03,1646.18,5.0,2.0,0.0,4.0,63.8,0.0
848451,WorksiteOS Analytics 1,Software,India,173,2025-03-17 14:29:09,Growth,20,3,11,6,23,active,552.0,2025-03-17 14:29:09,,0.87,,11,5957.35,541.58,5957.35,0.0,0.0,3.0,0.0,0.0,4.33,35.57,0.0
228499,NexusOne Partners,Retail,India,3,2023-02-26 11:02:26,Starter,2,0,1,1,3,churned,36.0,2023-02-26 11:02:26,2024-10-13 11:02:26,0.67,595.0,17,608.55,35.8,505.28,33.94,69.33,9.0,1.0,0.0,3.5,67.81,1.0
230161,WorksiteOS,Financial Services,Canada,19,2023-04-30 13:08:58,Growth,12,3,5,4,19,active,456.0,2023-04-30 13:08:58,,0.63,,11,5031.68,457.43,4553.85,0.0,0.0,1.0,0.0,0.0,5.0,51.4,0.0
839821,WorksiteOS Technologies,Software,United Kingdom,25,2025-08-12 16:27:42,Growth,24,6,12,6,25,active,600.0,2025-08-12 16:27:42,,0.96,,7,4280.97,611.57,3709.47,571.5,0.0,3.0,0.0,0.0,3.33,71.03,0.0
895559,QueryForge Systems 1,Software,United States,44,2025-02-25 08:52:00,Growth,25,5,13,7,30,active,720.0,2025-02-25 08:52:00,,0.83,,14,10007.42,714.82,8599.96,0.0,1407.46,6.0,2.0,1.0,3.83,29.65,0.0
541269,JetMetrics Industries 1,Software,India,32,2024-06-24 23:24:02,Growth,7,1,3,3,9,churned,216.0,2024-06-24 23:24:02,2025-03-21 23:24:02,0.78,270.0,14,3092.0,220.86,2878.0,214.0,0.0,2.0,1.0,0.0,4.0,9.9,0.0
259726,HorizonSaaS Holdings,Retail,Japan,5,2023-08-05 08:27:58,Starter,4,1,1,2,4,active,48.0,2023-08-05 08:27:58,,1.0,,9,432.66,48.07,432.66,0.0,0.0,4.0,0.0,0.0,4.25,33.83,0.0
566579,Kinetic AI Group,Education,Canada,52,2025-05-06 14:52:10,Business,37,4,29,4,52,active,2288.0,2025-05-06 14:52:10,,0.71,,16,37106.3,2319.14,37106.3,0.0,0.0,2.0,0.0,0.0,3.0,35.2,0.0
550912,HubStack Digital 1,Education,Germany,7,2023-09-08 15:53:53,Starter,3,2,1,0,5,active,60.0,2023-09-08 15:53:53,,0.6,,11,666.79,60.62,666.79,0.0,0.0,6.0,1.0,0.0,4.0,53.85,2.0
104172,YieldMetrics Works,Logistics,Germany,16,2025-07-30 22:50:24,Starter,2,1,0,1,2,active,24.0,2025-07-30 22:50:24,,1.0,,15,366.81,24.45,317.36,26.42,0.0,10.0,2.0,0.0,4.3,39.78,0.0
671372,Xenon Analytics Holdings 1,Education,India,11,2024-12-15 11:00:31,Starter,5,2,1,2,6,active,72.0,2024-12-15 11:00:31,,0.83,,13,941.21,72.4,941.21,0.0,0.0,4.0,1.0,1.0,3.75,23.28,0.0
445354,Inline Systems Holdings 1,Software,Netherlands,19,2024-08-15 12:51:42,Starter,5,0,3,2,6,active,72.0,2024-08-15 12:51:42,,0.83,,12,873.64,72.8,721.04,152.6,0.0,8.0,2.0,0.0,3.88,34.1,0.0
590704,InfraPoint Digital,Software,Japan,261,2023-10-20 23:31:00,Growth,16,4,11,1,24,active,576.0,2023-10-20 23:31:00,,0.67,,15,8674.3,578.29,6962.5,628.62,520.28,7.0,2.0,0.0,3.83,42.72,1.0
287710,Xenon Analytics Networks 1,Healthcare,United States,150,2024-05-11 13:18:05,Business,81,12,51,18,89,active,3916.0,2024-05-11 13:18:05,,0.91,,9,36003.52,4000.39,36003.52,0.0,0.0,2.0,1.0,0.0,2.5,75.3,0.0
713907,FlowState Labs,Retail,India,21,2024-02-16 10:43:11,Starter,2,0,2,0,4,churned,48.0,2024-02-16 10:43:11,2025-09-15 10:43:11,0.5,577.0,14,680.92,48.64,423.63,201.88,55.41,3.0,1.0,0.0,5.0,64.43,0.0
604851,Catalyst CRM Group 2,Software,United States,3,2025-08-20 15:41:02,Starter,3,0,3,0,3,past_due,36.0,2025-08-20 15:41:02,,1.0,,8,284.66,35.58,214.77,37.33,0.0,8.0,3.0,2.0,3.75,33.3,0.0
600525,Relay Systems Digital 2,Manufacturing,Japan,74,2025-08-22 10:32:17,Growth,32,4,23,5,51,active,1224.0,2025-08-22 10:32:17,,0.63,,13,16187.14,1245.16,13524.4,1358.77,1303.97,6.0,0.0,0.0,4.33,49.5,0.0
938120,Unified Ops Works 2,Healthcare,Brazil,25,2025-02-11 13:17:57,Growth,9,0,6,3,9,active,216.0,2025-02-11 13:17:57,,1.0,,11,2356.12,214.19,2356.12,0.0,0.0,7.0,3.0,0.0,4.0,20.36,2.0
165982,Envoy Platforms Software,Manufacturing,Brazil,73,2025-09-16 16:40:39,Growth,15,1,12,2,15,active,360.0,2025-09-16 16:40:39,,1.0,,13,4722.89,363.3,4026.83,696.06,0.0,6.0,2.0,0.0,3.83,47.03,0.0
646333,GridLogic Labs 1,Education,United Kingdom,17,2023-01-25 14:37:21,Starter,4,1,2,1,5,active,60.0,2023-01-25 14:37:21,,0.8,,10,609.83,60.98,609.83,0.0,0.0,6.0,2.0,0.0,4.5,48.57,0.0
116626,Keystroke AI Industries,Software,Japan,161,2024-01-15 12:20:00,Business,74,14,47,13,83,trialing,3652.0,2024-01-15 12:20:00,,0.89,,13,47451.97,3650.15,39762.79,7689.18,0.0,1.0,1.0,0.0,5.0,10.7,0.0
451238,MeshWorks Digital,Financial Services,United States,91,2024-03-24 13:01:43,Growth,29,7,17,5,32,active,768.0,2024-03-24 13:01:43,,0.91,,11,8460.96,769.18,7717.59,743.37,0.0,4.0,1.0,1.0,3.67,42.5,1.0
365660,TriggerPoint Networks 1,Software,Australia,48,2023-01-29 13:51:07,Growth,13,2,9,2,13,churned,312.0,2023-01-29 13:51:07,2024-05-08 13:51:07,1.0,465.0,9,2850.06,316.67,2850.06,0.0,0.0,4.0,2.0,0.0,4.5,26.38,0.0
247003,VaultStream Collective,Financial Services,Brazil,28,2023-03-17 10:14:50,Growth,22,3,13,6,28,active,672.0,2023-03-17 10:14:50,,0.79,,11,7484.49,680.41,6777.35,0.0,707.14,8.0,1.0,1.0,3.86,49.49,1.0
918643,Inline Systems Industries,Software,United States,26,2025-03-16 18:44:05,Growth,20,3,13,4,26,active,624.0,2025-03-16 18:44:05,,0.77,,14,9002.81,643.06,8384.15,618.66,0.0,5.0,0.0,1.0,3.4,32.04,0.0
149930,EdgeFlow Technologies Labs,Logistics,Brazil,104,2024-06-03 20:25:22,Growth,29,7,17,5,40,active,960.0,2024-06-03 20:25:22,,0.73,,10,9498.45,949.85,5688.69,2829.19,0.0,5.0,1.0,1.0,4.0,39.6,0.0
962615,CloudPeak Systems Analytics,Software,Australia,33,2024-01-17 08:20:16,Growth,29,5,21,3,33,active,792.0,2024-01-17 08:20:16,,0.88,,13,10437.83,802.91,10437.83,0.0,0.0,5.0,1.0,1.0,3.6,32.16,0.0
872833,DataBridge Pro Collective 1,Software,United States,3,2023-05-08 13:48:58,Starter,3,0,2,1,3,active,36.0,2023-05-08 13:48:58,,1.0,,13,467.27,35.94,432.63,0.0,0.0,5.0,3.0,0.0,4.2,27.48,0.0
729870,CloudPeak Systems Systems 1,Logistics,Brazil,46,2025-05-27 15:39:49,Growth,10,3,6,1,11,active,264.0,2025-05-27 15:39:49,,0.91,,12,3150.8,262.57,3150.8,0.0,0.0,4.0,0.0,0.0,4.33,44.53,1.0
196331,Lattice HQ Partners,Manufacturing,United States,58,2024-03-05 12:15:54,Growth,41,9,26,6,45,active,1080.0,2024-03-05 12:15:54,,0.91,,8,8670.54,1083.82,8670.54,0.0,0.0,3.0,1.0,0.0,3.67,42.63,0.0
278870,WorksiteOS Digital 1,Financial Services,Brazil,8,2024-12-31 09:55:06,Starter,3,1,1,1,4,active,48.0,2024-12-31 09:55:06,,0.75,,11,526.52,47.87,478.07,0.0,48.45,7.0,3.0,0.0,4.5,27.55,1.0
369202,Gradient Labs Technologies,Retail,Canada,43,2023-02-07 19:45:36,Growth,15,1,14,0,24,active,576.0,2023-02-07 19:45:36,,0.63,,17,9911.65,583.04,9304.33,0.0,0.0,1.0,0.0,0.0,5.0,132.1,0.0
893066,DataBridge Pro Labs,Software,France,18,2024-05-03 15:03:02,Starter,4,0,3,1,7,active,84.0,2024-05-03 15:03:02,,0.57,,11,918.09,83.46,836.87,0.0,0.0,4.0,2.0,1.0,3.75,46.2,0.0
200830,Inline Systems Systems 1,Manufacturing,Canada,29,2023-08-03 12:48:25,Growth,13,5,6,2,22,active,528.0,2023-08-03 12:48:25,,0.59,,17,8960.72,527.1,8960.72,0.0,0.0,2.0,0.0,1.0,2.5,16.05,0.0
149920,Inline Systems Works,Software,Germany,15,2024-04-20 10:16:38,Starter,3,0,3,0,4,active,48.0,2024-04-20 10:16:38,,0.75,,7,333.99,47.71,236.57,97.42,0.0,6.0,1.0,0.0,4.0,56.38,0.0
253221,Axiom Labs Digital,Manufacturing,Canada,12,2025-05-31 10:04:48,Starter,7,0,6,1,10,active,120.0,2025-05-31 10:04:48,,0.7,,11,1339.11,121.74,1216.54,0.0,0.0,8.0,0.0,1.0,3.71,60.71,1.0
837734,ZeroFriction Labs,Logistics,United States,50,2025-09-23 08:11:08,Growth,45,7,30,8,49,active,1176.0,2025-09-23 08:11:08,,0.92,,18,21173.08,1176.28,19964.98,1208.1,0.0,11.0,0.0,0.0,4.09,47.53,0.0
996360,NodeSync,Financial Services,Brazil,15,2025-02-26 08:47:23,Starter,6,0,6,0,8,active,96.0,2025-02-26 08:47:23,,0.75,,15,1443.14,96.21,1443.14,0.0,0.0,2.0,1.0,1.0,4.0,7.2,0.0
815721,YieldMetrics Analytics 1,Healthcare,Australia,3,2024-06-12 14:46:16,Starter,3,1,1,1,3,active,36.0,2024-06-12 14:46:16,,1.0,,6,214.02,35.67,180.77,33.25,0.0,6.0,2.0,0.0,4.17,51.77,0.0
615864,Basecamp Analytics Software,Education,Netherlands,87,2024-02-06 14:50:10,Growth,15,3,10,2,25,active,600.0,2024-02-06 14:50:10,,0.6,,16,9609.72,600.61,9609.72,0.0,0.0,2.0,0.0,1.0,4.5,47.3,0.0
673856,Beacon Software Solutions 1,Financial Services,Japan,5,2024-06-19 13:21:32,Starter,4,1,3,0,5,active,60.0,2024-06-19 13:21:32,,0.8,,12,705.41,58.78,705.41,0.0,0.0,6.0,2.0,0.0,3.83,28.87,0.0
252591,Catalyst CRM Solutions 1,Financial Services,France,22,2025-04-09 06:00:05,Growth,12,4,8,0,17,active,408.0,2025-04-09 06:00:05,,0.71,,15,6273.41,418.23,6273.41,0.0,0.0,5.0,2.0,0.0,2.8,48.46,0.0
316254,Inline Systems Group,Healthcare,Japan,29,2024-10-01 15:47:01,Growth,20,4,12,4,29,active,696.0,2024-10-01 15:47:01,,0.69,,18,12396.13,688.67,10954.85,1441.28,0.0,7.0,0.0,1.0,4.71,76.67,0.0
213004,Axiom Labs Systems 1,Software,Australia,15,2024-02-15 07:58:22,Starter,4,0,4,0,7,active,84.0,2024-02-15 07:58:22,,0.57,,16,1290.99,80.69,1290.99,0.0,0.0,7.0,1.0,1.0,4.43,20.79,0.0
916037,YieldMetrics Technologies,Retail,United States,10,2025-09-08 12:12:51,Starter,2,0,2,0,3,active,36.0,2025-09-08 12:12:51,,0.67,,11,395.97,36.0,324.88,0.0,0.0,4.0,1.0,0.0,4.0,59.83,0.0
202107,InfraPoint Industries,Software,Germany,31,2025-06-25 14:53:29,Growth,20,2,14,4,31,active,744.0,2025-06-25 14:53:29,,0.65,,9,6544.45,727.16,5163.32,1381.13,0.0,2.0,2.0,0.0,5.0,18.4,1.0
198116,YieldMetrics Holdings 1,Manufacturing,United States,55,2025-07-22 09:03:17,Growth,20,3,10,7,35,active,840.0,2025-07-22 09:03:17,,0.57,,11,9109.54,828.14,9109.54,0.0,0.0,6.0,0.0,0.0,4.8,44.86,1.0
649882,GridLogic,Software,Australia,7,2024-12-08 14:07:40,Starter,6,1,4,1,7,trialing,84.0,2024-12-08 14:07:40,,0.86,,17,1396.95,82.17,1396.95,0.0,0.0,4.0,1.0,0.0,4.5,49.73,0.0
245270,Unified Ops Solutions 2,Healthcare,Australia,9,2023-07-12 12:39:35,Starter,1,1,0,0,2,churned,24.0,2023-07-12 12:39:35,2024-09-22 12:39:35,0.5,438.0,12,290.38,24.2,242.56,0.0,0.0,5.0,2.0,0.0,3.6,58.2,0.0
775816,NodeSync Holdings,Manufacturing,France,4,2024-05-20 15:55:15,Starter,3,0,3,0,4,active,48.0,2024-05-20 15:55:15,,0.75,,8,391.93,48.99,295.09,47.95,48.89,1.0,0.0,0.0,3.0,39.8,0.0
696918,ZeroFriction Technologies 1,Financial Services,Netherlands,46,2023-02-07 13:41:45,Growth,10,2,6,2,13,active,312.0,2023-02-07 13:41:45,,0.77,,16,4970.83,310.68,4339.5,0.0,310.72,6.0,0.0,1.0,4.0,35.13,0.0
441926,TriggerPoint Partners 1,Financial Services,Germany,5,2024-05-17 17:29:02,Starter,3,0,2,1,5,past_due,60.0,2024-05-17 17:29:02,,0.6,,11,660.49,60.04,484.26,56.7,0.0,8.0,0.0,0.0,4.4,37.64,3.0
436439,Relay Systems Networks,Manufacturing,Brazil,22,2025-01-10 13:16:04,Starter,3,1,1,1,3,active,36.0,2025-01-10 13:16:04,,1.0,,15,542.98,36.2,507.27,35.71,0.0,6.0,1.0,0.0,4.0,43.78,1.0
179746,Amplitude Corp Technologies 2,Healthcare,Japan,3,2024-01-26 09:01:23,Starter,2,1,0,1,3,active,36.0,2024-01-26 09:01:23,,0.67,,12,435.22,36.27,293.36,106.93,34.93,9.0,2.0,2.0,4.38,34.08,1.0
973361,Momentum Tools Digital,Education,United States,116,2024-03-01 11:56:05,Growth,10,3,6,1,13,trialing,312.0,2024-03-01 11:56:05,,0.77,,11,3513.56,319.41,2882.74,0.0,0.0,4.0,0.0,0.0,4.33,45.73,1.0
980971,HorizonSaaS Networks,Retail,Germany,38,2025-01-01 17:05:02,Growth,13,0,11,2,21,active,504.0,2025-01-01 17:05:02,,0.62,,14,7009.22,500.66,6461.06,548.16,0.0,2.0,0.0,0.0,4.5,65.35,0.0
259984,Unified Ops Technologies,Software,United States,272,2023-02-25 14:10:11,Business,41,9,23,9,47,active,2068.0,2023-02-25 14:10:11,,0.87,,14,28741.27,2052.95,26634.28,2106.99,0.0,3.0,0.0,1.0,4.33,38.97,0.0
597040,Gradient Labs Digital 2,Healthcare,United States,9,2024-02-24 07:10:37,Starter,5,1,2,2,6,active,72.0,2024-02-24 07:10:37,,0.83,,14,1012.47,72.32,1012.47,0.0,0.0,8.0,1.0,0.0,4.29,35.4,1.0
586841,Lattice HQ Digital,Financial Services,Netherlands,46,2024-03-15 11:44:12,Growth,7,1,6,0,9,active,216.0,2024-03-15 11:44:12,,0.78,,13,2765.76,212.75,2320.01,218.3,227.45,2.0,1.0,1.0,3.5,9.3,0.0
925203,YieldMetrics Solutions,Logistics,United Kingdom,3,2024-10-08 10:05:11,Starter,3,1,1,1,3,active,36.0,2024-10-08 10:05:11,,1.0,,12,429.64,35.8,429.64,0.0,0.0,6.0,0.0,0.0,4.17,51.37,0.0
263552,Keystroke AI Analytics,Financial Services,Canada,5,2025-04-23 07:07:18,Starter,2,0,1,1,3,active,36.0,2025-04-23 07:07:18,,0.67,,8,282.24,35.28,282.24,0.0,0.0,6.0,1.0,0.0,4.0,33.03,0.0
549691,FunnelSoft Collective,Logistics,Brazil,25,2023-04-18 12:37:07,Growth,21,3,14,4,25,churned,600.0,2023-04-18 12:37:07,2024-11-10 12:37:07,0.84,572.0,13,7798.66,599.9,7798.66,0.0,0.0,5.0,1.0,0.0,4.75,28.65,1.0
990741,Keystroke AI Solutions 1,Software,United Kingdom,12,2025-05-28 17:33:35,Starter,5,2,2,1,5,active,60.0,2025-05-28 17:33:35,,1.0,,12,730.1,60.84,668.07,0.0,0.0,3.0,0.0,0.0,4.0,80.27,0.0
572896,CloudPeak Systems Labs 2,Software,Canada,4,2023-10-16 23:09:15,Starter,4,2,2,0,4,active,48.0,2023-10-16 23:09:15,,1.0,,23,1117.85,48.6,966.19,99.44,52.22,5.0,0.0,0.0,4.67,31.1,2.0
644079,PipelineIO,Manufacturing,Canada,58,2024-04-07 14:36:53,Growth,14,2,9,3,15,active,360.0,2024-04-07 14:36:53,,0.93,,5,1883.03,376.61,1525.36,0.0,0.0,5.0,1.0,0.0,3.5,36.83,1.0
392724,InfraPoint Solutions,Retail,Japan,44,2023-05-20 08:55:20,Growth,11,1,8,2,15,active,360.0,2023-05-20 08:55:20,,0.73,,9,3301.35,366.82,2238.55,0.0,1062.8,6.0,0.0,1.0,4.2,25.34,1.0
583252,FunnelSoft Partners,Financial Services,France,60,2023-01-04 09:31:57,Growth,18,5,8,5,20,past_due,480.0,2023-01-04 09:31:57,,0.9,,12,5806.97,483.91,4875.92,931.05,0.0,6.0,2.0,0.0,3.67,41.72,0.0
454905,Relay Systems Technologies,Education,Germany,6,2023-02-08 14:07:07,Starter,3,0,2,1,4,active,48.0,2023-02-08 14:07:07,,0.75,,12,581.38,48.45,581.38,0.0,0.0,6.0,0.0,0.0,4.17,68.77,0.0
304962,Beacon Software Labs 2,Logistics,France,549,2024-01-06 10:15:32,Business,113,14,74,25,126,active,5544.0,2024-01-06 10:15:32,,0.9,,20,110841.45,5542.07,105509.46,5331.99,0.0,8.0,2.0,0.0,3.75,37.95,0.0
530957,PipelineIO Partners,Software,Japan,55,2023-11-06 13:52:44,Growth,6,1,4,1,8,active,192.0,2023-11-06 13:52:44,,0.75,,16,3209.05,200.57,2624.12,380.41,204.52,8.0,2.0,0.0,4.0,30.83,1.0
753247,MeshWorks,Manufacturing,United Kingdom,30,2023-11-17 15:15:33,Growth,28,6,17,5,30,active,720.0,2023-11-17 15:15:33,,0.93,,12,8746.6,728.88,5876.24,1462.65,744.08,4.0,0.0,0.0,4.0,75.28,0.0
124942,MeshWorks Partners,Retail,France,55,2023-06-13 15:09:25,Growth,16,3,11,2,25,churned,600.0,2023-06-13 15:09:25,2023-11-14 15:09:25,0.64,154.0,10,6095.57,609.56,4924.62,0.0,1170.95,8.0,2.0,0.0,4.5,65.5,2.0
209680,Xenon Analytics Networks 2,Healthcare,Brazil,16,2024-09-17 06:21:55,Starter,2,1,1,0,3,active,36.0,2024-09-17 06:21:55,,0.67,,12,430.63,35.89,430.63,0.0,0.0,3.0,0.0,0.0,3.0,23.83,0.0
672009,NexusOne Technologies 1,Healthcare,Brazil,63,2023-01-27 05:51:27,Growth,36,8,23,5,48,churned,1152.0,2023-01-27 05:51:27,2023-04-13 05:51:27,0.75,76.0,16,18352.85,1147.05,16166.58,1089.52,1096.75,5.0,3.0,0.0,3.4,28.88,0.0
453260,Xenon Analytics Group 2,Healthcare,Australia,55,2023-09-04 13:11:42,Growth,15,1,12,2,21,active,504.0,2023-09-04 13:11:42,,0.71,,13,6693.04,514.85,5632.89,1060.15,0.0,2.0,1.0,0.0,5.0,17.2,0.0
831195,Amplitude Corp Labs 2,Manufacturing,United States,39,2023-05-27 13:31:59,Growth,30,7,20,3,39,active,936.0,2023-05-27 13:31:59,,0.77,,8,7759.6,969.95,5951.11,1808.49,0.0,5.0,0.0,0.0,3.75,36.58,1.0
557608,Basecamp Analytics Labs 2,Software,United Kingdom,83,2025-08-13 07:43:44,Growth,23,2,18,3,31,active,744.0,2025-08-13 07:43:44,,0.74,,12,8967.29,747.27,8967.29,0.0,0.0,1.0,0.0,0.0,5.0,41.0,0.0
189198,QueryForge Software 1,Financial Services,Australia,15,2024-02-20 08:37:28,Starter,1,1,0,0,1,active,12.0,2024-02-20 08:37:28,,1.0,,16,192.97,12.06,181.36,0.0,11.61,2.0,0.0,1.0,4.0,29.45,0.0
280156,Kinetic AI Systems,Healthcare,United States,117,2023-11-30 12:23:22,Growth,30,2,22,6,31,active,744.0,2023-11-30 12:23:22,,0.97,,6,4585.95,764.33,3813.85,772.1,0.0,5.0,1.0,0.0,4.4,33.84,0.0
165039,Momentum Tools Partners 1,Financial Services,France,157,2025-06-04 20:42:30,Business,81,10,62,9,87,active,3828.0,2025-06-04 20:42:30,,0.93,,11,41449.92,3768.17,34380.3,3604.9,3464.72,3.0,0.0,0.0,4.67,33.43,0.0
902347,NodeSync Software 2,Logistics,United States,132,2024-07-23 14:21:30,Business,72,15,45,12,74,active,3256.0,2024-07-23 14:21:30,,0.97,,18,58109.86,3228.33,51742.15,6367.71,0.0,2.0,0.0,0.0,4.0,19.2,0.0
136409,NodeSync Systems,Manufacturing,Brazil,9,2025-06-10 11:25:09,Starter,7,0,6,1,7,active,84.0,2025-06-10 11:25:09,,1.0,,12,998.73,83.23,914.67,84.06,0.0,5.0,2.0,0.0,4.4,33.0,0.0
548818,NodeSync Group 2,Financial Services,Canada,32,2025-07-28 11:48:56,Growth,12,1,7,4,17,active,408.0,2025-07-28 11:48:56,,0.71,,12,4985.94,415.5,4985.94,0.0,0.0,2.0,1.0,0.0,5.0,29.7,0.0
775527,Axiom Labs Systems,Software,France,324,2024-01-27 15:48:29,Business,42,10,22,10,52,active,2288.0,2024-01-27 15:48:29,,0.81,,10,22834.68,2283.47,18343.8,4490.88,0.0,6.0,1.0,1.0,3.67,29.1,0.0
664752,InfraPoint Works,Education,Netherlands,17,2024-02-21 19:43:58,Starter,5,2,1,2,7,active,84.0,2024-02-21 19:43:58,,0.71,,15,1273.5,84.9,1099.48,89.57,84.45,3.0,0.0,0.0,3.67,27.0,0.0
868446,Envoy Platforms Group,Logistics,United States,112,2024-10-01 09:00:04,Growth,30,5,21,4,32,active,768.0,2024-10-01 09:00:04,,0.94,,14,10757.48,768.39,10757.48,0.0,0.0,2.0,1.0,0.0,4.5,60.45,0.0
301959,JetMetrics Holdings 1,Software,Germany,95,2023-01-12 09:23:40,Growth,25,5,19,1,37,active,888.0,2023-01-12 09:23:40,,0.68,,8,7128.45,891.06,6176.84,951.61,0.0,4.0,0.0,1.0,3.33,58.27,1.0
513019,DataBridge Pro Technologies 2,Healthcare,Canada,96,2024-08-29 08:11:35,Growth,6,2,3,1,10,active,240.0,2024-08-29 08:11:35,,0.6,,10,2430.47,243.05,2430.47,0.0,0.0,3.0,0.0,0.0,4.33,75.4,0.0
379610,StackBase Partners 1,Logistics,United Kingdom,9,2023-12-15 08:52:21,Starter,1,0,0,1,2,active,24.0,2023-12-15 08:52:21,,0.5,,12,285.43,23.79,259.87,0.0,25.56,6.0,2.0,1.0,3.4,34.0,1.0
301920,CloudPeak Systems Group 1,Software,France,6,2023-11-22 14:10:22,Starter,3,0,3,0,3,active,36.0,2023-11-22 14:10:22,,1.0,,7,251.98,36.0,216.85,35.13,0.0,6.0,0.0,0.0,4.4,42.5,1.0
579749,JetMetrics Collective 1,Education,Australia,11,2025-05-22 13:41:39,Starter,4,0,4,0,5,active,60.0,2025-05-22 13:41:39,,0.8,,13,785.52,60.42,720.09,65.43,0.0,10.0,0.0,1.0,3.4,34.27,0.0
574882,FunnelSoft Group 1,Software,United Kingdom,21,2025-02-20 11:17:51,Starter,6,1,5,0,6,active,72.0,2025-02-20 11:17:51,,1.0,,11,795.37,72.31,724.31,71.06,0.0,8.0,2.0,2.0,4.43,30.99,1.0
314260,FunnelSoft Holdings,Software,United States,256,2025-05-20 08:49:17,Business,34,7,21,6,52,active,2288.0,2025-05-20 08:49:17,,0.65,,8,17368.68,2171.09,17368.68,0.0,0.0,1.0,1.0,0.0,,,1.0
681503,Kinetic AI Labs,Education,Netherlands,5,2024-10-17 11:41:25,Starter,4,2,1,1,5,active,60.0,2024-10-17 11:41:25,,0.8,,15,895.9,59.73,895.9,0.0,0.0,4.0,0.0,0.0,4.5,38.33,0.0
575346,Lattice HQ Digital 1,Logistics,Canada,64,2025-08-16 20:15:30,Growth,23,2,20,1,24,active,576.0,2025-08-16 20:15:30,,0.96,,11,6304.65,573.15,6304.65,0.0,0.0,3.0,1.0,0.0,3.67,51.5,0.0
961788,Junction Cloud Digital 1,Logistics,India,3,2024-11-03 13:09:30,Starter,2,1,1,0,3,active,36.0,2024-11-03 13:09:30,,0.67,,12,446.48,37.21,446.48,0.0,0.0,5.0,1.0,0.0,3.4,25.36,0.0
948864,HorizonSaaS Digital,Financial Services,United States,44,2025-03-19 11:22:59,Growth,14,3,9,2,22,active,528.0,2025-03-19 11:22:59,,0.64,,15,7900.58,526.71,7360.83,539.75,0.0,4.0,1.0,0.0,4.0,26.87,1.0
540115,JetMetrics Industries,Software,Netherlands,37,2023-05-23 15:15:31,Growth,23,4,17,2,37,active,888.0,2023-05-23 15:15:31,,0.62,,19,16938.52,891.5,16038.53,899.99,0.0,3.0,0.0,0.0,4.33,41.77,0.0
284692,StackBase Digital 2,Software,France,68,2025-05-20 11:29:34,Growth,35,6,24,5,36,active,864.0,2025-05-20 11:29:34,,0.97,,16,13903.59,868.97,12204.7,842.53,0.0,4.0,1.0,0.0,4.5,42.23,0.0
807582,Deployly Collective 1,Retail,Australia,27,2024-11-15 09:32:54,Growth,11,1,10,0,14,trialing,336.0,2024-11-15 09:32:54,,0.79,,12,3995.67,332.97,3678.29,317.38,0.0,4.0,1.0,1.0,4.25,46.8,0.0
424994,Axiom Labs Industries,Financial Services,Canada,499,2025-08-27 11:55:37,Business,45,11,26,8,73,past_due,3212.0,2025-08-27 11:55:37,,0.62,,13,42311.08,3254.7,32420.45,3109.9,6780.73,7.0,1.0,2.0,3.0,60.33,1.0
256035,Deployly Technologies,Healthcare,Germany,17,2023-11-30 18:06:46,Starter,3,0,2,1,3,active,36.0,2023-11-30 18:06:46,,1.0,,14,494.71,35.34,494.71,0.0,0.0,6.0,1.0,1.0,3.8,42.56,1.0
359178,NodeSync Holdings 1,Software,Germany,34,2025-01-09 15:40:43,Growth,11,4,3,4,19,active,456.0,2025-01-09 15:40:43,,0.58,,12,5626.38,468.87,5626.38,0.0,0.0,5.0,0.0,2.0,3.8,39.66,0.0
742562,Junction Cloud Systems 1,Logistics,Japan,462,2025-03-25 15:43:50,Business,25,5,16,4,43,active,1892.0,2025-03-25 15:43:50,,0.58,,13,24004.45,1846.5,22331.83,1672.62,0.0,4.0,1.0,0.0,4.75,19.48,0.0
132627,FlowState Collective 1,Financial Services,India,5,2024-11-26 12:02:50,Starter,4,0,2,2,5,past_due,60.0,2024-11-26 12:02:50,,0.8,,14,834.31,59.59,704.44,129.87,0.0,3.0,0.0,0.0,4.67,26.1,0.0
461906,Basecamp Analytics Holdings 1,Software,Netherlands,4,2024-07-28 09:36:34,Starter,3,0,3,0,4,active,48.0,2024-07-28 09:36:34,,0.75,,15,719.68,47.98,631.35,88.33,0.0,2.0,0.0,0.0,4.5,39.3,0.0
197488,InfraPoint Group 2,Manufacturing,Japan,243,2024-01-19 13:45:23,Growth,11,1,8,2,17,active,408.0,2024-01-19 13:45:23,,0.65,,15,6042.15,402.81,6042.15,0.0,0.0,5.0,0.0,0.0,4.4,41.04,0.0
713583,FunnelSoft Systems,Retail,United Kingdom,22,2023-06-01 13:24:41,Starter,4,2,2,0,5,active,60.0,2023-06-01 13:24:41,,0.8,,12,716.89,59.74,716.89,0.0,0.0,5.0,2.0,0.0,4.6,31.96,0.0
624691,HorizonSaaS Partners 1,Healthcare,Brazil,33,2025-01-06 13:41:11,Growth,26,5,15,6,29,active,696.0,2025-01-06 13:41:11,,0.9,,15,10633.28,708.89,10633.28,0.0,0.0,4.0,0.0,0.0,3.25,43.58,0.0
465105,Gradient Labs Software 1,Retail,France,16,2024-08-01 11:50:42,Starter,3,2,1,0,4,active,48.0,2024-08-01 11:50:42,,0.75,,8,386.25,48.28,335.59,50.66,0.0,7.0,4.0,0.0,4.57,19.3,0.0
973987,JetMetrics Solutions 1,Healthcare,Australia,16,2024-11-16 13:45:11,Starter,2,0,1,1,2,active,24.0,2024-11-16 13:45:11,,1.0,,11,267.52,24.32,241.61,25.91,0.0,5.0,0.0,0.0,3.0,79.83,1.0
741178,DataBridge Pro Software,Software,Japan,47,2024-08-07 17:49:44,Growth,16,2,13,1,19,active,456.0,2024-08-07 17:49:44,,0.84,,18,7966.19,442.57,7542.5,423.69,0.0,4.0,0.0,0.0,3.25,80.65,0.0
563394,Junction Cloud Group 1,Software,Australia,37,2025-01-19 04:43:44,Growth,24,4,18,2,37,active,888.0,2025-01-19 04:43:44,,0.65,,12,10550.98,879.25,8907.67,860.38,782.93,3.0,0.0,1.0,3.5,16.55,1.0
968396,Keystroke AI Digital,Retail,Australia,6,2023-10-10 17:40:07,Starter,4,0,2,2,6,active,72.0,2023-10-10 17:40:07,,0.67,,12,878.66,73.22,800.55,78.11,0.0,2.0,0.0,0.0,5.0,55.4,1.0
517368,Inline Systems Technologies 1,Logistics,Germany,124,2023-05-19 13:12:29,Business,87,19,50,18,103,active,4532.0,2023-05-19 13:12:29,,0.84,,12,55317.75,4609.81,51080.22,4237.53,0.0,1.0,0.0,0.0,2.0,24.7,0.0
444888,Beacon Software Group,Education,France,88,2024-11-08 15:16:35,Growth,30,5,15,10,31,active,744.0,2024-11-08 15:16:35,,0.97,,12,8860.82,738.4,8860.82,0.0,0.0,6.0,1.0,0.0,4.8,45.46,1.0
794431,Lattice HQ Software,Financial Services,Germany,46,2024-08-05 10:14:44,Growth,13,1,10,2,18,active,432.0,2024-08-05 10:14:44,,0.72,,9,3917.88,435.32,2233.21,1249.92,434.75,5.0,2.0,0.0,5.0,36.25,1.0
440806,YieldMetrics Collective,Financial Services,Netherlands,19,2023-09-16 16:29:36,Starter,1,0,1,0,2,active,24.0,2023-09-16 16:29:36,,0.5,,9,218.95,24.33,218.95,0.0,0.0,4.0,0.0,0.0,4.33,42.07,1.0
449270,Gradient Labs Systems 2,Software,Netherlands,11,2023-08-19 15:56:31,Starter,7,0,4,3,8,active,96.0,2023-08-19 15:56:31,,0.88,,14,1319.45,94.25,1222.52,96.93,0.0,8.0,4.0,1.0,3.88,22.66,0.0
394508,StackBase,Software,Germany,21,2023-08-28 09:25:01,Starter,3,0,2,1,3,active,36.0,2023-08-28 09:25:01,,1.0,,16,580.8,36.3,430.1,114.01,0.0,4.0,0.0,0.0,4.25,26.5,0.0
170254,Unified Ops Labs 2,Manufacturing,India,27,2023-02-27 08:23:45,Growth,19,2,10,7,27,active,648.0,2023-02-27 08:23:45,,0.7,,8,5117.14,639.64,5117.14,0.0,0.0,5.0,1.0,0.0,4.0,65.33,2.0
983961,PipelineIO Industries 1,Software,India,64,2025-06-06 10:14:29,Growth,14,3,8,3,20,active,480.0,2025-06-06 10:14:29,,0.7,,9,4410.51,490.06,4410.51,0.0,0.0,5.0,0.0,0.0,5.0,48.58,0.0
143122,DataBridge Pro Works,Retail,France,24,2025-09-09 17:23:15,Starter,2,0,1,1,3,active,36.0,2025-09-09 17:23:15,,0.67,,17,596.2,35.07,484.76,71.2,40.24,3.0,0.0,0.0,4.67,63.77,0.0
970778,LaunchPad HQ Collective 1,Manufacturing,Japan,29,2024-11-13 12:14:19,Growth,19,0,9,10,25,active,600.0,2024-11-13 12:14:19,,0.76,,12,7063.83,588.65,5900.34,0.0,572.68,7.0,1.0,0.0,4.2,71.56,2.0
383211,Basecamp Analytics Technologies 1,Education,United States,56,2023-07-07 23:12:04,Growth,33,8,16,9,35,active,840.0,2023-07-07 23:12:04,,0.94,,16,13607.92,850.5,11168.82,1663.12,0.0,6.0,2.0,0.0,4.6,36.12,1.0
540382,Junction Cloud Software,Manufacturing,France,21,2025-06-02 13:23:17,Growth,14,3,6,5,21,active,504.0,2025-06-02 13:23:17,,0.67,,10,5005.78,500.58,4537.54,468.24,0.0,7.0,3.0,0.0,3.67,20.75,1.0
473143,StackBase Collective 1,Software,France,19,2023-08-24 21:55:35,Starter,8,0,7,1,9,active,108.0,2023-08-24 21:55:35,,0.89,,8,898.43,112.3,790.57,107.86,0.0,4.0,0.0,0.0,4.33,52.87,1.0
401402,Relay Systems Analytics,Retail,Canada,60,2024-01-03 17:30:54,Growth,9,2,4,3,10,active,240.0,2024-01-03 17:30:54,,0.9,,7,1622.98,231.85,1622.98,0.0,0.0,6.0,1.0,0.0,4.33,50.95,0.0
119727,TriggerPoint Collective 1,Financial Services,Netherlands,34,2023-02-27 16:47:39,Growth,10,2,7,1,13,active,312.0,2023-02-27 16:47:39,,0.77,,21,6628.03,315.62,6009.63,310.91,307.49,1.0,0.0,0.0,5.0,63.8,0.0
269555,Gradient Labs Digital,Retail,United Kingdom,110,2024-02-15 07:40:36,Growth,7,1,3,3,10,active,240.0,2024-02-15 07:40:36,,0.7,,12,2895.4,241.28,2672.77,222.63,0.0,3.0,1.0,0.0,4.67,69.17,0.0
250471,JetMetrics Analytics,Financial Services,Netherlands,21,2024-01-03 11:40:44,Starter,6,2,1,3,9,active,108.0,2024-01-03 11:40:44,,0.67,,16,1772.37,110.77,1455.0,0.0,101.79,3.0,0.0,1.0,4.0,26.9,0.0
105131,PipelineIO Labs 1,Financial Services,France,10,2023-04-20 11:04:44,Starter,2,1,1,0,3,active,36.0,2023-04-20 11:04:44,,0.67,,14,507.61,36.26,470.99,36.62,0.0,4.0,1.0,0.0,4.25,40.7,0.0
505397,DataBridge Pro Collective,Software,Canada,11,2024-07-25 08:26:33,Starter,6,0,6,0,9,trialing,108.0,2024-07-25 08:26:33,,0.67,,12,1291.38,107.62,954.42,336.96,0.0,4.0,1.0,0.0,2.5,22.25,0.0
155872,QueryForge Labs 1,Financial Services,India,62,2025-06-17 15:56:51,Growth,17,2,9,6,27,active,648.0,2025-06-17 15:56:51,,0.63,,9,5746.74,638.53,5746.74,0.0,0.0,,,,,,
850797,NexusOne Industries 1,Retail,Brazil,13,2024-04-19 13:42:58,Starter,5,2,2,1,7,active,84.0,2024-04-19 13:42:58,,0.71,,9,764.8,84.98,603.8,0.0,0.0,9.0,2.0,1.0,3.29,37.01,2.0
336415,GridLogic Analytics 1,Software,France,8,2024-10-06 07:33:30,Starter,3,1,2,0,5,trialing,60.0,2024-10-06 07:33:30,,0.6,,13,768.38,59.11,708.67,59.71,0.0,1.0,1.0,0.0,5.0,13.2,0.0
571416,Kinetic AI Digital,Financial Services,United Kingdom,54,2025-03-30 13:02:11,Growth,8,0,5,3,9,active,216.0,2025-03-30 13:02:11,,0.89,,18,3860.96,214.5,3436.19,0.0,424.77,3.0,0.0,0.0,4.0,36.5,1.0
832722,HubStack Technologies,Retail,United Kingdom,153,2025-07-04 12:40:13,Business,39,6,27,6,41,active,1804.0,2025-07-04 12:40:13,,0.95,,7,12137.85,1733.98,8724.68,3413.17,0.0,1.0,0.0,0.0,4.0,104.3,0.0
735377,GridLogic Group 1,Manufacturing,Canada,7,2023-11-19 15:54:38,Starter,1,0,1,0,2,past_due,24.0,2023-11-19 15:54:38,,0.5,,10,240.11,24.01,216.81,23.3,0.0,6.0,2.0,1.0,5.0,38.73,2.0
111936,HubStack Labs 1,Financial Services,Canada,80,2023-06-27 08:27:54,Growth,18,0,15,3,33,churned,792.0,2023-06-27 08:27:54,2024-10-15 08:27:54,0.55,476.0,11,8837.17,803.38,8020.19,816.98,0.0,2.0,0.0,1.0,4.5,10.95,0.0
112414,Momentum Tools,Financial Services,Germany,22,2023-02-18 19:20:29,Starter,2,0,2,0,3,active,36.0,2023-02-18 19:20:29,,0.67,,8,286.2,35.78,286.2,0.0,0.0,3.0,1.0,0.0,5.0,39.83,0.0
449827,HorizonSaaS Group,Healthcare,Canada,175,2025-05-13 10:18:27,Business,61,10,37,14,72,active,3168.0,2025-05-13 10:18:27,,0.85,,16,49816.44,3113.53,46936.81,2879.63,0.0,9.0,2.0,1.0,4.5,36.64,1.0
580725,CloudPeak Systems Collective 1,Education,Australia,18,2025-01-02 10:35:37,Starter,2,0,1,1,3,active,36.0,2025-01-02 10:35:37,,0.67,,14,499.75,35.7,426.84,36.37,36.54,2.0,2.0,0.0,4.5,17.85,0.0
212090,Keystroke AI Networks 1,Retail,France,36,2023-12-27 11:50:00,Growth,34,9,19,6,35,active,840.0,2023-12-27 11:50:00,,0.97,,15,12737.89,849.19,12737.89,0.0,0.0,3.0,1.0,1.0,4.33,28.9,0.0
283866,Omnisend Solutions,Software,Brazil,209,2024-06-16 09:08:15,Business,46,10,27,9,72,active,3168.0,2024-06-16 09:08:15,,0.64,,11,35394.32,3217.67,25570.67,0.0,3350.37,4.0,2.0,0.0,4.75,38.43,0.0
646915,NodeSync Analytics,Retail,Germany,63,2025-01-30 08:13:53,Growth,12,3,5,4,19,active,456.0,2025-01-30 08:13:53,,0.63,,5,2317.71,463.54,2317.71,0.0,0.0,3.0,0.0,0.0,3.33,46.63,0.0
647019,GridLogic Digital,Education,Brazil,34,2024-08-08 11:59:39,Growth,27,3,18,6,34,active,816.0,2024-08-08 11:59:39,,0.79,,18,14572.93,809.61,12076.61,798.16,819.09,1.0,0.0,0.0,1.0,34.5,0.0
171014,Basecamp Analytics Systems 1,Logistics,Australia,20,2025-02-04 06:52:38,Starter,2,0,2,0,3,active,36.0,2025-02-04 06:52:38,,0.67,,10,356.56,35.66,286.05,36.17,34.34,1.0,0.0,0.0,5.0,62.9,0.0
618342,Relay Systems Partners 1,Manufacturing,Canada,398,2023-05-26 11:43:41,Business,72,18,44,10,89,active,3916.0,2023-05-26 11:43:41,,0.81,,10,38196.16,3819.62,34609.98,0.0,0.0,1.0,1.0,0.0,,,1.0
289564,Catalyst CRM Networks,Retail,Australia,71,2025-02-05 08:29:55,Growth,7,1,4,2,12,active,288.0,2025-02-05 08:29:55,,0.58,,10,2822.04,282.2,2822.04,0.0,0.0,5.0,2.0,0.0,4.8,28.06,0.0
219926,PipelineIO Software 1,Education,India,159,2023-04-07 11:53:24,Business,57,15,30,12,77,active,3388.0,2023-04-07 11:53:24,,0.74,,16,56799.8,3549.99,43080.76,6898.04,0.0,6.0,2.0,0.0,4.83,31.1,0.0
574470,HorizonSaaS Software,Software,Japan,105,2023-03-26 08:08:55,Growth,12,3,7,2,18,active,432.0,2023-03-26 08:08:55,,0.67,,14,5942.08,424.43,5089.92,852.16,0.0,1.0,1.0,0.0,5.0,18.2,0.0
619995,Inline Systems Technologies,Logistics,United States,20,2025-09-06 15:08:29,Starter,2,0,2,0,3,active,36.0,2025-09-06 15:08:29,,0.67,,16,588.81,36.8,517.15,35.56,0.0,6.0,1.0,1.0,3.5,21.37,0.0
467235,FunnelSoft Group,Financial Services,Japan,10,2023-02-09 14:45:32,Starter,4,0,2,2,8,active,96.0,2023-02-09 14:45:32,,0.5,,8,758.4,94.8,758.4,0.0,0.0,3.0,0.0,0.0,5.0,36.45,1.0
112651,FlowState Solutions 1,Education,United States,3,2023-03-06 15:14:24,Starter,3,1,1,1,3,active,36.0,2023-03-06 15:14:24,,1.0,,9,323.5,35.94,323.5,0.0,0.0,2.0,1.0,0.0,4.5,49.7,0.0
881378,Omnisend Labs 2,Retail,Canada,7,2024-06-27 09:21:44,Starter,1,0,0,1,1,active,12.0,2024-06-27 09:21:44,,1.0,,10,122.01,12.2,96.91,12.3,12.8,4.0,0.0,0.0,3.25,53.53,0.0
574768,ZeroFriction Partners,Software,United Kingdom,86,2023-05-12 10:58:08,Growth,23,7,8,8,36,active,864.0,2023-05-12 10:58:08,,0.64,,16,13942.75,871.42,12188.86,1753.89,0.0,6.0,1.0,0.0,4.0,32.67,0.0
722037,Junction Cloud Collective,Financial Services,Australia,27,2023-01-04 09:38:09,Starter,9,3,4,2,12,active,144.0,2023-01-04 09:38:09,,0.75,,10,1445.36,144.54,1445.36,0.0,0.0,4.0,1.0,1.0,3.0,38.33,0.0
244780,Keystroke AI Works,Retail,Brazil,208,2023-12-18 17:49:57,Business,92,12,61,19,128,active,5632.0,2023-12-18 17:49:57,,0.72,,17,96680.56,5687.09,91336.13,5344.43,0.0,7.0,1.0,1.0,3.71,47.8,0.0
331536,WorksiteOS Group 1,Manufacturing,Australia,5,2024-10-26 13:14:46,Starter,4,0,3,1,5,churned,60.0,2024-10-26 13:14:46,2025-01-23 13:14:46,0.8,89.0,11,668.74,60.79,479.89,60.35,128.5,6.0,2.0,0.0,4.6,28.94,1.0
285164,NodeSync Networks,Healthcare,Canada,7,2025-05-23 12:35:48,Starter,6,2,4,0,7,active,84.0,2025-05-23 12:35:48,,0.86,,9,775.64,86.18,685.73,89.91,0.0,3.0,2.0,0.0,4.33,38.07,0.0
241202,Unified Ops Systems,Logistics,Netherlands,50,2024-04-29 12:06:25,Growth,37,10,21,6,42,active,1008.0,2024-04-29 12:06:25,,0.88,,12,11840.83,986.74,10945.76,895.07,0.0,6.0,2.0,1.0,4.4,19.24,1.0
740617,VaultStream Partners,Healthcare,Germany,151,2023-10-27 16:10:09,Business,25,3,18,4,40,active,1760.0,2023-10-27 16:10:09,,0.63,,9,16090.87,1787.87,16090.87,0.0,0.0,1.0,0.0,0.0,,,1.0
695829,GridLogic Networks,Manufacturing,Australia,4,2023-06-20 20:27:45,Starter,3,1,2,0,4,active,48.0,2023-06-20 20:27:45,,0.75,,19,901.53,47.45,901.53,0.0,0.0,5.0,1.0,0.0,3.5,36.68,1.0
775589,Axiom Labs Analytics 1,Software,Canada,35,2025-03-01 14:21:26,Growth,24,6,13,5,35,active,840.0,2025-03-01 14:21:26,,0.69,,12,9766.91,813.91,8019.37,823.13,0.0,4.0,1.0,0.0,4.0,54.27,1.0
407884,MeshWorks Technologies 1,Manufacturing,India,367,2024-06-09 08:06:00,Business,20,5,12,3,23,active,1012.0,2024-06-09 08:06:00,,0.87,,6,5824.75,970.79,5824.75,0.0,0.0,5.0,1.0,0.0,4.25,59.13,1.0
624539,Junction Cloud Analytics 1,Logistics,France,8,2024-04-13 21:26:41,Starter,2,0,2,0,3,active,36.0,2024-04-13 21:26:41,,0.67,,11,393.12,35.74,393.12,0.0,0.0,5.0,2.0,0.0,4.0,40.55,1.0
685576,TriggerPoint Digital,Education,Germany,43,2025-07-20 11:48:05,Growth,8,3,4,1,11,active,264.0,2025-07-20 11:48:05,,0.73,,10,2679.62,267.96,2404.71,0.0,0.0,7.0,0.0,0.0,3.83,67.32,1.0
819790,HorizonSaaS Works,Software,Germany,28,2025-01-21 09:18:23,Growth,18,3,8,7,27,active,648.0,2025-01-21 09:18:23,,0.67,,9,5833.98,648.22,5833.98,0.0,0.0,8.0,1.0,2.0,3.38,39.26,0.0
670699,Axiom Labs Networks,Logistics,Canada,71,2024-05-08 07:11:18,Growth,18,5,9,4,31,active,744.0,2024-05-08 07:11:18,,0.58,,9,6525.59,725.07,5108.23,1417.36,0.0,6.0,4.0,0.0,3.8,25.84,1.0
515718,LaunchPad HQ Technologies 1,Healthcare,Germany,34,2023-07-23 07:57:39,Growth,13,3,9,1,17,active,408.0,2023-07-23 07:57:39,,0.76,,13,5314.06,408.77,4544.49,0.0,381.17,12.0,2.0,0.0,4.36,52.9,1.0
207018,FlowState Partners 1,Manufacturing,Canada,3,2024-07-30 17:55:42,Starter,2,0,2,0,3,active,36.0,2024-07-30 17:55:42,,0.67,,5,174.07,34.81,174.07,0.0,0.0,10.0,2.0,0.0,3.9,26.83,0.0
830784,Unified Ops Systems 1,Healthcare,Netherlands,41,2024-09-28 15:50:43,Growth,19,4,12,3,22,past_due,528.0,2024-09-28 15:50:43,,0.86,,14,7485.35,534.67,7485.35,0.0,0.0,2.0,1.0,0.0,4.5,69.4,0.0
122331,InfraPoint Networks,Financial Services,India,8,2025-08-12 14:58:32,Starter,2,1,0,1,3,active,36.0,2025-08-12 14:58:32,,0.67,,13,459.76,35.37,425.06,34.7,0.0,8.0,2.0,1.0,3.75,28.03,0.0
979522,Omnisend Partners,Logistics,France,3,2024-06-07 13:45:38,Growth,3,1,1,1,3,trialing,72.0,2024-06-07 13:45:38,,1.0,,15,1087.92,72.53,872.31,144.08,0.0,7.0,1.0,0.0,3.67,79.95,1.0
577783,Xenon Analytics Partners,Healthcare,Germany,43,2025-05-05 09:24:35,Growth,19,5,11,3,30,active,720.0,2025-05-05 09:24:35,,0.63,,19,13906.64,731.93,13132.79,0.0,0.0,5.0,0.0,1.0,4.0,43.6,0.0
975101,Amplitude Corp Analytics 2,Financial Services,Japan,5,2025-01-18 13:19:52,Starter,3,0,2,1,5,active,60.0,2025-01-18 13:19:52,,0.6,,15,910.54,60.7,787.47,60.34,62.73,7.0,1.0,1.0,4.29,30.97,0.0
359578,DataBridge Pro Systems 2,Retail,India,15,2024-08-04 09:47:07,Starter,4,2,1,1,5,active,60.0,2024-08-04 09:47:07,,0.8,,9,532.84,59.2,532.84,0.0,0.0,7.0,1.0,0.0,3.86,58.66,0.0
873644,InfraPoint Works 2,Healthcare,Japan,45,2023-10-08 16:09:13,Growth,9,2,6,1,14,active,336.0,2023-10-08 16:09:13,,0.64,,12,4056.6,338.05,3730.13,326.47,0.0,3.0,1.0,0.0,4.67,33.03,0.0
498584,Basecamp Analytics Works,Software,Germany,11,2024-12-22 10:16:48,Starter,4,1,2,1,6,active,72.0,2024-12-22 10:16:48,,0.67,,17,1256.52,73.91,1026.27,230.25,0.0,1.0,0.0,1.0,2.0,3.0,0.0
210309,Keystroke AI Group 1,Manufacturing,France,3,2023-12-15 08:11:37,Starter,2,1,0,1,3,active,36.0,2023-12-15 08:11:37,,0.67,,11,401.33,36.48,361.89,0.0,0.0,7.0,2.0,0.0,3.86,26.31,0.0
279735,VaultStream Industries,Healthcare,France,9,2025-05-09 12:02:27,Starter,5,0,4,1,9,active,108.0,2025-05-09 12:02:27,,0.56,,8,851.92,106.49,851.92,0.0,0.0,5.0,2.0,0.0,4.25,13.8,1.0
985138,Xenon Analytics Software,Software,India,445,2024-06-12 18:54:54,Business,37,8,23,6,45,churned,1980.0,2024-06-12 18:54:54,2025-03-23 18:54:54,0.82,284.0,12,23930.39,1994.2,19733.3,4197.09,0.0,5.0,0.0,1.0,4.0,24.26,0.0
907406,MeshWorks Labs,Manufacturing,Brazil,5,2024-07-29 08:34:49,Starter,3,0,3,0,3,active,36.0,2024-07-29 08:34:49,,1.0,,12,429.34,35.78,391.36,37.98,0.0,5.0,3.0,0.0,4.67,17.5,2.0
567592,Xenon Analytics Analytics 2,Software,Netherlands,42,2023-02-26 08:29:33,Growth,19,2,8,9,33,churned,792.0,2023-02-26 08:29:33,2023-12-07 08:29:33,0.58,284.0,4,2996.04,749.01,1542.42,1453.62,0.0,11.0,0.0,0.0,4.5,73.19,1.0
386921,QueryForge Software,Software,Canada,78,2023-12-12 19:24:56,Business,45,5,29,11,62,active,2728.0,2023-12-12 19:24:56,,0.73,,11,30143.47,2740.32,30143.47,0.0,0.0,4.0,0.0,1.0,5.0,31.17,1.0
140197,Amplitude Corp Industries 1,Healthcare,Japan,312,2024-10-06 17:25:44,Business,21,5,14,2,38,active,1672.0,2024-10-06 17:25:44,,0.55,,13,21172.09,1628.62,17873.22,3298.87,0.0,3.0,0.0,0.0,3.0,27.87,0.0
129145,CloudPeak Systems Industries 1,Retail,Japan,35,2023-09-24 18:58:09,Growth,20,1,18,1,31,active,744.0,2023-09-24 18:58:09,,0.65,,13,9480.03,729.23,9480.03,0.0,0.0,5.0,1.0,0.0,4.2,19.84,0.0
870271,Gradient Labs Systems 1,Financial Services,France,18,2023-02-24 11:40:17,Starter,4,0,1,3,5,active,60.0,2023-02-24 11:40:17,,0.8,,11,654.36,59.49,476.49,56.05,0.0,6.0,0.0,0.0,4.33,35.93,0.0
784693,Xenon Analytics Partners 1,Healthcare,Netherlands,116,2023-01-28 07:43:35,Growth,11,5,4,2,12,active,288.0,2023-01-28 07:43:35,,0.92,,9,2589.76,287.75,2039.08,244.43,0.0,4.0,1.0,0.0,4.5,30.93,0.0
466834,DataBridge Pro Group 2,Retail,Australia,56,2024-08-15 08:15:54,Growth,22,4,14,4,28,active,672.0,2024-08-15 08:15:54,,0.79,,12,7944.91,662.08,7944.91,0.0,0.0,3.0,1.0,0.0,2.5,8.4,1.0
481016,Basecamp Analytics Group,Manufacturing,Germany,57,2025-03-21 11:47:32,Growth,25,4,18,3,30,active,720.0,2025-03-21 11:47:32,,0.83,,10,7449.86,744.99,5942.29,793.97,713.6,6.0,0.0,1.0,3.5,59.1,0.0
778013,Unified Ops Solutions 1,Retail,Netherlands,22,2023-11-23 13:11:54,Starter,6,0,4,2,9,active,108.0,2023-11-23 13:11:54,,0.67,,8,878.3,109.79,773.48,104.82,0.0,3.0,0.0,0.0,3.33,71.6,0.0
236797,Envoy Platforms Systems 1,Healthcare,Canada,20,2025-04-11 20:39:09,Starter,4,0,4,0,4,active,48.0,2025-04-11 20:39:09,,1.0,,12,555.25,46.27,509.81,45.44,0.0,3.0,0.0,0.0,5.0,49.1,0.0
761986,TriggerPoint Group,Logistics,India,122,2024-03-26 07:40:13,Business,51,11,32,8,77,active,3388.0,2024-03-26 07:40:13,,0.66,,13,44323.41,3409.49,37771.29,3313.69,0.0,3.0,0.0,1.0,3.0,28.57,0.0
468400,Kinetic AI Systems 1,Software,United Kingdom,131,2023-12-06 07:30:21,Business,67,14,44,9,110,past_due,4840.0,2023-12-06 07:30:21,,0.61,,19,92544.35,4870.76,77534.9,10023.17,4986.28,3.0,2.0,0.0,3.0,21.5,0.0
539755,MeshWorks Technologies,Retail,Japan,21,2025-04-12 06:16:09,Starter,1,0,0,1,2,active,24.0,2025-04-12 06:16:09,,0.5,,13,313.12,24.09,267.96,24.49,20.67,7.0,3.0,0.0,4.17,27.5,1.0
224336,Momentum Tools Labs 1,Financial Services,United Kingdom,3,2023-11-28 06:35:34,Starter,3,0,1,2,3,active,36.0,2023-11-28 06:35:34,,1.0,,9,323.84,35.98,284.88,38.96,0.0,3.0,1.0,1.0,3.33,13.07,0.0
723768,JetMetrics Solutions,Software,United States,32,2024-05-07 10:49:03,Growth,10,1,7,2,17,active,408.0,2024-05-07 10:49:03,,0.59,,17,6954.28,409.08,6954.28,0.0,0.0,4.0,0.0,0.0,4.0,96.45,0.0
943757,Catalyst CRM Partners,Financial Services,India,47,2024-11-03 13:50:37,Growth,13,2,7,4,16,active,384.0,2024-11-03 13:50:37,,0.81,,5,1953.97,390.79,1953.97,0.0,0.0,4.0,0.0,1.0,3.75,76.03,0.0
841724,Momentum Tools Digital 1,Healthcare,France,475,2024-09-04 17:01:38,Business,43,7,27,9,70,active,3080.0,2024-09-04 17:01:38,,0.61,,10,30152.81,3015.28,17995.41,2997.5,6029.9,4.0,2.0,1.0,3.5,11.83,0.0
554336,FlowState Industries 1,Logistics,Australia,16,2024-04-28 16:04:30,Starter,2,0,1,1,3,active,36.0,2024-04-28 16:04:30,,0.67,,15,547.86,36.52,509.24,38.62,0.0,5.0,1.0,0.0,4.4,40.52,0.0
746335,Inline Systems Industries 1,Software,Canada,4,2025-08-02 03:39:16,Starter,3,0,1,2,4,active,48.0,2025-08-02 03:39:16,,0.75,,9,442.84,49.2,348.37,94.47,0.0,7.0,1.0,0.0,3.57,40.91,0.0
961826,FunnelSoft Digital,Retail,United States,14,2024-02-19 10:12:48,Starter,6,0,5,1,6,active,72.0,2024-02-19 10:12:48,,1.0,,12,828.27,69.02,624.19,136.14,0.0,5.0,1.0,0.0,3.2,37.44,0.0
504637,InfraPoint Digital 1,Software,United States,6,2024-04-06 07:50:07,Starter,2,0,2,0,4,active,48.0,2024-04-06 07:50:07,,0.5,,10,484.62,48.46,484.62,0.0,0.0,4.0,2.0,0.0,3.67,39.47,1.0
712131,Kinetic AI Software 1,Financial Services,India,96,2024-03-25 15:02:51,Growth,37,8,24,5,41,active,984.0,2024-03-25 15:02:51,,0.9,,9,8999.68,999.96,8084.35,915.33,0.0,2.0,0.0,1.0,4.5,37.0,0.0
722460,Beacon Software Software,Manufacturing,United States,5,2023-09-03 13:15:51,Starter,5,2,2,1,5,active,60.0,2023-09-03 13:15:51,,1.0,,9,529.02,58.78,410.71,0.0,55.25,5.0,0.0,1.0,4.0,42.94,0.0
486582,Inline Systems Digital,Manufacturing,Germany,8,2024-06-20 11:52:52,Starter,4,2,2,0,6,churned,72.0,2024-06-20 11:52:52,2025-11-30 11:52:52,0.67,528.0,15,1070.56,71.37,772.61,0.0,73.97,2.0,0.0,0.0,,,2.0
759736,NexusOne Labs,Manufacturing,Canada,82,2024-07-22 22:58:49,Growth,16,2,10,4,21,active,504.0,2024-07-22 22:58:49,,0.76,,18,9032.74,501.82,9032.74,0.0,0.0,6.0,2.0,1.0,3.67,20.85,0.0
110861,Deployly Collective,Retail,Canada,13,2024-06-28 08:43:25,Starter,5,1,3,1,6,active,72.0,2024-06-28 08:43:25,,0.83,,13,897.16,69.01,692.85,134.04,0.0,2.0,0.0,0.0,5.0,45.9,0.0
320794,QueryForge Technologies 1,Financial Services,India,6,2024-02-16 16:54:58,Starter,5,1,2,2,5,active,60.0,2024-02-16 16:54:58,,1.0,,16,985.33,61.58,865.44,0.0,119.89,6.0,0.0,0.0,4.67,66.07,0.0
490866,Catalyst CRM Industries 1,Education,Germany,64,2023-03-19 11:09:11,Growth,11,5,6,0,15,churned,360.0,2023-03-19 11:09:11,2023-10-09 11:09:11,0.73,204.0,12,4336.72,361.39,4336.72,0.0,0.0,5.0,1.0,0.0,4.75,74.6,1.0
959623,VaultStream Networks,Retail,India,22,2023-04-29 15:17:08,Starter,5,1,3,1,6,active,72.0,2023-04-29 15:17:08,,0.83,,11,798.96,72.63,649.19,0.0,76.56,4.0,0.0,0.0,3.5,48.45,0.0
